# Blender 4.1.1
# www.blender.org
mtllib szachownica.mtl
o Plane.001
v -7.965760 -0.056089 7.965753
v -6.034232 -0.056089 7.965753
v -7.965760 -0.056089 6.034224
v -6.034232 -0.056089 6.034224
v -7.965760 0.042608 7.965753
v -6.034232 0.042608 7.965753
v -7.965760 0.042608 6.034224
v -6.034232 0.042608 6.034224
v -8.100004 0.042608 8.100000
v -6.000000 0.042608 8.100000
v -8.100000 0.042608 5.999988
v -5.999997 0.042608 5.999988
v -5.965761 -0.056089 7.965753
v -4.034232 -0.056089 7.965753
v -5.965761 -0.056089 6.034224
v -4.034232 -0.056089 6.034224
v -5.965761 0.042608 7.965753
v -4.034232 0.042608 7.965753
v -5.965761 0.042608 6.034224
v -4.034232 0.042608 6.034224
v -4.000000 0.042608 8.100000
v -3.999996 0.042608 5.999988
v -3.965760 -0.056089 7.965753
v -2.034232 -0.056089 7.965753
v -3.965760 -0.056089 6.034224
v -2.034232 -0.056089 6.034224
v -3.965760 0.042608 7.965753
v -2.034232 0.042608 7.965753
v -3.965760 0.042608 6.034224
v -2.034232 0.042608 6.034224
v -2.000000 0.042608 8.100000
v -1.999996 0.042608 5.999988
v -1.965760 -0.056089 7.965753
v -0.034232 -0.056089 7.965753
v -1.965760 -0.056089 6.034224
v -0.034232 -0.056089 6.034224
v -1.965760 0.042608 7.965753
v -0.034232 0.042608 7.965753
v -1.965760 0.042608 6.034224
v -0.034232 0.042608 6.034224
v 0.000000 0.042608 8.100000
v 0.000004 0.042608 5.999988
v 0.034240 -0.056089 7.965753
v 1.965768 -0.056089 7.965753
v 0.034240 -0.056089 6.034224
v 1.965768 -0.056089 6.034224
v 0.034240 0.042608 7.965753
v 1.965768 0.042608 7.965753
v 0.034240 0.042608 6.034224
v 1.965768 0.042608 6.034224
v 2.000000 0.042608 8.100000
v 2.000004 0.042608 5.999988
v 2.034240 -0.056089 7.965753
v 3.965768 -0.056089 7.965753
v 2.034240 -0.056089 6.034224
v 3.965768 -0.056089 6.034224
v 2.034240 0.042608 7.965753
v 3.965768 0.042608 7.965753
v 2.034240 0.042608 6.034224
v 3.965768 0.042608 6.034224
v 4.000000 0.042608 8.100000
v 4.000003 0.042608 5.999988
v 4.034240 -0.056089 7.965753
v 5.965768 -0.056089 7.965753
v 4.034240 -0.056089 6.034224
v 5.965768 -0.056089 6.034224
v 4.034240 0.042608 7.965753
v 5.965768 0.042608 7.965753
v 4.034240 0.042608 6.034224
v 5.965768 0.042608 6.034224
v 6.000000 0.042608 8.100000
v 6.000004 0.042608 5.999988
v 6.034240 -0.056089 7.965753
v 7.965767 -0.056089 7.965753
v 6.034240 -0.056089 6.034224
v 7.965767 -0.056089 6.034224
v 6.034240 0.042608 7.965753
v 7.965767 0.042608 7.965753
v 6.034240 0.042608 6.034224
v 7.965767 0.042608 6.034224
v 8.100000 0.042608 8.100000
v 8.100000 0.042608 5.999988
v -7.965760 -0.056089 5.965752
v -6.034232 -0.056089 5.965752
v -7.965760 -0.056089 4.034224
v -6.034232 -0.056089 4.034224
v -7.965760 0.042608 5.965752
v -6.034232 0.042608 5.965752
v -7.965760 0.042608 4.034224
v -6.034232 0.042608 4.034224
v -8.100000 0.042608 3.999988
v -5.999997 0.042608 3.999988
v -5.965761 -0.056089 5.965752
v -4.034232 -0.056089 5.965752
v -5.965761 -0.056089 4.034224
v -4.034232 -0.056089 4.034224
v -5.965761 0.042608 5.965752
v -4.034232 0.042608 5.965752
v -5.965761 0.042608 4.034224
v -4.034232 0.042608 4.034224
v -3.999996 0.042608 3.999988
v -3.965760 -0.056089 5.965752
v -2.034232 -0.056089 5.965752
v -3.965760 -0.056089 4.034224
v -2.034232 -0.056089 4.034224
v -3.965760 0.042608 5.965752
v -2.034232 0.042608 5.965752
v -3.965760 0.042608 4.034224
v -2.034232 0.042608 4.034224
v -1.999996 0.042608 3.999988
v -1.965760 -0.056089 5.965752
v -0.034232 -0.056089 5.965752
v -1.965760 -0.056089 4.034224
v -0.034232 -0.056089 4.034224
v -1.965760 0.042608 5.965752
v -0.034232 0.042608 5.965752
v -1.965760 0.042608 4.034224
v -0.034232 0.042608 4.034224
v 0.000004 0.042608 3.999988
v 0.034240 -0.056089 5.965752
v 1.965768 -0.056089 5.965752
v 0.034240 -0.056089 4.034224
v 1.965768 -0.056089 4.034224
v 0.034240 0.042608 5.965752
v 1.965768 0.042608 5.965752
v 0.034240 0.042608 4.034224
v 1.965768 0.042608 4.034224
v 2.000004 0.042608 3.999988
v 2.034240 -0.056089 5.965752
v 3.965768 -0.056089 5.965752
v 2.034240 -0.056089 4.034224
v 3.965768 -0.056089 4.034224
v 2.034240 0.042608 5.965752
v 3.965768 0.042608 5.965752
v 2.034240 0.042608 4.034224
v 3.965768 0.042608 4.034224
v 4.000003 0.042608 3.999988
v 4.034240 -0.056089 5.965752
v 5.965768 -0.056089 5.965752
v 4.034240 -0.056089 4.034224
v 5.965768 -0.056089 4.034224
v 4.034240 0.042608 5.965752
v 5.965768 0.042608 5.965752
v 4.034240 0.042608 4.034224
v 5.965768 0.042608 4.034224
v 6.000004 0.042608 3.999988
v 6.034240 -0.056089 5.965752
v 7.965767 -0.056089 5.965752
v 6.034240 -0.056089 4.034224
v 7.965767 -0.056089 4.034224
v 6.034240 0.042608 5.965752
v 7.965767 0.042608 5.965752
v 6.034240 0.042608 4.034224
v 7.965767 0.042608 4.034224
v 8.100000 0.042608 3.999988
v -7.965760 -0.056089 3.965752
v -6.034232 -0.056089 3.965752
v -7.965760 -0.056089 2.034224
v -6.034232 -0.056089 2.034224
v -7.965760 0.042608 3.965752
v -6.034232 0.042608 3.965752
v -7.965760 0.042608 2.034224
v -6.034232 0.042608 2.034224
v -8.100000 0.042608 1.999988
v -5.999997 0.042608 1.999988
v -5.965761 -0.056089 3.965752
v -4.034232 -0.056089 3.965752
v -5.965761 -0.056089 2.034224
v -4.034232 -0.056089 2.034224
v -5.965761 0.042608 3.965752
v -4.034232 0.042608 3.965752
v -5.965761 0.042608 2.034224
v -4.034232 0.042608 2.034224
v -3.999996 0.042608 1.999988
v -3.965760 -0.056089 3.965752
v -2.034232 -0.056089 3.965752
v -3.965760 -0.056089 2.034224
v -2.034232 -0.056089 2.034224
v -3.965760 0.042608 3.965752
v -2.034232 0.042608 3.965752
v -3.965760 0.042608 2.034224
v -2.034232 0.042608 2.034224
v -1.999996 0.042608 1.999988
v -1.965760 -0.056089 3.965752
v -0.034232 -0.056089 3.965752
v -1.965760 -0.056089 2.034224
v -0.034232 -0.056089 2.034224
v -1.965760 0.042608 3.965752
v -0.034232 0.042608 3.965752
v -1.965760 0.042608 2.034224
v -0.034232 0.042608 2.034224
v 0.000004 0.042608 1.999988
v 0.034240 -0.056089 3.965752
v 1.965768 -0.056089 3.965752
v 0.034240 -0.056089 2.034224
v 1.965768 -0.056089 2.034224
v 0.034240 0.042608 3.965752
v 1.965768 0.042608 3.965752
v 0.034240 0.042608 2.034224
v 1.965768 0.042608 2.034224
v 2.000004 0.042608 1.999988
v 2.034240 -0.056089 3.965752
v 3.965768 -0.056089 3.965752
v 2.034240 -0.056089 2.034224
v 3.965768 -0.056089 2.034224
v 2.034240 0.042608 3.965752
v 3.965768 0.042608 3.965752
v 2.034240 0.042608 2.034224
v 3.965768 0.042608 2.034224
v 4.000003 0.042608 1.999988
v 4.034240 -0.056089 3.965752
v 5.965768 -0.056089 3.965752
v 4.034240 -0.056089 2.034224
v 5.965768 -0.056089 2.034224
v 4.034240 0.042608 3.965752
v 5.965768 0.042608 3.965752
v 4.034240 0.042608 2.034224
v 5.965768 0.042608 2.034224
v 6.000004 0.042608 1.999988
v 6.034240 -0.056089 3.965752
v 7.965767 -0.056089 3.965752
v 6.034240 -0.056089 2.034224
v 7.965767 -0.056089 2.034224
v 6.034240 0.042608 3.965752
v 7.965767 0.042608 3.965752
v 6.034240 0.042608 2.034224
v 7.965767 0.042608 2.034224
v 8.100000 0.042608 1.999988
v -7.965760 -0.056089 1.965752
v -6.034232 -0.056089 1.965752
v -7.965760 -0.056089 0.034224
v -6.034232 -0.056089 0.034224
v -7.965760 0.042608 1.965752
v -6.034232 0.042608 1.965752
v -7.965760 0.042608 0.034224
v -6.034232 0.042608 0.034224
v -8.100000 0.042608 -0.000012
v -5.999997 0.042608 -0.000012
v -5.965761 -0.056089 1.965752
v -4.034232 -0.056089 1.965752
v -5.965761 -0.056089 0.034224
v -4.034232 -0.056089 0.034224
v -5.965761 0.042608 1.965752
v -4.034232 0.042608 1.965752
v -5.965761 0.042608 0.034224
v -4.034232 0.042608 0.034224
v -3.999996 0.042608 -0.000012
v -3.965760 -0.056089 1.965752
v -2.034232 -0.056089 1.965752
v -3.965760 -0.056089 0.034224
v -2.034232 -0.056089 0.034224
v -3.965760 0.042608 1.965752
v -2.034232 0.042608 1.965752
v -3.965760 0.042608 0.034224
v -2.034232 0.042608 0.034224
v -1.999996 0.042608 -0.000012
v -1.965760 -0.056089 1.965752
v -0.034232 -0.056089 1.965752
v -1.965760 -0.056089 0.034224
v -0.034232 -0.056089 0.034224
v -1.965760 0.042608 1.965752
v -0.034232 0.042608 1.965752
v -1.965760 0.042608 0.034224
v -0.034232 0.042608 0.034224
v 0.000004 0.042608 -0.000012
v 0.034240 -0.056089 1.965752
v 1.965768 -0.056089 1.965752
v 0.034240 -0.056089 0.034224
v 1.965768 -0.056089 0.034224
v 0.034240 0.042608 1.965752
v 1.965768 0.042608 1.965752
v 0.034240 0.042608 0.034224
v 1.965768 0.042608 0.034224
v 2.000004 0.042608 -0.000012
v 2.034240 -0.056089 1.965752
v 3.965768 -0.056089 1.965752
v 2.034240 -0.056089 0.034224
v 3.965768 -0.056089 0.034224
v 2.034240 0.042608 1.965752
v 3.965768 0.042608 1.965752
v 2.034240 0.042608 0.034224
v 3.965768 0.042608 0.034224
v 4.000003 0.042608 -0.000012
v 4.034240 -0.056089 1.965752
v 5.965768 -0.056089 1.965752
v 4.034240 -0.056089 0.034224
v 5.965768 -0.056089 0.034224
v 4.034240 0.042608 1.965752
v 5.965768 0.042608 1.965752
v 4.034240 0.042608 0.034224
v 5.965768 0.042608 0.034224
v 6.000004 0.042608 -0.000012
v 6.034240 -0.056089 1.965752
v 7.965767 -0.056089 1.965752
v 6.034240 -0.056089 0.034224
v 7.965767 -0.056089 0.034224
v 6.034240 0.042608 1.965752
v 7.965767 0.042608 1.965752
v 6.034240 0.042608 0.034224
v 7.965767 0.042608 0.034224
v 8.100000 0.042608 -0.000012
v -7.965760 -0.056089 -0.034248
v -6.034232 -0.056089 -0.034248
v -7.965760 -0.056089 -1.965776
v -6.034232 -0.056089 -1.965776
v -7.965760 0.042608 -0.034248
v -6.034232 0.042608 -0.034248
v -7.965760 0.042608 -1.965776
v -6.034232 0.042608 -1.965776
v -8.100000 0.042608 -2.000012
v -5.999997 0.042608 -2.000012
v -5.965761 -0.056089 -0.034248
v -4.034232 -0.056089 -0.034248
v -5.965761 -0.056089 -1.965776
v -4.034232 -0.056089 -1.965776
v -5.965761 0.042608 -0.034248
v -4.034232 0.042608 -0.034248
v -5.965761 0.042608 -1.965776
v -4.034232 0.042608 -1.965776
v -3.999996 0.042608 -2.000012
v -3.965760 -0.056089 -0.034248
v -2.034232 -0.056089 -0.034248
v -3.965760 -0.056089 -1.965776
v -2.034232 -0.056089 -1.965776
v -3.965760 0.042608 -0.034248
v -2.034232 0.042608 -0.034248
v -3.965760 0.042608 -1.965776
v -2.034232 0.042608 -1.965776
v -1.999996 0.042608 -2.000012
v -1.965760 -0.056089 -0.034248
v -0.034232 -0.056089 -0.034248
v -1.965760 -0.056089 -1.965776
v -0.034232 -0.056089 -1.965776
v -1.965760 0.042608 -0.034248
v -0.034232 0.042608 -0.034248
v -1.965760 0.042608 -1.965776
v -0.034232 0.042608 -1.965776
v 0.000004 0.042608 -2.000012
v 0.034240 -0.056089 -0.034248
v 1.965768 -0.056089 -0.034248
v 0.034240 -0.056089 -1.965776
v 1.965768 -0.056089 -1.965776
v 0.034240 0.042608 -0.034248
v 1.965768 0.042608 -0.034248
v 0.034240 0.042608 -1.965776
v 1.965768 0.042608 -1.965776
v 2.000004 0.042608 -2.000012
v 2.034240 -0.056089 -0.034248
v 3.965768 -0.056089 -0.034248
v 2.034240 -0.056089 -1.965776
v 3.965768 -0.056089 -1.965776
v 2.034240 0.042608 -0.034248
v 3.965768 0.042608 -0.034248
v 2.034240 0.042608 -1.965776
v 3.965768 0.042608 -1.965776
v 4.000003 0.042608 -2.000012
v 4.034240 -0.056089 -0.034248
v 5.965768 -0.056089 -0.034248
v 4.034240 -0.056089 -1.965776
v 5.965768 -0.056089 -1.965776
v 4.034240 0.042608 -0.034248
v 5.965768 0.042608 -0.034248
v 4.034240 0.042608 -1.965776
v 5.965768 0.042608 -1.965776
v 6.000004 0.042608 -2.000012
v 6.034240 -0.056089 -0.034248
v 7.965767 -0.056089 -0.034248
v 6.034240 -0.056089 -1.965776
v 7.965767 -0.056089 -1.965776
v 6.034240 0.042608 -0.034248
v 7.965767 0.042608 -0.034248
v 6.034240 0.042608 -1.965776
v 7.965767 0.042608 -1.965776
v 8.100000 0.042608 -2.000012
v -7.965760 -0.056089 -2.034248
v -6.034232 -0.056089 -2.034248
v -7.965760 -0.056089 -3.965776
v -6.034232 -0.056089 -3.965776
v -7.965760 0.042608 -2.034248
v -6.034232 0.042608 -2.034248
v -7.965760 0.042608 -3.965776
v -6.034232 0.042608 -3.965776
v -8.100000 0.042608 -4.000011
v -5.999997 0.042608 -4.000011
v -5.965761 -0.056089 -2.034248
v -4.034232 -0.056089 -2.034248
v -5.965761 -0.056089 -3.965776
v -4.034232 -0.056089 -3.965776
v -5.965761 0.042608 -2.034248
v -4.034232 0.042608 -2.034248
v -5.965761 0.042608 -3.965776
v -4.034232 0.042608 -3.965776
v -3.999996 0.042608 -4.000011
v -3.965760 -0.056089 -2.034248
v -2.034232 -0.056089 -2.034248
v -3.965760 -0.056089 -3.965776
v -2.034232 -0.056089 -3.965776
v -3.965760 0.042608 -2.034248
v -2.034232 0.042608 -2.034248
v -3.965760 0.042608 -3.965776
v -2.034232 0.042608 -3.965776
v -1.999996 0.042608 -4.000011
v -1.965760 -0.056089 -2.034248
v -0.034232 -0.056089 -2.034248
v -1.965760 -0.056089 -3.965776
v -0.034232 -0.056089 -3.965776
v -1.965760 0.042608 -2.034248
v -0.034232 0.042608 -2.034248
v -1.965760 0.042608 -3.965776
v -0.034232 0.042608 -3.965776
v 0.000004 0.042608 -4.000011
v 0.034240 -0.056089 -2.034248
v 1.965768 -0.056089 -2.034248
v 0.034240 -0.056089 -3.965776
v 1.965768 -0.056089 -3.965776
v 0.034240 0.042608 -2.034248
v 1.965768 0.042608 -2.034248
v 0.034240 0.042608 -3.965776
v 1.965768 0.042608 -3.965776
v 2.000004 0.042608 -4.000011
v 2.034240 -0.056089 -2.034248
v 3.965768 -0.056089 -2.034248
v 2.034240 -0.056089 -3.965776
v 3.965768 -0.056089 -3.965776
v 2.034240 0.042608 -2.034248
v 3.965768 0.042608 -2.034248
v 2.034240 0.042608 -3.965776
v 3.965768 0.042608 -3.965776
v 4.000003 0.042608 -4.000011
v 4.034240 -0.056089 -2.034248
v 5.965768 -0.056089 -2.034248
v 4.034240 -0.056089 -3.965776
v 5.965768 -0.056089 -3.965776
v 4.034240 0.042608 -2.034248
v 5.965768 0.042608 -2.034248
v 4.034240 0.042608 -3.965776
v 5.965768 0.042608 -3.965776
v 6.000004 0.042608 -4.000011
v 6.034240 -0.056089 -2.034248
v 7.965767 -0.056089 -2.034248
v 6.034240 -0.056089 -3.965776
v 7.965767 -0.056089 -3.965776
v 6.034240 0.042608 -2.034248
v 7.965767 0.042608 -2.034248
v 6.034240 0.042608 -3.965776
v 7.965767 0.042608 -3.965776
v 8.100000 0.042608 -4.000011
v -7.965760 -0.056089 -4.034248
v -6.034232 -0.056089 -4.034248
v -7.965760 -0.056089 -5.965776
v -6.034232 -0.056089 -5.965776
v -7.965760 0.042608 -4.034248
v -6.034232 0.042608 -4.034248
v -7.965760 0.042608 -5.965776
v -6.034232 0.042608 -5.965776
v -8.100000 0.042608 -6.000012
v -5.999997 0.042608 -6.000012
v -5.965761 -0.056089 -4.034248
v -4.034232 -0.056089 -4.034248
v -5.965761 -0.056089 -5.965776
v -4.034232 -0.056089 -5.965776
v -5.965761 0.042608 -4.034248
v -4.034232 0.042608 -4.034248
v -5.965761 0.042608 -5.965776
v -4.034232 0.042608 -5.965776
v -3.999996 0.042608 -6.000012
v -3.965760 -0.056089 -4.034248
v -2.034232 -0.056089 -4.034248
v -3.965760 -0.056089 -5.965776
v -2.034232 -0.056089 -5.965776
v -3.965760 0.042608 -4.034248
v -2.034232 0.042608 -4.034248
v -3.965760 0.042608 -5.965776
v -2.034232 0.042608 -5.965776
v -1.999996 0.042608 -6.000012
v -1.965760 -0.056089 -4.034248
v -0.034232 -0.056089 -4.034248
v -1.965760 -0.056089 -5.965776
v -0.034232 -0.056089 -5.965776
v -1.965760 0.042608 -4.034248
v -0.034232 0.042608 -4.034248
v -1.965760 0.042608 -5.965776
v -0.034232 0.042608 -5.965776
v 0.000004 0.042608 -6.000012
v 0.034240 -0.056089 -4.034248
v 1.965768 -0.056089 -4.034248
v 0.034240 -0.056089 -5.965776
v 1.965768 -0.056089 -5.965776
v 0.034240 0.042608 -4.034248
v 1.965768 0.042608 -4.034248
v 0.034240 0.042608 -5.965776
v 1.965768 0.042608 -5.965776
v 2.000004 0.042608 -6.000012
v 2.034240 -0.056089 -4.034248
v 3.965768 -0.056089 -4.034248
v 2.034240 -0.056089 -5.965776
v 3.965768 -0.056089 -5.965776
v 2.034240 0.042608 -4.034248
v 3.965768 0.042608 -4.034248
v 2.034240 0.042608 -5.965776
v 3.965768 0.042608 -5.965776
v 4.000003 0.042608 -6.000012
v 4.034240 -0.056089 -4.034248
v 5.965768 -0.056089 -4.034248
v 4.034240 -0.056089 -5.965776
v 5.965768 -0.056089 -5.965776
v 4.034240 0.042608 -4.034248
v 5.965768 0.042608 -4.034248
v 4.034240 0.042608 -5.965776
v 5.965768 0.042608 -5.965776
v 6.000004 0.042608 -6.000012
v 6.034240 -0.056089 -4.034248
v 7.965767 -0.056089 -4.034248
v 6.034240 -0.056089 -5.965776
v 7.965767 -0.056089 -5.965776
v 6.034240 0.042608 -4.034248
v 7.965767 0.042608 -4.034248
v 6.034240 0.042608 -5.965776
v 7.965767 0.042608 -5.965776
v 8.100000 0.042608 -6.000012
v -7.965760 -0.056089 -6.034248
v -6.034232 -0.056089 -6.034248
v -7.965760 -0.056089 -7.965777
v -6.034232 -0.056089 -7.965777
v -7.965760 0.042608 -6.034248
v -6.034232 0.042608 -6.034248
v -7.965760 0.042608 -7.965777
v -6.034232 0.042608 -7.965777
v -8.100000 0.042608 -8.100000
v -5.999997 0.042608 -8.100000
v -5.965761 -0.056089 -6.034248
v -4.034232 -0.056089 -6.034248
v -5.965761 -0.056089 -7.965777
v -4.034232 -0.056089 -7.965777
v -5.965761 0.042608 -6.034248
v -4.034232 0.042608 -6.034248
v -5.965761 0.042608 -7.965777
v -4.034232 0.042608 -7.965777
v -3.999996 0.042608 -8.100000
v -3.965760 -0.056089 -6.034248
v -2.034232 -0.056089 -6.034248
v -3.965760 -0.056089 -7.965777
v -2.034232 -0.056089 -7.965777
v -3.965760 0.042608 -6.034248
v -2.034232 0.042608 -6.034248
v -3.965760 0.042608 -7.965777
v -2.034232 0.042608 -7.965777
v -1.999996 0.042608 -8.100000
v -1.965760 -0.056089 -6.034248
v -0.034232 -0.056089 -6.034248
v -1.965760 -0.056089 -7.965777
v -0.034232 -0.056089 -7.965777
v -1.965760 0.042608 -6.034248
v -0.034232 0.042608 -6.034248
v -1.965760 0.042608 -7.965777
v -0.034232 0.042608 -7.965777
v 0.000004 0.042608 -8.100000
v 0.034240 -0.056089 -6.034248
v 1.965768 -0.056089 -6.034248
v 0.034240 -0.056089 -7.965777
v 1.965768 -0.056089 -7.965777
v 0.034240 0.042608 -6.034248
v 1.965768 0.042608 -6.034248
v 0.034240 0.042608 -7.965777
v 1.965768 0.042608 -7.965777
v 2.000004 0.042608 -8.100000
v 2.034240 -0.056089 -6.034248
v 3.965768 -0.056089 -6.034248
v 2.034240 -0.056089 -7.965777
v 3.965768 -0.056089 -7.965777
v 2.034240 0.042608 -6.034248
v 3.965768 0.042608 -6.034248
v 2.034240 0.042608 -7.965777
v 3.965768 0.042608 -7.965777
v 4.000003 0.042608 -8.100000
v 4.034240 -0.056089 -6.034248
v 5.965768 -0.056089 -6.034248
v 4.034240 -0.056089 -7.965777
v 5.965768 -0.056089 -7.965777
v 4.034240 0.042608 -6.034248
v 5.965768 0.042608 -6.034248
v 4.034240 0.042608 -7.965777
v 5.965768 0.042608 -7.965777
v 6.000004 0.042608 -8.100000
v 6.034240 -0.056089 -6.034248
v 7.965767 -0.056089 -6.034248
v 6.034240 -0.056089 -7.965777
v 7.965767 -0.056089 -7.965777
v 6.034240 0.042608 -6.034248
v 7.965767 0.042608 -6.034248
v 6.034240 0.042608 -7.965777
v 7.965767 0.042608 -7.965777
v 8.100000 0.042608 -8.100000
v 12.000002 0.042608 8.099990
v 12.000002 0.042608 5.999988
v 12.000002 0.042608 3.999988
v 12.000002 0.042608 1.999988
v 12.000002 0.042608 -0.000012
v 12.000002 0.042608 -2.000012
v 12.000002 0.042608 -4.000011
v 12.000002 0.042608 -6.000012
v 12.000002 0.042608 -8.100016
v -11.999999 0.042608 8.099990
v -11.999999 0.042608 5.999988
v -11.999999 0.042608 3.999988
v -11.999999 0.042608 1.999988
v -11.999999 0.042608 -0.000012
v -11.999999 0.042608 -2.000012
v -11.999999 0.042608 -4.000011
v -11.999999 0.042608 -6.000012
v -11.999999 0.042608 -8.100016
v -8.100002 0.042608 12.000001
v -6.000000 0.042608 12.000001
v -4.000000 0.042608 12.000001
v -2.000000 0.042608 12.000001
v 0.000000 0.042608 12.000001
v 2.000001 0.042608 12.000001
v 4.000000 0.042608 12.000001
v 6.000001 0.042608 12.000001
v 8.099998 0.042608 12.000001
v 11.999998 0.042608 12.000001
v -12.000003 0.042608 12.000001
v -8.099998 0.042608 -11.999999
v -5.999997 0.042608 -11.999999
v -3.999996 0.042608 -11.999999
v -1.999996 0.042608 -11.999999
v 0.000004 0.042608 -11.999999
v 2.000004 0.042608 -11.999999
v 4.000003 0.042608 -11.999999
v 6.000004 0.042608 -11.999999
v 8.100002 0.042608 -11.999999
v 12.000002 0.042608 -11.999999
v -11.999999 0.042608 -11.999999
v 12.000002 -1.000000 8.099990
v 12.000002 -1.000000 5.999988
v 12.000002 -1.000000 3.999988
v 12.000002 -1.000000 1.999988
v 12.000002 -1.000000 -0.000012
v 12.000002 -1.000000 -2.000012
v 12.000002 -1.000000 -4.000011
v 12.000002 -1.000000 -6.000012
v 12.000002 -1.000000 -8.100016
v -11.999999 -1.000000 8.099990
v -11.999999 -1.000000 5.999988
v -11.999999 -1.000000 3.999988
v -11.999999 -1.000000 1.999988
v -11.999999 -1.000000 -0.000012
v -11.999999 -1.000000 -2.000012
v -11.999999 -1.000000 -4.000011
v -11.999999 -1.000000 -6.000012
v -11.999999 -1.000000 -8.100016
v -8.100002 -1.000000 12.000001
v -6.000000 -1.000000 12.000001
v -4.000000 -1.000000 12.000001
v -2.000000 -1.000000 12.000001
v 0.000000 -1.000000 12.000001
v 2.000001 -1.000000 12.000001
v 4.000000 -1.000000 12.000001
v 6.000001 -1.000000 12.000001
v 8.099998 -1.000000 12.000001
v 11.999998 -1.000000 12.000001
v -12.000003 -1.000000 12.000001
v -8.099998 -1.000000 -11.999999
v -5.999997 -1.000000 -11.999999
v -3.999996 -1.000000 -11.999999
v -1.999996 -1.000000 -11.999999
v 0.000004 -1.000000 -11.999999
v 2.000004 -1.000000 -11.999999
v 4.000003 -1.000000 -11.999999
v 6.000004 -1.000000 -11.999999
v 8.100001 -1.000000 -11.999999
v 12.000002 -1.000000 -11.999999
v -11.999999 -1.000000 -11.999999
v -8.100002 -1.000000 8.100003
v -8.100001 -1.000000 6.000000
v -8.100000 -1.000000 4.000000
v -8.100000 -1.000000 2.000000
v -8.100000 -1.000000 -0.000000
v -8.099999 -1.000000 -2.000000
v -8.099998 -1.000000 -3.999999
v -5.999999 -1.000000 8.100003
v -5.999999 -1.000000 6.000000
v -5.999998 -1.000000 4.000000
v -5.999998 -1.000000 2.000000
v -5.999998 -1.000000 -0.000000
v -5.999997 -1.000000 -2.000000
v -5.999997 -1.000000 -3.999999
v -3.999999 -1.000000 8.100003
v -3.999999 -1.000000 6.000000
v -3.999998 -1.000000 4.000000
v -3.999998 -1.000000 2.000000
v -3.999997 -1.000000 -0.000000
v -3.999997 -1.000000 -2.000000
v -3.999996 -1.000000 -3.999999
v -1.999999 -1.000000 8.100003
v -1.999999 -1.000000 6.000000
v -1.999998 -1.000000 4.000000
v -1.999998 -1.000000 2.000000
v -1.999997 -1.000000 -0.000000
v -1.999997 -1.000000 -2.000000
v -1.999997 -1.000000 -3.999999
v 0.000001 -1.000000 8.100003
v 0.000001 -1.000000 6.000000
v 0.000002 -1.000000 4.000000
v 0.000002 -1.000000 2.000000
v 0.000002 -1.000000 -0.000000
v 0.000003 -1.000000 -2.000000
v 0.000003 -1.000000 -3.999999
v 2.000001 -1.000000 8.100003
v 2.000002 -1.000000 6.000000
v 2.000002 -1.000000 4.000000
v 2.000003 -1.000000 2.000000
v 2.000003 -1.000000 -0.000000
v 2.000004 -1.000000 -2.000000
v 2.000004 -1.000000 -3.999999
v 4.000000 -1.000000 8.100003
v 4.000001 -1.000000 6.000000
v 4.000001 -1.000000 4.000000
v 4.000002 -1.000000 2.000000
v 4.000002 -1.000000 -0.000000
v 4.000003 -1.000000 -2.000000
v 4.000003 -1.000000 -3.999999
v 6.000001 -1.000000 8.100003
v 6.000002 -1.000000 6.000000
v 6.000002 -1.000000 4.000000
v 6.000003 -1.000000 2.000000
v 6.000003 -1.000000 -0.000000
v 6.000004 -1.000000 -2.000000
v 6.000004 -1.000000 -3.999999
v 8.099998 -1.000000 8.100003
v 8.099998 -1.000000 6.000000
v 8.099999 -1.000000 4.000000
v 8.099999 -1.000000 2.000000
v 8.099999 -1.000000 -0.000000
v 8.100000 -1.000000 -2.000000
v 8.100001 -1.000000 -3.999999
v -8.099998 -1.000000 -5.999999
v -8.099998 -1.000000 -8.100006
v -5.999997 -1.000000 -5.999999
v -5.999997 -1.000000 -8.100006
v -3.999996 -1.000000 -5.999999
v -3.999996 -1.000000 -8.100006
v -1.999997 -1.000000 -5.999999
v -1.999996 -1.000000 -8.100006
v 0.000003 -1.000000 -5.999999
v 0.000004 -1.000000 -8.100006
v 2.000004 -1.000000 -5.999999
v 2.000004 -1.000000 -8.100006
v 4.000003 -1.000000 -5.999999
v 4.000003 -1.000000 -8.100006
v 6.000004 -1.000000 -5.999999
v 6.000004 -1.000000 -8.100006
v 8.100001 -1.000000 -5.999999
v 8.100001 -1.000000 -8.100006
v -7.965760 0.042608 -6.000012
v -7.965760 0.042608 -4.000012
v -7.965760 0.042608 -2.000012
v -7.965760 0.042608 -0.000012
v -7.965760 0.042608 1.999988
v -7.965760 0.042608 3.999988
v -7.965760 0.042608 5.999988
v -5.999997 0.042608 7.965753
v -3.999996 0.042608 7.965753
v -1.999996 0.042608 7.965753
v 0.000004 0.042608 7.965753
v 2.000004 0.042608 7.965753
v 4.000004 0.042608 7.965753
v 6.000004 0.042608 7.965753
v 7.965767 0.042608 5.999988
v 7.965767 0.042608 3.999988
v 7.965767 0.042608 1.999988
v 7.965767 0.042608 -0.000012
v 7.965767 0.042608 -2.000012
v 7.965767 0.042608 -4.000012
v 7.965767 0.042608 -6.000012
v 6.000004 0.042608 -7.965777
v 4.000004 0.042608 -7.965777
v 2.000004 0.042608 -7.965777
v 0.000004 0.042608 -7.965777
v -1.999996 0.042608 -7.965777
v -3.999996 0.042608 -7.965777
v -5.999997 0.042608 -7.965777
v -7.965760 0.176937 6.034224
v -7.965760 0.176937 7.965753
v -6.034232 0.176937 7.965753
v -8.100000 0.176937 5.999988
v -8.100004 0.176937 8.100000
v -6.000000 0.176937 8.100000
v -5.965761 0.176937 7.965753
v -4.034232 0.176937 7.965753
v -4.000000 0.176937 8.100000
v -3.965760 0.176937 7.965753
v -2.034232 0.176937 7.965753
v -2.000000 0.176937 8.100000
v -1.965760 0.176937 7.965753
v -0.034232 0.176937 7.965753
v 0.000000 0.176937 8.100000
v 0.034240 0.176937 7.965753
v 1.965768 0.176937 7.965753
v 2.000000 0.176937 8.100000
v 2.034240 0.176937 7.965753
v 3.965768 0.176937 7.965753
v 4.000000 0.176937 8.100000
v 4.034240 0.176937 7.965753
v 5.965768 0.176937 7.965753
v 6.000000 0.176937 8.100000
v 6.034240 0.176937 7.965753
v 7.965767 0.176937 7.965753
v 7.965767 0.176937 6.034224
v 8.100000 0.176937 8.100000
v 8.100000 0.176937 5.999988
v -7.965760 0.176937 4.034224
v -7.965760 0.176937 5.965752
v -8.100000 0.176937 3.999988
v 7.965767 0.176937 5.965752
v 7.965767 0.176937 4.034224
v 8.100000 0.176937 3.999988
v -7.965760 0.176937 2.034224
v -7.965760 0.176937 3.965752
v -8.100000 0.176937 1.999988
v 7.965767 0.176937 3.965752
v 7.965767 0.176937 2.034224
v 8.100000 0.176937 1.999988
v -7.965760 0.176937 0.034224
v -7.965760 0.176937 1.965752
v -8.100000 0.176937 -0.000012
v 7.965767 0.176937 1.965752
v 7.965767 0.176937 0.034224
v 8.100000 0.176937 -0.000012
v -7.965760 0.176937 -1.965776
v -7.965760 0.176937 -0.034248
v -8.100000 0.176937 -2.000012
v 7.965767 0.176937 -0.034248
v 7.965767 0.176937 -1.965776
v 8.100000 0.176937 -2.000012
v -7.965760 0.176937 -3.965776
v -7.965760 0.176937 -2.034248
v -8.100000 0.176937 -4.000011
v 7.965767 0.176937 -2.034248
v 7.965767 0.176937 -3.965776
v 8.100000 0.176937 -4.000011
v -7.965760 0.176937 -5.965776
v -7.965760 0.176937 -4.034248
v -8.100000 0.176937 -6.000012
v -7.965760 0.176937 -6.000012
v 7.965767 0.176937 -4.034248
v 7.965767 0.176937 -5.965776
v 8.100000 0.176937 -6.000012
v -7.965760 0.176937 -7.965777
v -7.965760 0.176937 -6.034248
v -6.034232 0.176937 -7.965777
v -8.100000 0.176937 -8.100000
v -5.999997 0.176937 -8.100000
v -4.034232 0.176937 -7.965777
v -5.965761 0.176937 -7.965777
v -3.999996 0.176937 -8.100000
v -2.034232 0.176937 -7.965777
v -3.965760 0.176937 -7.965777
v -1.999996 0.176937 -8.100000
v -0.034232 0.176937 -7.965777
v -1.965760 0.176937 -7.965777
v 0.000004 0.176937 -8.100000
v 1.965768 0.176937 -7.965777
v 0.034240 0.176937 -7.965777
v 2.000004 0.176937 -8.100000
v 3.965768 0.176937 -7.965777
v 2.034240 0.176937 -7.965777
v 4.000003 0.176937 -8.100000
v 5.965768 0.176937 -7.965777
v 4.034240 0.176937 -7.965777
v -7.965760 0.176937 -0.000012
v 6.000004 0.176937 -8.100000
v 7.965767 0.176937 -6.034248
v 7.965767 0.176937 -7.965777
v 6.034240 0.176937 -7.965777
v 8.100000 0.176937 -8.100000
v -7.965760 0.176937 -2.000012
v -7.965760 0.176937 -4.000012
v -7.965760 0.176937 1.999988
v -7.965760 0.176937 3.999988
v -7.965760 0.176937 5.999988
v -5.999997 0.176937 7.965753
v -3.999996 0.176937 7.965753
v -1.999996 0.176937 7.965753
v 0.000004 0.176937 7.965753
v 2.000004 0.176937 7.965753
v 4.000004 0.176937 7.965753
v 6.000004 0.176937 7.965753
v 7.965767 0.176937 5.999988
v 7.965767 0.176937 3.999988
v 7.965767 0.176937 1.999988
v 7.965767 0.176937 -0.000012
v 7.965767 0.176937 -2.000012
v 7.965767 0.176937 -4.000012
v 7.965767 0.176937 -6.000012
v 6.000004 0.176937 -7.965777
v 4.000004 0.176937 -7.965777
v 2.000004 0.176937 -7.965777
v 0.000004 0.176937 -7.965777
v -1.999996 0.176937 -7.965777
v -3.999996 0.176937 -7.965777
v -5.999997 0.176937 -7.965777
v -8.969666 0.046316 -7.324773
v -8.969666 0.046316 -7.058249
v -8.377819 0.046316 -7.058249
v -8.377819 0.046316 -7.324773
v -9.430417 0.046316 -7.058249
v -9.430417 0.046316 -7.324773
v -9.629580 0.046316 -7.324773
v -9.480951 0.046316 -6.862058
v -9.796045 0.046316 -6.868003
v -8.382846 0.046316 -6.847140
v -8.445760 0.046316 -6.785151
v -8.391610 0.046316 -6.816146
v -8.414639 0.046316 -6.793456
v -8.382846 0.234320 -6.847140
v -8.444848 0.296316 -6.847147
v -8.445760 0.234320 -6.785151
v -8.391130 0.265277 -6.847142
v -8.391585 0.234320 -6.816185
v -8.399613 0.263967 -6.817497
v -8.445305 0.288033 -6.816191
v -8.413888 0.288033 -6.847145
v -8.415636 0.279988 -6.817499
v -8.414679 0.234320 -6.793431
v -8.445639 0.265277 -6.793435
v -8.415872 0.263967 -6.801478
v -8.571769 0.046316 -6.785151
v -8.632846 0.046316 -6.847140
v -8.602643 0.046316 -6.793456
v -8.624999 0.046316 -6.816146
v -8.570844 0.296316 -6.847147
v -8.632846 0.234320 -6.847140
v -8.571769 0.234320 -6.785151
v -8.601803 0.288033 -6.847145
v -8.571304 0.288033 -6.816191
v -8.600934 0.279988 -6.817499
v -8.625023 0.234320 -6.816185
v -8.624561 0.265277 -6.847142
v -8.616957 0.263967 -6.817497
v -8.571643 0.265277 -6.793435
v -8.602605 0.234320 -6.793431
v -8.601173 0.263967 -6.801478
v -8.969666 0.234320 -7.324773
v -8.969666 0.296316 -7.262777
v -8.969666 0.265318 -7.316467
v -8.969666 0.288010 -7.293775
v -8.969666 0.296316 -7.120245
v -8.969666 0.234320 -7.058249
v -8.969666 0.288010 -7.089247
v -8.969666 0.265318 -7.066555
v -8.689815 0.234320 -7.058249
v -8.628736 0.234320 -6.996260
v -8.566748 0.296316 -6.995342
v -8.689815 0.296316 -7.120245
v -8.659515 0.234320 -7.049047
v -8.689815 0.264749 -7.067448
v -8.654839 0.265918 -7.055536
v -8.619539 0.264749 -6.996124
v -8.637489 0.234320 -7.026692
v -8.630932 0.265918 -7.031272
v -8.584383 0.296316 -7.056660
v -8.597173 0.287117 -6.995792
v -8.613729 0.286583 -7.041337
v -8.689815 0.287117 -7.089816
v -8.628764 0.296316 -7.101703
v -8.644520 0.286583 -7.072587
v -8.628736 0.046316 -6.996260
v -8.689815 0.046316 -7.058249
v -8.627819 0.046316 -7.120245
v -8.565824 0.046316 -7.058249
v -8.636583 0.046316 -7.027254
v -8.658939 0.046316 -7.049944
v -8.377819 0.234320 -7.058249
v -8.439820 0.296316 -7.058249
v -8.386126 0.265318 -7.058249
v -8.408820 0.288010 -7.058249
v -8.689815 0.296316 -7.262777
v -8.567007 0.296316 -7.387930
v -8.628992 0.234320 -7.386757
v -8.689815 0.234320 -7.324773
v -8.628711 0.296316 -7.281358
v -8.689815 0.287117 -7.293206
v -8.644527 0.286583 -7.310461
v -8.597430 0.287117 -7.387354
v -8.584429 0.296316 -7.326486
v -8.613825 0.286583 -7.341749
v -8.637620 0.234320 -7.356326
v -8.619795 0.264749 -7.386931
v -8.631055 0.265918 -7.351771
v -8.689815 0.264749 -7.315574
v -8.659552 0.234320 -7.333975
v -8.654874 0.265918 -7.327497
v -8.689815 0.046316 -7.324773
v -8.628992 0.046316 -7.386757
v -8.565824 0.046316 -7.324773
v -8.627819 0.046316 -7.262777
v -8.658974 0.046316 -7.333077
v -8.636711 0.046316 -7.355765
v -8.377819 0.234320 -7.324773
v -8.439820 0.296316 -7.324773
v -8.386126 0.265318 -7.324773
v -8.408820 0.288010 -7.324773
v -8.632591 0.234320 -7.489707
v -8.570584 0.296316 -7.489696
v -8.571769 0.234320 -7.551692
v -8.624306 0.265277 -7.489703
v -8.624897 0.234320 -7.520660
v -8.616823 0.263967 -7.519347
v -8.571174 0.288033 -7.520651
v -8.601545 0.288033 -7.489699
v -8.600800 0.279988 -7.519344
v -8.602571 0.234320 -7.543413
v -8.571609 0.265277 -7.543407
v -8.601105 0.263967 -7.535365
v -8.632591 0.046316 -7.489707
v -8.571769 0.046316 -7.551692
v -8.624872 0.046316 -7.520699
v -8.602609 0.046316 -7.543387
v -8.445760 0.046316 -7.551692
v -8.382591 0.046316 -7.489707
v -8.414605 0.046316 -7.543387
v -8.391483 0.046316 -7.520699
v -8.444593 0.296316 -7.489696
v -8.382591 0.234320 -7.489707
v -8.445760 0.234320 -7.551692
v -8.414165 0.287117 -7.489900
v -8.444965 0.287117 -7.520125
v -8.415604 0.280229 -7.519242
v -8.392361 0.234320 -7.520123
v -8.391795 0.264749 -7.489904
v -8.399220 0.263792 -7.519238
v -8.445388 0.264749 -7.542493
v -8.415165 0.234320 -7.542499
v -8.415918 0.263792 -7.535624
v -9.430417 0.296316 -7.120245
v -9.430417 0.234320 -7.058249
v -9.430417 0.288010 -7.089247
v -9.430417 0.265318 -7.066555
v -9.430417 0.234320 -7.324773
v -9.430417 0.296316 -7.262777
v -9.430417 0.265318 -7.316467
v -9.430417 0.288010 -7.293775
v -9.587172 0.234320 -7.008111
v -9.561640 0.234320 -7.058249
v -9.561640 0.296316 -7.120245
v -9.637240 0.296316 -6.971697
v -9.595820 0.234320 -7.033212
v -9.594602 0.264750 -7.002707
v -9.602668 0.265932 -7.034137
v -9.561640 0.264749 -7.067448
v -9.587028 0.234320 -7.050480
v -9.591799 0.265930 -7.055485
v -9.636836 0.296316 -7.097229
v -9.561640 0.287117 -7.089816
v -9.607996 0.286595 -7.070320
v -9.612666 0.287118 -6.989569
v -9.662874 0.296316 -7.046068
v -9.624177 0.286596 -7.038536
v -9.561640 0.046316 -7.058249
v -9.587172 0.046316 -7.008111
v -9.685631 0.046316 -7.058249
v -9.625018 0.046316 -7.120229
v -9.587752 0.046316 -7.051531
v -9.597097 0.046316 -7.033180
v -9.629580 0.234320 -7.324773
v -9.628198 0.296316 -7.262777
v -9.629395 0.265318 -7.316467
v -9.628889 0.288010 -7.293775
v -9.909011 0.234320 -7.009764
v -9.876090 0.296316 -7.058249
v -9.947646 0.234320 -7.120245
v -9.906142 0.264842 -7.019579
v -9.927867 0.234320 -7.042509
v -9.924149 0.263887 -7.047440
v -9.911302 0.287065 -7.079642
v -9.894227 0.287197 -7.037108
v -9.918850 0.280245 -7.059274
v -9.941987 0.234320 -7.082885
v -9.937198 0.264531 -7.102119
v -9.934029 0.263623 -7.073725
v -9.909011 0.046316 -7.009764
v -9.947646 0.046316 -7.120245
v -9.885652 0.046316 -7.058249
v -9.928329 0.046316 -7.042313
v -9.942471 0.046316 -7.082751
v -9.876458 0.296316 -7.262777
v -9.885652 0.234320 -7.324773
v -9.947646 0.234320 -7.262777
v -9.879367 0.288033 -7.293734
v -9.910324 0.288033 -7.262777
v -9.911712 0.279988 -7.292424
v -9.918290 0.234320 -7.316490
v -9.882742 0.265277 -7.316490
v -9.914087 0.263967 -7.308445
v -9.936455 0.265277 -7.262777
v -9.941046 0.234320 -7.293734
v -9.930108 0.263967 -7.292424
v -9.947646 0.046316 -7.262777
v -9.885652 0.046316 -7.324773
v -9.939341 0.046316 -7.293775
v -9.916650 0.046316 -7.316467
v -9.558563 0.296316 -6.863523
v -9.480951 0.234320 -6.862058
v -9.519757 0.288010 -6.862790
v -9.491350 0.265318 -6.862255
v -9.796045 0.234320 -6.868003
v -9.722464 0.296316 -6.866615
v -9.786187 0.265318 -6.867817
v -9.759254 0.288010 -6.867309
v -9.392056 0.234320 -6.738840
v -9.482029 0.296316 -6.757443
v -9.417689 0.234320 -6.691895
v -9.409208 0.265277 -6.744117
v -9.377081 0.234320 -6.711386
v -9.394710 0.263967 -6.717685
v -9.455033 0.288033 -6.727505
v -9.442234 0.288033 -6.750947
v -9.417961 0.279988 -6.722493
v -9.386490 0.234320 -6.694155
v -9.431417 0.265277 -6.703444
v -9.401335 0.263967 -6.705553
v -9.392056 0.046316 -6.738840
v -9.417689 0.046316 -6.691895
v -9.382213 0.046316 -6.714148
v -9.391596 0.046316 -6.696964
v -9.698696 0.234320 -6.752309
v -9.596875 0.234320 -6.701540
v -9.637304 0.296316 -6.765801
v -9.670131 0.234320 -6.728661
v -9.685963 0.264833 -6.750081
v -9.663073 0.263878 -6.729464
v -9.610344 0.264707 -6.711449
v -9.632952 0.234320 -6.710123
v -9.639028 0.263771 -6.717185
v -9.663742 0.287210 -6.754982
v -9.624976 0.287145 -6.734707
v -9.648736 0.280298 -6.731407
v -9.596875 0.046316 -6.701540
v -9.698696 0.046316 -6.752309
v -9.633176 0.046316 -6.709561
v -9.670444 0.046316 -6.728144
v -9.164067 0.041691 -5.089872
v -9.333628 0.041691 -5.190187
v -9.030797 0.041691 -5.290475
v -9.243771 0.041691 -5.417523
v -9.039000 0.041691 -4.983965
v -8.887590 0.041691 -5.182901
v -8.903841 0.041691 -4.843932
v -8.741735 0.041691 -5.034253
v -8.764183 0.041691 -4.685845
v -8.617950 0.041691 -4.907092
v -8.418184 0.041691 -4.910435
v -8.626952 0.041691 -5.074967
v -8.418591 0.041691 -5.081197
v -8.649495 0.041691 -5.323012
v -8.417856 0.041691 -5.329939
v -9.446242 0.041691 -5.227493
v -9.425929 0.041691 -5.471098
v -9.616843 0.041691 -5.231208
v -9.624609 0.041691 -5.475535
v -9.742607 0.041691 -5.184690
v -9.851617 0.041691 -5.403489
v -9.772988 0.041691 -5.105492
v -9.981503 0.041691 -5.184411
v -9.774597 0.041691 -4.939842
v -9.995223 0.041691 -4.903131
v -9.763510 0.041691 -4.813413
v -9.923353 0.041691 -4.691726
v -9.664947 0.057306 -4.741221
v -9.759892 0.057306 -4.585359
v -9.164067 0.227189 -5.089872
v -9.128381 0.291691 -5.144129
v -9.159286 0.259439 -5.097141
v -9.146224 0.283049 -5.117000
v -9.308619 0.291691 -5.253461
v -9.333628 0.227185 -5.190187
v -9.321123 0.283048 -5.221824
v -9.330277 0.259438 -5.198664
v -9.067218 0.291691 -5.235100
v -9.030797 0.227197 -5.290475
v -9.049007 0.283050 -5.262788
v -9.035677 0.259444 -5.283057
v -9.243771 0.227195 -5.417523
v -9.268790 0.291691 -5.354224
v -9.247124 0.259443 -5.409043
v -9.256281 0.283050 -5.385873
v -9.039000 0.227191 -4.983965
v -9.000112 0.291691 -5.035061
v -9.033790 0.259441 -4.990811
v -9.019556 0.283050 -5.009513
v -8.927693 0.291691 -5.130210
v -8.887590 0.227198 -5.182901
v -8.907642 0.283050 -5.156556
v -8.892963 0.259444 -5.175842
v -8.903841 0.227193 -4.843932
v -8.863115 0.291691 -4.891746
v -8.898385 0.259442 -4.850338
v -8.883478 0.283050 -4.867839
v -8.784325 0.291691 -4.984251
v -8.741735 0.227198 -5.034253
v -8.763030 0.283050 -5.009252
v -8.747441 0.259444 -5.027554
v -8.764183 0.227194 -4.685845
v -8.729324 0.291691 -4.738585
v -8.759514 0.259442 -4.692911
v -8.746754 0.283050 -4.712215
v -8.569988 0.289724 -4.784239
v -8.617950 0.227200 -4.907092
v -8.590039 0.285017 -4.830361
v -8.608090 0.259446 -4.884408
v -8.418184 0.227203 -4.910435
v -8.482695 0.291691 -4.910281
v -8.426826 0.259447 -4.910414
v -8.450439 0.283051 -4.910358
v -8.574568 0.041691 -4.568598
v -8.686084 0.041691 -4.612569
v -8.635044 0.041691 -4.632808
v -8.613111 0.041691 -4.574433
v -8.653930 0.041691 -4.590528
v -8.574568 0.227203 -4.568598
v -8.634132 0.291691 -4.647444
v -8.686084 0.227195 -4.612569
v -8.591326 0.258567 -4.580043
v -8.612939 0.227200 -4.574991
v -8.621464 0.257630 -4.583755
v -8.657729 0.282166 -4.628630
v -8.612911 0.282025 -4.608547
v -8.635579 0.274928 -4.600749
v -8.653675 0.227197 -4.591053
v -8.676497 0.258904 -4.616027
v -8.648534 0.257919 -4.595188
v -8.417928 0.041691 -4.636327
v -8.482356 0.041691 -4.571685
v -8.426538 0.041691 -4.604062
v -8.450121 0.041691 -4.580401
v -8.417928 0.227203 -4.636327
v -8.482451 0.291691 -4.650115
v -8.482356 0.227203 -4.571685
v -8.427501 0.258851 -4.640742
v -8.427467 0.227203 -4.604652
v -8.434634 0.257855 -4.608128
v -8.482391 0.281994 -4.611385
v -8.450788 0.282125 -4.645719
v -8.451759 0.274887 -4.610205
v -8.450714 0.227203 -4.581329
v -8.482357 0.258628 -4.583138
v -8.451694 0.257667 -4.590194
v -8.562435 0.291691 -5.075121
v -8.626952 0.227203 -5.074967
v -8.594694 0.283051 -5.075044
v -8.618309 0.259447 -5.074987
v -8.418591 0.227203 -5.081197
v -8.483101 0.291691 -5.081044
v -8.427233 0.259447 -5.081177
v -8.450846 0.283051 -5.081121
v -8.577774 0.291691 -5.323183
v -8.649495 0.227203 -5.323012
v -8.613635 0.283051 -5.323097
v -8.639886 0.259447 -5.323035
v -8.417856 0.227203 -5.329939
v -8.489570 0.291691 -5.329768
v -8.427464 0.259447 -5.329916
v -8.453713 0.283051 -5.329853
v -8.649881 0.227203 -5.485400
v -8.578161 0.291691 -5.485571
v -8.578361 0.227203 -5.557263
v -8.640295 0.259405 -5.485423
v -8.640394 0.227203 -5.521222
v -8.631078 0.258042 -5.519729
v -8.578256 0.283075 -5.521370
v -8.613969 0.283075 -5.485486
v -8.612544 0.274707 -5.519773
v -8.614142 0.227203 -5.547600
v -8.578328 0.259405 -5.547686
v -8.612596 0.258042 -5.538300
v -8.649881 0.041691 -5.485400
v -8.578361 0.041691 -5.557263
v -8.640362 0.041691 -5.521269
v -8.614183 0.041691 -5.547573
v -8.418243 0.227203 -5.492327
v -8.490106 0.227203 -5.563848
v -8.489956 0.291691 -5.492156
v -8.428965 0.227202 -5.527490
v -8.428884 0.258855 -5.492301
v -8.436930 0.257859 -5.526364
v -8.490088 0.258856 -5.553211
v -8.454892 0.227203 -5.553295
v -8.455984 0.257859 -5.545327
v -8.454757 0.282123 -5.492240
v -8.490033 0.282123 -5.527344
v -8.455942 0.274958 -5.526319
v -8.490106 0.041691 -5.563848
v -8.418243 0.041691 -5.492327
v -8.454237 0.041691 -5.554329
v -8.427933 0.041691 -5.528150
v -9.440344 0.291691 -5.298238
v -9.446242 0.227180 -5.227493
v -9.443294 0.283049 -5.262866
v -9.445453 0.259436 -5.236971
v -9.425929 0.227193 -5.471098
v -9.431728 0.291691 -5.401556
v -9.426705 0.259442 -5.461781
v -9.428829 0.283050 -5.436327
v -9.619144 0.291691 -5.303617
v -9.616843 0.227173 -5.231208
v -9.617994 0.283047 -5.267412
v -9.617151 0.259432 -5.240909
v -9.624609 0.227190 -5.475535
v -9.622364 0.291691 -5.404899
v -9.624308 0.259440 -5.466071
v -9.623487 0.283049 -5.440217
v -9.774352 0.291691 -5.248408
v -9.742607 0.227163 -5.184690
v -9.758479 0.283046 -5.216548
v -9.746860 0.259427 -5.193226
v -9.851617 0.227187 -5.403489
v -9.820317 0.291691 -5.340667
v -9.847424 0.259439 -5.395072
v -9.835967 0.283049 -5.372078
v -9.824523 0.291691 -5.124997
v -9.772988 0.227151 -5.105492
v -9.798756 0.283044 -5.115245
v -9.779893 0.259421 -5.108105
v -9.981503 0.227182 -5.184411
v -9.924017 0.291691 -5.162653
v -9.973802 0.259437 -5.181496
v -9.952760 0.283049 -5.173532
v -9.828312 0.291691 -4.930903
v -9.774597 0.227134 -4.939842
v -9.801455 0.283042 -4.935372
v -9.781794 0.259412 -4.938644
v -9.995223 0.227175 -4.903131
v -9.934947 0.291691 -4.913160
v -9.987147 0.259433 -4.904474
v -9.965085 0.283047 -4.908145
v -9.815579 0.291691 -4.773773
v -9.763510 0.227112 -4.813413
v -9.789544 0.283039 -4.793593
v -9.770486 0.259401 -4.808102
v -9.923353 0.227167 -4.691726
v -9.872034 0.291691 -4.730795
v -9.916478 0.259429 -4.696960
v -9.897694 0.283047 -4.711260
v -9.698005 0.276075 -4.686952
v -9.664947 0.211487 -4.741221
v -9.681476 0.267422 -4.714087
v -9.669375 0.243781 -4.733951
v -9.759892 0.211547 -4.585359
v -9.727960 0.276075 -4.637778
v -9.755613 0.243812 -4.592381
v -9.743926 0.267431 -4.611568
v -9.664947 0.057306 -4.741221
v -9.605825 0.057306 -4.669441
v -9.633883 0.057306 -4.728888
v -9.612245 0.057306 -4.702614
v -9.665771 0.211491 -4.741318
v -9.669558 0.276075 -4.683351
v -9.605825 0.211587 -4.669441
v -9.665771 0.243300 -4.732584
v -9.634964 0.211522 -4.728095
v -9.636167 0.242306 -4.721866
v -9.638171 0.266509 -4.678204
v -9.667143 0.266573 -4.711628
v -9.637139 0.259376 -4.706279
v -9.613301 0.211556 -4.702121
v -9.615173 0.243237 -4.673183
v -9.620369 0.242227 -4.703323
v -9.609231 0.057306 -4.616021
v -9.676182 0.057306 -4.566113
v -9.619702 0.057306 -4.585778
v -9.644208 0.057306 -4.567511
v -9.673249 0.276075 -4.625446
v -9.676182 0.211549 -4.566113
v -9.609231 0.211587 -4.616021
v -9.676593 0.266577 -4.596867
v -9.641769 0.266508 -4.621731
v -9.645141 0.259380 -4.592169
v -9.644639 0.211561 -4.568608
v -9.677659 0.243319 -4.575418
v -9.646003 0.242307 -4.575634
v -9.618671 0.243239 -4.618330
v -9.620631 0.211575 -4.586504
v -9.627781 0.242229 -4.588884
v -8.990614 0.071358 -2.942505
v -9.183026 0.071358 -2.942505
v -9.183026 0.071358 -3.082319
v -8.990614 0.071358 -3.082319
v -9.273749 0.031223 -3.235205
v -8.936303 0.031223 -3.256708
v -9.083958 0.031223 -3.367779
v -9.147827 0.031223 -3.334291
v -8.876142 0.031223 -3.331680
v -9.019496 0.031223 -3.467121
v -8.825262 0.031223 -3.373298
v -8.911783 0.031223 -3.550523
v -8.725785 0.031223 -3.368171
v -8.722202 0.031223 -3.565356
v -8.614964 0.031223 -3.358356
v -8.542130 0.031223 -3.541631
v -8.521949 0.031223 -3.271215
v -8.369754 0.031223 -3.396640
v -8.482040 0.031223 -3.156957
v -8.288270 0.031223 -3.193669
v -8.481245 0.031223 -2.993248
v -8.286078 0.031223 -2.964880
v -8.509366 0.031223 -2.852812
v -8.352155 0.031223 -2.733735
v -9.308671 0.031223 -3.295869
v -9.246672 0.031223 -3.443621
v -9.389473 0.031223 -3.322827
v -9.386170 0.031223 -3.494334
v -9.497199 0.031223 -3.324902
v -9.493896 0.031223 -3.496409
v -9.587190 0.031223 -3.317570
v -9.658687 0.031223 -3.473499
v -9.676429 0.031223 -3.234498
v -9.820937 0.031223 -3.326925
v -9.697439 0.031223 -3.118102
v -9.868944 0.031223 -3.114676
v -9.694305 0.031223 -2.961252
v -9.865810 0.031223 -2.957826
v -9.646955 0.031223 -2.859101
v -9.797112 0.031223 -2.776165
v -8.990614 0.071358 -2.857208
v -9.040533 0.071358 -2.807289
v -8.997302 0.071358 -2.832249
v -9.015574 0.071358 -2.813977
v -8.990614 0.213851 -2.857208
v -9.040533 0.263770 -2.857208
v -9.040533 0.213851 -2.807289
v -8.997283 0.238778 -2.857208
v -8.997283 0.213851 -2.832282
v -9.003761 0.237723 -2.833336
v -9.040533 0.257101 -2.832282
v -9.015607 0.257101 -2.857208
v -9.016661 0.250623 -2.833336
v -9.015607 0.213851 -2.813958
v -9.040533 0.238778 -2.813958
v -9.016661 0.237723 -2.820436
v -9.133107 0.071358 -2.807289
v -9.183026 0.071358 -2.857208
v -9.158067 0.071358 -2.813977
v -9.176338 0.071358 -2.832249
v -9.133107 0.263770 -2.857208
v -9.183026 0.213851 -2.857208
v -9.133107 0.213851 -2.807289
v -9.158033 0.257101 -2.857208
v -9.133107 0.257101 -2.832282
v -9.156980 0.250623 -2.833336
v -9.176357 0.213851 -2.832282
v -9.176357 0.238778 -2.857208
v -9.169879 0.237723 -2.833336
v -9.133107 0.238778 -2.813958
v -9.158033 0.213851 -2.813958
v -9.156980 0.237723 -2.820436
v -8.990614 0.213851 -2.942505
v -9.040533 0.263770 -2.942505
v -8.997302 0.238811 -2.942505
v -9.015574 0.257082 -2.942505
v -9.133107 0.263770 -2.942505
v -9.183026 0.213851 -2.942505
v -9.158067 0.257082 -2.942505
v -9.176338 0.238811 -2.942505
v -9.133107 0.263770 -3.084205
v -9.183026 0.213851 -3.082319
v -9.158067 0.257082 -3.083262
v -9.176338 0.238811 -3.082571
v -8.990614 0.213851 -3.082319
v -9.040533 0.263770 -3.083766
v -8.997302 0.238811 -3.082512
v -9.015574 0.257082 -3.083042
v -9.229813 0.281223 -3.269778
v -9.273749 0.216364 -3.235205
v -9.251781 0.272533 -3.252491
v -9.267863 0.248793 -3.239837
v -8.936303 0.216364 -3.256708
v -8.992434 0.281223 -3.298931
v -8.943823 0.248793 -3.262365
v -8.964368 0.272533 -3.277820
v -9.029440 0.281223 -3.326769
v -9.083958 0.216364 -3.367779
v -9.056699 0.272533 -3.347274
v -9.076653 0.248793 -3.362285
v -9.147827 0.216364 -3.334291
v -9.195320 0.281223 -3.296919
v -9.154189 0.248793 -3.329284
v -9.171574 0.272533 -3.315605
v -9.094361 0.216364 -3.313361
v -9.134976 0.216364 -3.307949
v -9.188269 0.281223 -3.281953
v -9.034065 0.281223 -3.301833
v -9.105343 0.216364 -3.290119
v -9.085379 0.248256 -3.311643
v -9.101966 0.249512 -3.284260
v -9.142936 0.248292 -3.304066
v -9.118293 0.216364 -3.288393
v -9.119712 0.249548 -3.281910
v -9.124882 0.281223 -3.207529
v -9.162194 0.271667 -3.294672
v -9.121583 0.271128 -3.255950
v -9.063604 0.271640 -3.307480
v -9.075717 0.281223 -3.213879
v -9.092670 0.271106 -3.259764
v -9.134976 0.031223 -3.307949
v -9.094361 0.031223 -3.313361
v -9.055157 0.031223 -3.210077
v -9.151074 0.031223 -3.202502
v -9.119127 0.031223 -3.287337
v -9.104260 0.031223 -3.289318
v -8.876142 0.216364 -3.331680
v -8.927438 0.281223 -3.380145
v -8.883014 0.248793 -3.338173
v -8.901790 0.272533 -3.355912
v -8.969296 0.281223 -3.419692
v -9.019496 0.216364 -3.467121
v -8.994395 0.272533 -3.443406
v -9.012770 0.248793 -3.460767
v -8.825262 0.216364 -3.373298
v -8.857062 0.281223 -3.438435
v -8.829522 0.248793 -3.382025
v -8.841162 0.272533 -3.405866
v -8.881151 0.281223 -3.487777
v -8.911783 0.216364 -3.550523
v -8.896467 0.272533 -3.519150
v -8.907679 0.248793 -3.542116
v -8.725785 0.216364 -3.368171
v -8.724618 0.281223 -3.432431
v -8.725629 0.248793 -3.376780
v -8.725201 0.272533 -3.400301
v -8.723393 0.281223 -3.499830
v -8.722202 0.216364 -3.565356
v -8.722798 0.272533 -3.532593
v -8.722363 0.248793 -3.556577
v -8.614964 0.216364 -3.358356
v -8.589960 0.281223 -3.421275
v -8.611614 0.248793 -3.366786
v -8.602462 0.272533 -3.389815
v -8.567053 0.281223 -3.478915
v -8.542130 0.216364 -3.541631
v -8.554591 0.272533 -3.510273
v -8.545468 0.248793 -3.533229
v -8.521949 0.216364 -3.271215
v -8.472358 0.281223 -3.312083
v -8.515305 0.248793 -3.276690
v -8.497153 0.272533 -3.291649
v -8.420250 0.281223 -3.355026
v -8.369754 0.216364 -3.396640
v -8.395001 0.272533 -3.375833
v -8.376518 0.248793 -3.391065
v -8.482040 0.216364 -3.156957
v -8.421616 0.281223 -3.168406
v -8.473945 0.248793 -3.158491
v -8.451828 0.272533 -3.162682
v -8.350924 0.281223 -3.181798
v -8.288270 0.216364 -3.193669
v -8.319596 0.272533 -3.187734
v -8.296664 0.248793 -3.192079
v -8.481245 0.216364 -2.993248
v -8.420529 0.281223 -2.984423
v -8.473110 0.248793 -2.992065
v -8.450887 0.272533 -2.988835
v -8.348959 0.281223 -2.974020
v -8.286078 0.216364 -2.964880
v -8.317519 0.272533 -2.969450
v -8.294502 0.248793 -2.966105
v -8.509366 0.216364 -2.852812
v -8.455217 0.281223 -2.811798
v -8.502111 0.248793 -2.847317
v -8.482292 0.272533 -2.832305
v -8.405878 0.281223 -2.774427
v -8.352155 0.216364 -2.733735
v -8.379017 0.272533 -2.754081
v -8.359353 0.248793 -2.739187
v -8.541187 0.031223 -2.703378
v -8.553729 0.031223 -2.794241
v -8.561792 0.031223 -2.729885
v -8.566383 0.031223 -2.763144
v -8.553729 0.216364 -2.794241
v -8.541187 0.216364 -2.703378
v -8.499676 0.281223 -2.753299
v -8.565279 0.216364 -2.763054
v -8.545736 0.248149 -2.788187
v -8.558643 0.247155 -2.759278
v -8.534625 0.248198 -2.710480
v -8.560754 0.216364 -2.730270
v -8.555182 0.247196 -2.735090
v -8.526246 0.271567 -2.773424
v -8.519648 0.271599 -2.728492
v -8.544441 0.264375 -2.748532
v -8.396518 0.031223 -2.675165
v -8.487382 0.031223 -2.662623
v -8.423025 0.031223 -2.654560
v -8.456284 0.031223 -2.649970
v -8.396518 0.216364 -2.675165
v -8.450164 0.281223 -2.715797
v -8.487382 0.216364 -2.662623
v -8.404039 0.248751 -2.680862
v -8.422625 0.216364 -2.654310
v -8.429117 0.247380 -2.660948
v -8.469104 0.272558 -2.689514
v -8.423732 0.272558 -2.695777
v -8.442981 0.264141 -2.671448
v -8.455977 0.216364 -2.649706
v -8.482764 0.248751 -2.669996
v -8.452599 0.247380 -2.657706
v -9.282295 0.281223 -3.358724
v -9.308671 0.216364 -3.295869
v -9.295483 0.272533 -3.327297
v -9.305137 0.248793 -3.304291
v -9.246672 0.216364 -3.443621
v -9.272170 0.281223 -3.382856
v -9.250088 0.248793 -3.435480
v -9.259420 0.272533 -3.413239
v -9.388125 0.281223 -3.392872
v -9.389473 0.216364 -3.322827
v -9.388800 0.272533 -3.357849
v -9.389293 0.248793 -3.332211
v -9.386170 0.216364 -3.494334
v -9.387495 0.281223 -3.425546
v -9.386349 0.248793 -3.485118
v -9.386833 0.272533 -3.459940
v -9.495865 0.281223 -3.394182
v -9.497199 0.216364 -3.324902
v -9.496531 0.272533 -3.359542
v -9.497020 0.248793 -3.334183
v -9.493896 0.216364 -3.496409
v -9.495211 0.281223 -3.428134
v -9.494071 0.248793 -3.487262
v -9.494553 0.272533 -3.462271
v -9.617576 0.281223 -3.383838
v -9.587190 0.216364 -3.317570
v -9.602382 0.272533 -3.350704
v -9.591261 0.248793 -3.326448
v -9.658687 0.216364 -3.473499
v -9.629457 0.281223 -3.409750
v -9.654771 0.248793 -3.464959
v -9.644072 0.272533 -3.441625
v -9.736544 0.281223 -3.272947
v -9.676429 0.216364 -3.234498
v -9.706486 0.272533 -3.253722
v -9.684483 0.248793 -3.239649
v -9.820937 0.216364 -3.326925
v -9.762600 0.281223 -3.289612
v -9.813122 0.248793 -3.321926
v -9.791769 0.272533 -3.308268
v -9.764853 0.281223 -3.116755
v -9.697439 0.216364 -3.118102
v -9.731146 0.272533 -3.117428
v -9.706470 0.248793 -3.117921
v -9.868944 0.216364 -3.114676
v -9.801881 0.281223 -3.116015
v -9.859960 0.248793 -3.114855
v -9.835412 0.272533 -3.115345
v -9.761984 0.281223 -2.959900
v -9.694305 0.216364 -2.961252
v -9.728145 0.272533 -2.960576
v -9.703373 0.248793 -2.961071
v -9.865810 0.216364 -2.957826
v -9.798664 0.281223 -2.959167
v -9.856815 0.248793 -2.958006
v -9.832237 0.272533 -2.958497
v -9.701593 0.281223 -2.828922
v -9.646955 0.216364 -2.859101
v -9.674273 0.272533 -2.844012
v -9.654274 0.248793 -2.855058
v -9.797112 0.216364 -2.776165
v -9.741039 0.281223 -2.807135
v -9.789598 0.248793 -2.780314
v -9.769075 0.272533 -2.791650
v -9.600772 0.216364 -2.775489
v -9.655495 0.281223 -2.745264
v -9.626188 0.216364 -2.687356
v -9.607707 0.248751 -2.771658
v -9.593074 0.216364 -2.742742
v -9.600459 0.247380 -2.740229
v -9.640486 0.272558 -2.716556
v -9.627794 0.272558 -2.760564
v -9.614600 0.264141 -2.732419
v -9.602404 0.216364 -2.710392
v -9.629729 0.248751 -2.695300
v -9.607027 0.247380 -2.717454
v -9.600772 0.031223 -2.775489
v -9.626188 0.031223 -2.687356
v -9.592699 0.031223 -2.742900
v -9.602002 0.031223 -2.710641
v -9.750931 0.216364 -2.692553
v -9.662797 0.216364 -2.667136
v -9.694832 0.281223 -2.723538
v -9.727115 0.216364 -2.669339
v -9.742599 0.248211 -2.697155
v -9.721375 0.247208 -2.673655
v -9.667666 0.248198 -2.675441
v -9.695316 0.216364 -2.660169
v -9.698045 0.247197 -2.666894
v -9.722355 0.271608 -2.708336
v -9.679224 0.271599 -2.695791
v -9.706461 0.264398 -2.681890
v -9.662797 0.031223 -2.667136
v -9.750931 0.031223 -2.692553
v -9.695385 0.031223 -2.659064
v -9.727644 0.031223 -2.668367
v -8.639935 0.031222 -1.373949
v -8.833594 0.031222 -1.373949
v -8.833594 0.031222 -1.584314
v -8.639935 0.031222 -1.160913
v -8.833594 0.031222 -1.160913
v -8.639935 0.031222 -0.903288
v -8.833594 0.031222 -0.903288
v -9.014427 0.031222 -1.373949
v -9.014427 0.031222 -1.584314
v -9.244803 0.031222 -1.373949
v -9.244803 0.031222 -1.584314
v -9.606469 0.031222 -1.373949
v -9.606469 0.031222 -1.584314
v -9.804642 0.031222 -1.423815
v -8.639935 0.031222 -0.836189
v -8.833594 0.031222 -0.836189
v -9.480376 0.031222 -1.291737
v -9.608703 0.031222 -1.165508
v -9.321425 0.031222 -1.180265
v -9.449752 0.031222 -1.054035
v -9.131510 0.031222 -1.048149
v -9.259836 0.031222 -0.921920
v -8.916822 0.031222 -0.895391
v -9.045149 0.031222 -0.769162
v -8.639935 0.212088 -1.373949
v -8.709069 0.281222 -1.443084
v -8.649198 0.246655 -1.383211
v -8.674501 0.271960 -1.408516
v -8.764460 0.281222 -1.443084
v -8.833594 0.212088 -1.373949
v -8.799027 0.271960 -1.408516
v -8.824332 0.246655 -1.383211
v -8.639935 0.031222 -1.653449
v -8.570801 0.031222 -1.584314
v -8.639935 0.031222 -1.515180
v -8.709069 0.031222 -1.584314
v -8.630672 0.031222 -1.618882
v -8.605368 0.031222 -1.593577
v -8.570801 0.212088 -1.584314
v -8.639935 0.212088 -1.653449
v -8.709069 0.281222 -1.653449
v -8.570801 0.281222 -1.515180
v -8.604733 0.212088 -1.594572
v -8.570801 0.246021 -1.574056
v -8.609942 0.247324 -1.587292
v -8.650193 0.246021 -1.653449
v -8.629676 0.212088 -1.619516
v -8.636957 0.247324 -1.614307
v -8.688553 0.281222 -1.585583
v -8.675136 0.270964 -1.653449
v -8.656033 0.270369 -1.602913
v -8.570801 0.270964 -1.549113
v -8.638666 0.281222 -1.535696
v -8.621336 0.270369 -1.568217
v -8.833594 0.212088 -1.584314
v -8.764460 0.281222 -1.515180
v -8.824332 0.246655 -1.575052
v -8.799027 0.271960 -1.549747
v -8.709069 0.031222 -1.832031
v -8.639935 0.031222 -1.762896
v -8.674501 0.031222 -1.822769
v -8.649198 0.031222 -1.797464
v -8.709069 0.281222 -1.762896
v -8.639935 0.212088 -1.762896
v -8.709069 0.212088 -1.832031
v -8.674547 0.271986 -1.762896
v -8.709069 0.271986 -1.797418
v -8.676008 0.263015 -1.795957
v -8.649171 0.212088 -1.797418
v -8.649171 0.246610 -1.762896
v -8.658142 0.245149 -1.795957
v -8.709069 0.246610 -1.822795
v -8.674547 0.212088 -1.822795
v -8.676008 0.245149 -1.813823
v -8.833594 0.031222 -1.762896
v -8.764460 0.031222 -1.832031
v -8.824332 0.031222 -1.797464
v -8.799027 0.031222 -1.822769
v -8.833594 0.212088 -1.762896
v -8.764460 0.281222 -1.762896
v -8.764460 0.212088 -1.832031
v -8.824359 0.246610 -1.762896
v -8.824359 0.212088 -1.797418
v -8.815387 0.245149 -1.795957
v -8.764460 0.271986 -1.797418
v -8.798982 0.271986 -1.762896
v -8.797521 0.263015 -1.795957
v -8.798982 0.212088 -1.822795
v -8.764460 0.246610 -1.822795
v -8.797521 0.245149 -1.813823
v -8.709069 0.281222 -1.160913
v -8.639935 0.212088 -1.160913
v -8.674501 0.271960 -1.160913
v -8.649198 0.246655 -1.160913
v -8.833594 0.212088 -1.160913
v -8.764460 0.281222 -1.160913
v -8.824332 0.246655 -1.160913
v -8.799027 0.271960 -1.160913
v -8.709069 0.281222 -0.903288
v -8.639935 0.212088 -0.903288
v -8.674501 0.271960 -0.903288
v -8.649198 0.246655 -0.903288
v -8.833594 0.212088 -0.903288
v -8.764460 0.281222 -0.903288
v -8.824332 0.246655 -0.903288
v -8.799027 0.271960 -0.903288
v -9.014427 0.281222 -1.443084
v -9.014427 0.212088 -1.373949
v -9.014427 0.271960 -1.408516
v -9.014427 0.246655 -1.383211
v -9.014427 0.212088 -1.584314
v -9.014427 0.281222 -1.515180
v -9.014427 0.246655 -1.575052
v -9.014427 0.271960 -1.549747
v -9.244803 0.281222 -1.443084
v -9.244803 0.212088 -1.373949
v -9.244803 0.271960 -1.408516
v -9.244803 0.246655 -1.383211
v -9.244803 0.212088 -1.584314
v -9.244803 0.281222 -1.515180
v -9.244803 0.246655 -1.575052
v -9.244803 0.271960 -1.549747
v -9.606469 0.281222 -1.443084
v -9.656630 0.281222 -1.431080
v -9.616899 0.281222 -1.298642
v -9.606469 0.212088 -1.373949
v -9.616886 0.281222 -1.441411
v -9.606469 0.270964 -1.409151
v -9.612762 0.274133 -1.403464
v -9.633666 0.281222 -1.392138
v -9.635249 0.281222 -1.437032
v -9.621998 0.278225 -1.397231
v -9.607115 0.270984 -1.332529
v -9.619164 0.281222 -1.343793
v -9.612768 0.274257 -1.362062
v -9.606469 0.246021 -1.384207
v -9.603346 0.246004 -1.359743
v -9.608165 0.262616 -1.375650
v -9.606469 0.212088 -1.584314
v -9.606469 0.281222 -1.515180
v -9.606469 0.246655 -1.575052
v -9.606469 0.271960 -1.549747
v -8.312949 0.031222 -1.443084
v -8.382084 0.031222 -1.373949
v -8.322211 0.031222 -1.408516
v -8.347517 0.031222 -1.383211
v -8.382084 0.212088 -1.373949
v -8.312949 0.212088 -1.443084
v -8.382084 0.281222 -1.443084
v -8.347562 0.212088 -1.383185
v -8.382084 0.246610 -1.383185
v -8.349023 0.245149 -1.392157
v -8.322186 0.246610 -1.443084
v -8.322186 0.212088 -1.408562
v -8.331158 0.245149 -1.410023
v -8.382084 0.271986 -1.408562
v -8.347562 0.271986 -1.443084
v -8.349023 0.263015 -1.410023
v -8.382084 0.031222 -1.584314
v -8.312949 0.031222 -1.515180
v -8.347517 0.031222 -1.575052
v -8.322211 0.031222 -1.549747
v -8.382084 0.212088 -1.584314
v -8.382084 0.281222 -1.515180
v -8.312949 0.212088 -1.515180
v -8.382084 0.246610 -1.575078
v -8.347562 0.212088 -1.575078
v -8.349023 0.245149 -1.566107
v -8.347562 0.271986 -1.515180
v -8.382084 0.271986 -1.549702
v -8.349023 0.263015 -1.548241
v -8.322186 0.212088 -1.549702
v -8.322186 0.246610 -1.515180
v -8.331158 0.245149 -1.548241
v -9.804642 0.212088 -1.427976
v -9.735508 0.281222 -1.427976
v -9.795380 0.246655 -1.427976
v -9.770075 0.271960 -1.427976
v -9.804642 0.031222 -1.515180
v -9.735508 0.031222 -1.584314
v -9.795380 0.031222 -1.549747
v -9.770075 0.031222 -1.575052
v -9.735508 0.281222 -1.515180
v -9.735508 0.212088 -1.584314
v -9.804642 0.212088 -1.515180
v -9.735508 0.271986 -1.549702
v -9.770030 0.271986 -1.515180
v -9.768568 0.263015 -1.548241
v -9.770030 0.212088 -1.575078
v -9.735508 0.246610 -1.575078
v -9.768568 0.245149 -1.566107
v -9.795405 0.246610 -1.515180
v -9.795405 0.212088 -1.549702
v -9.786434 0.245149 -1.548241
v -9.749610 0.031222 -1.272652
v -9.804642 0.031222 -1.377847
v -9.738422 0.031222 -1.334363
v -9.777126 0.031222 -1.301540
v -9.797269 0.031222 -1.338617
v -9.749610 0.212077 -1.272652
v -9.655758 0.281222 -1.286984
v -9.735508 0.281222 -1.407416
v -9.804642 0.212088 -1.383632
v -9.726623 0.245958 -1.267840
v -9.776487 0.212081 -1.303234
v -9.760972 0.247260 -1.305231
v -9.695065 0.281222 -1.325826
v -9.692592 0.271022 -1.273040
v -9.733954 0.270419 -1.313019
v -9.769427 0.270973 -1.399818
v -9.724090 0.281222 -1.369854
v -9.759553 0.270365 -1.355622
v -9.796565 0.212085 -1.343726
v -9.794393 0.246008 -1.391230
v -9.783818 0.247306 -1.346684
v -8.709068 0.281222 -0.836189
v -8.639935 0.212088 -0.836189
v -8.674501 0.271960 -0.836189
v -8.649197 0.246655 -0.836189
v -8.833594 0.212088 -0.836189
v -8.762033 0.280008 -0.733754
v -8.824334 0.246435 -0.818236
v -8.799035 0.271137 -0.769187
v -9.530564 0.281222 -1.242370
v -9.480376 0.212088 -1.291737
v -9.505471 0.271960 -1.267053
v -9.487101 0.246655 -1.285123
v -9.608703 0.212077 -1.165508
v -9.559593 0.281222 -1.213815
v -9.602124 0.246650 -1.171979
v -9.584148 0.271959 -1.189661
v -9.371595 0.281222 -1.130915
v -9.321425 0.212088 -1.180265
v -9.346510 0.271960 -1.155590
v -9.328147 0.246655 -1.173653
v -9.449752 0.212075 -1.054035
v -9.400737 0.281222 -1.102250
v -9.443186 0.246649 -1.060495
v -9.425244 0.271958 -1.078142
v -9.181664 0.281222 -0.998814
v -9.131510 0.212088 -1.048149
v -9.156587 0.271960 -1.023482
v -9.138229 0.246655 -1.041540
v -9.259836 0.212073 -0.921920
v -9.211005 0.281222 -0.969953
v -9.253294 0.246648 -0.928355
v -9.235421 0.271958 -0.945936
v -8.966967 0.281222 -0.846067
v -8.916822 0.212088 -0.895391
v -8.941895 0.271960 -0.870729
v -8.923541 0.246655 -0.888783
v -9.045149 0.212070 -0.769162
v -8.996603 0.281222 -0.816914
v -9.038645 0.246646 -0.775559
v -9.020876 0.271958 -0.793038
v -8.776464 0.031222 -0.633723
v -8.902739 0.031222 -0.672177
v -8.841516 0.031222 -0.702276
v -8.818686 0.031222 -0.638706
v -8.864905 0.031222 -0.652781
v -8.841032 0.274391 -0.711291
v -8.902929 0.204201 -0.672886
v -8.776463 0.204671 -0.634235
v -8.866453 0.263411 -0.689328
v -8.819942 0.263286 -0.673567
v -8.843460 0.254892 -0.664346
v -8.864829 0.204388 -0.654033
v -8.888845 0.238045 -0.675427
v -8.857765 0.236543 -0.658057
v -8.796521 0.237962 -0.645659
v -8.818593 0.204560 -0.639902
v -8.828309 0.236415 -0.648569
v -8.639935 0.031222 -0.703767
v -8.709067 0.031222 -0.634172
v -8.649197 0.031222 -0.669138
v -8.674500 0.031222 -0.643664
v -8.709068 0.208283 -0.634632
v -8.639935 0.212088 -0.703767
v -8.708970 0.277522 -0.711100
v -8.675136 0.209499 -0.644890
v -8.709734 0.242107 -0.645888
v -8.676428 0.242627 -0.653471
v -8.650195 0.245496 -0.706113
v -8.650192 0.210872 -0.669834
v -8.657920 0.243762 -0.672222
v -8.709702 0.267135 -0.673445
v -8.675060 0.269065 -0.708754
v -8.676413 0.261217 -0.673332
v -9.250732 0.011041 1.414433
v -9.679334 0.011041 1.407476
v -9.854718 0.011041 1.200584
v -9.104307 0.011041 1.200583
v -9.267182 0.011041 1.054240
v -9.100866 0.011041 1.050921
v -9.248300 0.011041 0.808488
v -9.087614 0.011041 0.913178
v -9.143365 0.011041 0.638183
v -9.006762 0.011041 0.763516
v -8.986821 0.011041 0.543569
v -8.917309 0.011041 0.722230
v -8.792432 0.011041 0.540129
v -8.796891 0.011041 0.725670
v -8.608703 0.011041 0.562009
v -8.684737 0.011041 0.727874
v -8.451614 0.011041 0.699063
v -8.556263 0.011041 0.841977
v -8.337791 0.011041 0.898186
v -8.501500 0.011041 0.952500
v -8.342332 0.011041 1.122586
v -8.514162 0.011041 1.123758
v -8.351179 0.011041 1.280795
v -8.519077 0.011041 1.244231
v -9.608253 0.011041 1.200584
v -9.679334 0.011041 1.129503
v -9.750415 0.011041 1.200584
v -9.679334 0.011041 1.271664
v -9.643794 0.011041 1.191061
v -9.669811 0.011041 1.165043
v -9.266316 0.261041 1.345082
v -9.250732 0.189017 1.414433
v -9.258525 0.251392 1.379757
v -9.252820 0.225029 1.405142
v -9.679334 0.189017 1.407476
v -9.679334 0.261041 1.336395
v -9.679334 0.225029 1.397952
v -9.679334 0.251392 1.371935
v -9.285566 0.011041 1.115009
v -9.366511 0.011041 1.198654
v -9.255690 0.011041 1.271664
v -9.184609 0.011041 1.200583
v -9.300682 0.011041 1.148786
v -9.330613 0.011041 1.170900
v -9.366511 0.189017 1.198654
v -9.285566 0.189017 1.115009
v -9.219551 0.261041 1.125702
v -9.376262 0.261041 1.269063
v -9.331108 0.189017 1.169805
v -9.367957 0.224368 1.209101
v -9.327084 0.225726 1.177986
v -9.275727 0.224440 1.116603
v -9.301582 0.189017 1.147992
v -9.295425 0.225798 1.154425
v -9.250668 0.261041 1.191114
v -9.251884 0.250405 1.120465
v -9.278975 0.249775 1.168859
v -9.371475 0.250354 1.234504
v -9.307568 0.261041 1.234463
v -9.319101 0.249733 1.199013
v -9.608253 0.189017 1.200584
v -9.608253 0.261041 1.271664
v -9.750415 0.261041 1.129503
v -9.679334 0.189017 1.129503
v -9.608253 0.224368 1.211130
v -9.643141 0.189017 1.190037
v -9.648498 0.225726 1.197522
v -9.678029 0.261041 1.250571
v -9.608253 0.250354 1.236776
v -9.660213 0.249734 1.217134
v -9.715527 0.250354 1.129503
v -9.729321 0.261041 1.199279
v -9.695885 0.249734 1.181462
v -9.668787 0.189017 1.164391
v -9.689881 0.224368 1.129503
v -9.676272 0.225726 1.169747
v -9.854718 0.189017 1.336395
v -9.783637 0.261041 1.336395
v -9.783637 0.189017 1.407476
v -9.845222 0.224982 1.336395
v -9.845222 0.189017 1.371889
v -9.835998 0.223460 1.370386
v -9.783637 0.251419 1.371889
v -9.819130 0.251419 1.336395
v -9.817628 0.242072 1.370386
v -9.819130 0.189017 1.397979
v -9.783637 0.224982 1.397979
v -9.817628 0.223460 1.388755
v -9.854718 0.189017 1.200584
v -9.783637 0.261041 1.200584
v -9.845195 0.225029 1.200584
v -9.819178 0.251392 1.200584
v -9.119354 0.191025 1.280344
v -9.186013 0.191025 1.391138
v -9.215189 0.261042 1.312751
v -9.134513 0.191025 1.326062
v -9.130893 0.232631 1.284719
v -9.143600 0.231321 1.328126
v -9.190260 0.232622 1.379476
v -9.152029 0.191025 1.364978
v -9.156445 0.231314 1.356714
v -9.171381 0.261042 1.297014
v -9.200786 0.251392 1.351195
v -9.164235 0.251392 1.335953
v -9.174932 0.261041 1.200583
v -9.104307 0.189017 1.200583
v -9.139621 0.251392 1.200584
v -9.113770 0.225029 1.200583
v -9.267182 0.189017 1.054240
v -9.200458 0.261041 1.054240
v -9.258243 0.225029 1.054240
v -9.233820 0.251392 1.054240
v -9.171437 0.261041 1.050921
v -9.100866 0.189017 1.050921
v -9.136152 0.251392 1.050921
v -9.110322 0.225029 1.050921
v -9.248300 0.189017 0.808488
v -9.182788 0.261041 0.851170
v -9.239523 0.225029 0.814207
v -9.215545 0.251392 0.829829
v -9.153918 0.261041 0.869979
v -9.087614 0.189017 0.913178
v -9.120767 0.251392 0.891579
v -9.096498 0.225029 0.907390
v -9.143365 0.189017 0.638183
v -9.084952 0.261041 0.691776
v -9.135539 0.225029 0.645363
v -9.114158 0.251392 0.664980
v -9.066833 0.261041 0.708400
v -9.006762 0.189017 0.763516
v -9.036798 0.251392 0.735958
v -9.014811 0.225029 0.756132
v -8.986821 0.189017 0.543569
v -8.958764 0.261041 0.615682
v -8.983062 0.225029 0.553230
v -8.972793 0.251392 0.579626
v -8.944884 0.261041 0.651356
v -8.917309 0.189017 0.722230
v -8.931097 0.251392 0.686793
v -8.921003 0.225029 0.712734
v -8.792432 0.189017 0.540129
v -8.794188 0.261041 0.613203
v -8.792667 0.225029 0.549919
v -8.793310 0.251392 0.576666
v -8.795186 0.261041 0.654716
v -8.796891 0.189017 0.725670
v -8.796039 0.251392 0.690193
v -8.796662 0.225029 0.716164
v -8.608703 0.189017 0.562009
v -8.640812 0.261041 0.632053
v -8.613005 0.225029 0.571393
v -8.624757 0.251392 0.597031
v -8.652074 0.261041 0.656621
v -8.684737 0.189017 0.727874
v -8.668406 0.251392 0.692247
v -8.680361 0.225029 0.718328
v -8.451614 0.189017 0.699063
v -8.495889 0.261041 0.759527
v -8.457546 0.225029 0.707163
v -8.473751 0.251392 0.729295
v -8.511150 0.261041 0.780368
v -8.556263 0.189017 0.841977
v -8.533707 0.251392 0.811173
v -8.550220 0.225029 0.833723
v -8.337791 0.189017 0.898186
v -8.404933 0.261041 0.920461
v -8.346787 0.225029 0.901170
v -8.371363 0.251392 0.909324
v -8.435319 0.261041 0.930542
v -8.501500 0.189017 0.952500
v -8.468410 0.251392 0.941521
v -8.492633 0.225029 0.949558
v -8.342332 0.189017 1.122586
v -8.409720 0.261042 1.123046
v -8.351361 0.225029 1.122647
v -8.376027 0.251392 1.122816
v -8.448557 0.261041 1.123311
v -8.514162 0.189017 1.123758
v -8.481359 0.251392 1.123534
v -8.505373 0.225029 1.123698
v -8.351179 0.189017 1.280795
v -8.418115 0.261041 1.266218
v -8.360147 0.225029 1.278842
v -8.384646 0.251392 1.273506
v -8.453512 0.261041 1.258509
v -8.519077 0.189017 1.244231
v -8.486295 0.251392 1.251370
v -8.510294 0.225029 1.246144
v -8.486002 0.189017 1.446296
v -8.459201 0.261041 1.379386
v -8.392360 0.189017 1.394583
v -8.480027 0.224365 1.436806
v -8.448391 0.189017 1.443826
v -8.445764 0.223258 1.436408
v -8.426960 0.250391 1.388254
v -8.470355 0.250356 1.412659
v -8.439060 0.242375 1.419069
v -8.414482 0.189017 1.425100
v -8.402823 0.224418 1.393743
v -8.421596 0.223304 1.422926
v -8.514995 0.189017 1.439983
v -8.560259 0.189017 1.358019
v -8.494305 0.261041 1.371742
v -8.545804 0.189017 1.423757
v -8.512870 0.224982 1.430609
v -8.542297 0.223460 1.414962
v -8.552087 0.224982 1.359596
v -8.562418 0.189017 1.393672
v -8.553994 0.223460 1.393781
v -8.505276 0.251419 1.405561
v -8.527878 0.251419 1.364633
v -8.536951 0.242072 1.397327
v -9.750415 0.189017 0.613977
v -9.679334 0.189017 0.685057
v -9.750415 0.261041 0.685057
v -9.714921 0.189017 0.623473
v -9.750415 0.224982 0.623473
v -9.716423 0.223460 0.632697
v -9.688830 0.224982 0.685057
v -9.688830 0.189017 0.649564
v -9.698054 0.223460 0.651066
v -9.750415 0.251419 0.649564
v -9.714921 0.251419 0.685057
v -9.716423 0.242072 0.651066
v -9.783637 0.189017 0.613977
v -9.783637 0.261041 0.685057
v -9.854718 0.189017 0.685057
v -9.783637 0.224982 0.623473
v -9.819130 0.189017 0.623473
v -9.817628 0.223460 0.632697
v -9.819130 0.251419 0.685057
v -9.783637 0.251419 0.649564
v -9.817628 0.242072 0.651066
v -9.845222 0.189017 0.649564
v -9.845222 0.224982 0.685057
v -9.835998 0.223460 0.651066
v -9.854718 0.011041 1.336395
v -9.783637 0.011041 1.407476
v -9.845195 0.011041 1.371935
v -9.819178 0.011041 1.397952
v -9.186013 0.011282 1.391138
v -9.119354 0.011282 1.280344
v -9.150884 0.011282 1.365832
v -9.133114 0.011282 1.326352
v -8.486002 0.011041 1.446296
v -8.392360 0.011041 1.394583
v -8.448034 0.011041 1.444904
v -8.413759 0.011041 1.425976
v -8.560259 0.011041 1.358019
v -8.514995 0.011041 1.439983
v -8.563047 0.011041 1.393465
v -8.546480 0.011041 1.423466
v -9.679334 0.011041 0.685057
v -9.750415 0.011041 0.613977
v -9.688857 0.011041 0.649517
v -9.714874 0.011041 0.623500
v -9.783637 0.011041 0.613977
v -9.854718 0.011041 0.685057
v -9.819178 0.011041 0.623500
v -9.845195 0.011041 0.649517
v -9.387918 0.031222 3.463986
v -9.623552 0.031222 3.416100
v -9.387918 0.031222 3.240324
v -9.582849 0.031222 3.192437
v -9.819663 0.031222 3.290988
v -9.686031 0.031222 3.111636
v -9.921712 0.031222 3.046403
v -9.725630 0.031222 3.021156
v -9.937588 0.031222 2.863865
v -9.765347 0.031222 2.885912
v -9.939305 0.031222 2.713722
v -9.767063 0.031222 2.735769
v -9.256229 0.031222 3.463986
v -9.079048 0.031222 3.463986
v -8.842010 0.031222 3.463986
v -8.842010 0.031222 3.240324
v -8.633446 0.031222 3.412277
v -8.691421 0.031222 3.196259
v -8.421955 0.031222 3.230649
v -8.591169 0.031222 3.105174
v -8.351655 0.031222 2.972085
v -8.554895 0.031222 2.959818
v -8.390118 0.031222 2.743610
v -8.578439 0.031222 2.821023
v -8.573600 0.031222 2.548376
v -8.689399 0.031222 2.715851
v -8.812691 0.031222 2.478686
v -8.791399 0.031222 2.681181
v -9.003113 0.031222 2.479806
v -8.986609 0.031222 2.682300
v -9.189902 0.031222 2.529597
v -9.100490 0.031222 2.712030
v -9.333323 0.031222 2.701129
v -9.153530 0.031222 2.795736
v -9.379791 0.031222 2.924953
v -9.176779 0.031222 2.917077
v -9.306231 0.031222 3.139419
v -9.153263 0.031222 3.069834
v -9.387918 0.216331 3.463986
v -9.387918 0.281222 3.392919
v -9.387918 0.248777 3.454465
v -9.387918 0.272529 3.428453
v -9.610938 0.281222 3.346781
v -9.623552 0.216331 3.416100
v -9.617246 0.272529 3.381441
v -9.621862 0.248777 3.406813
v -9.387918 0.281222 3.312870
v -9.387918 0.216331 3.240324
v -9.387918 0.272529 3.276597
v -9.387918 0.248777 3.250043
v -9.582849 0.216331 3.192437
v -9.595637 0.281222 3.262707
v -9.584563 0.248777 3.201852
v -9.589244 0.272529 3.227572
v -9.779923 0.281222 3.237652
v -9.819663 0.216331 3.290988
v -9.799793 0.272529 3.264320
v -9.814340 0.248777 3.283842
v -9.686031 0.216331 3.111636
v -9.724507 0.281222 3.163275
v -9.691185 0.248777 3.118554
v -9.705269 0.272529 3.137455
v -9.861797 0.281222 3.038689
v -9.921712 0.216331 3.046403
v -9.891755 0.272529 3.042546
v -9.913686 0.248777 3.045370
v -9.725630 0.216331 3.021156
v -9.784445 0.281222 3.028729
v -9.733509 0.248777 3.022171
v -9.755036 0.272529 3.024943
v -9.875731 0.281222 2.871783
v -9.937588 0.216331 2.863865
v -9.906659 0.272529 2.867824
v -9.929300 0.248777 2.864926
v -9.765347 0.216331 2.885912
v -9.829174 0.281222 2.877742
v -9.773897 0.248777 2.884817
v -9.797259 0.272529 2.881827
v -9.877157 0.281222 2.721677
v -9.939305 0.216331 2.713722
v -9.908231 0.272529 2.717699
v -9.930979 0.248777 2.714787
v -9.767063 0.216331 2.735769
v -9.830972 0.281222 2.727588
v -9.775626 0.248777 2.734673
v -9.799017 0.272529 2.731678
v -9.925843 0.031222 2.608549
v -9.853238 0.031222 2.552422
v -9.913100 0.031222 2.577470
v -9.886525 0.031222 2.556926
v -9.925843 0.216331 2.608549
v -9.863609 0.281222 2.616515
v -9.853238 0.216331 2.552422
v -9.917919 0.248734 2.609564
v -9.912741 0.216331 2.577559
v -9.905232 0.247363 2.579903
v -9.858821 0.272553 2.584461
v -9.895075 0.272553 2.612488
v -9.889150 0.264132 2.581961
v -9.886089 0.216331 2.556957
v -9.855014 0.248734 2.560935
v -9.886469 0.247363 2.565398
v -9.809729 0.031222 2.557991
v -9.753601 0.031222 2.630596
v -9.778649 0.031222 2.570734
v -9.758105 0.031222 2.597310
v -9.817527 0.281222 2.622414
v -9.753601 0.216331 2.630596
v -9.809729 0.216331 2.557991
v -9.786158 0.271599 2.626429
v -9.813624 0.271594 2.590803
v -9.783306 0.264387 2.595693
v -9.759109 0.216331 2.597781
v -9.763092 0.248189 2.629382
v -9.766332 0.247186 2.597867
v -9.810811 0.248181 2.567560
v -9.779359 0.216331 2.571586
v -9.781189 0.247179 2.578620
v -9.256229 0.216331 3.463986
v -9.256229 0.281222 3.393268
v -9.256229 0.248777 3.454512
v -9.256229 0.272529 3.428627
v -9.321121 0.031222 3.240324
v -9.285042 0.031222 3.182180
v -9.191339 0.031222 3.240324
v -9.256229 0.031222 3.305215
v -9.292536 0.031222 3.232534
v -9.279330 0.031222 3.211252
v -9.285042 0.216331 3.182180
v -9.321121 0.216331 3.240324
v -9.151039 0.281222 3.312575
v -9.280609 0.216331 3.211041
v -9.251375 0.248059 3.229522
v -9.258092 0.247043 3.235343
v -9.270459 0.247910 3.250843
v -9.293294 0.216331 3.231481
v -9.264180 0.246917 3.242330
v -9.202443 0.271734 3.277117
v -9.208401 0.271628 3.277169
v -9.234389 0.264483 3.257126
v -9.079048 0.216331 3.463986
v -9.079048 0.281222 3.393151
v -9.079048 0.248777 3.454496
v -9.079048 0.272529 3.428569
v -9.104949 0.031222 3.180825
v -9.014157 0.031222 3.240324
v -9.079048 0.031222 3.305215
v -9.143940 0.031222 3.240324
v -9.083304 0.031222 3.210575
v -9.050073 0.031222 3.232353
v -9.104949 0.216331 3.180825
v -9.119556 0.281222 3.305215
v -9.014157 0.216331 3.240324
v -9.099503 0.248086 3.216617
v -9.082737 0.216331 3.209917
v -9.083728 0.247110 3.229950
v -9.086035 0.271675 3.273486
v -9.104829 0.271698 3.261902
v -9.084948 0.264489 3.250796
v -9.049696 0.216331 3.231570
v -9.047678 0.248060 3.249871
v -9.066922 0.247088 3.240748
v -8.842010 0.216331 3.463986
v -8.842010 0.281222 3.392559
v -8.842010 0.248777 3.454417
v -8.842010 0.272529 3.428272
v -8.842010 0.281222 3.312040
v -8.842010 0.216331 3.240324
v -8.842010 0.272529 3.276182
v -8.842010 0.248777 3.249932
v -8.633446 0.216331 3.412277
v -8.651694 0.281222 3.344285
v -8.635890 0.248777 3.403168
v -8.642570 0.272529 3.378281
v -8.671803 0.281222 3.269358
v -8.691421 0.216331 3.196259
v -8.681612 0.272529 3.232808
v -8.688793 0.248777 3.206053
v -8.421955 0.216331 3.230649
v -8.475354 0.281222 3.191053
v -8.429110 0.248777 3.225345
v -8.448654 0.272529 3.210851
v -8.535328 0.281222 3.146581
v -8.591169 0.216331 3.105174
v -8.563249 0.272529 3.125878
v -8.583688 0.248777 3.110722
v -8.351655 0.216331 2.972085
v -8.416112 0.281222 2.968194
v -8.360291 0.248777 2.971563
v -8.383883 0.272529 2.970139
v -8.488616 0.281222 2.963818
v -8.554895 0.216331 2.959818
v -8.521756 0.272529 2.961818
v -8.546016 0.248777 2.960354
v -8.390118 0.216331 2.743610
v -8.450892 0.281222 2.768593
v -8.398260 0.248777 2.746957
v -8.420505 0.272529 2.756101
v -8.516081 0.281222 2.795390
v -8.578439 0.216331 2.821023
v -8.547259 0.272529 2.808207
v -8.570084 0.248777 2.817589
v -8.573600 0.216331 2.548376
v -8.609918 0.281222 2.600900
v -8.578465 0.248777 2.555413
v -8.591759 0.272529 2.574638
v -8.653391 0.281222 2.663774
v -8.689399 0.216331 2.715851
v -8.671394 0.272529 2.689813
v -8.684575 0.248777 2.708874
v -8.812691 0.216331 2.478686
v -8.805755 0.281222 2.544647
v -8.811762 0.248777 2.487523
v -8.809223 0.272529 2.511667
v -8.798509 0.281222 2.613561
v -8.791399 0.216331 2.681181
v -8.794954 0.272529 2.647371
v -8.792351 0.248777 2.672122
v -9.003113 0.216331 2.479806
v -8.997684 0.281222 2.546431
v -9.002385 0.248777 2.488732
v -9.000399 0.272529 2.513119
v -8.992184 0.281222 2.613910
v -8.986609 0.216331 2.682300
v -8.989397 0.272529 2.648105
v -8.987357 0.248777 2.673138
v -9.189902 0.216331 2.529597
v -9.160048 0.281222 2.590509
v -9.185903 0.248777 2.537758
v -9.174975 0.272529 2.560053
v -9.131298 0.281222 2.649171
v -9.100490 0.216331 2.712030
v -9.115894 0.272529 2.680601
v -9.104618 0.248777 2.703609
v -9.333323 0.216331 2.701129
v -9.276514 0.281222 2.731022
v -9.325713 0.248777 2.705134
v -9.304918 0.272529 2.716076
v -9.207513 0.281222 2.767330
v -9.153530 0.216331 2.795736
v -9.180522 0.272529 2.781533
v -9.160762 0.248777 2.791930
v -9.379791 0.216331 2.924953
v -9.315666 0.281222 2.922466
v -9.371201 0.248777 2.924620
v -9.347729 0.272529 2.923709
v -9.237422 0.281222 2.919430
v -9.176779 0.216331 2.917077
v -9.207101 0.272529 2.918254
v -9.184904 0.248777 2.917392
v -9.306231 0.216331 3.139419
v -9.249706 0.281222 3.113706
v -9.298658 0.248777 3.135974
v -9.277968 0.272529 3.126563
v -9.210586 0.281222 3.095910
v -9.153263 0.216331 3.069834
v -9.181924 0.272529 3.082872
v -9.160943 0.248777 3.073328
v -9.688117 0.031222 4.617796
v -9.871019 0.031222 4.617796
v -8.372636 0.031222 5.135372
v -8.439970 0.031222 5.178926
v -8.381657 0.031222 5.168230
v -8.406302 0.031222 5.184172
v -8.372636 0.207396 5.135372
v -8.446463 0.281222 5.095065
v -8.439970 0.207396 5.178926
v -8.383686 0.244261 5.128152
v -8.380445 0.207396 5.170028
v -8.391224 0.242701 5.161383
v -8.444407 0.271359 5.135105
v -8.410785 0.271359 5.113357
v -8.410303 0.261779 5.150966
v -8.405160 0.207396 5.186015
v -8.442025 0.244261 5.165888
v -8.408625 0.242701 5.172638
v -9.761944 0.281222 4.503662
v -9.688117 0.207396 4.617796
v -9.725030 0.271331 4.560730
v -9.698009 0.244309 4.602505
v -8.439970 0.031222 4.928927
v -8.372636 0.031222 5.033025
v -8.406302 0.031222 4.953954
v -8.381657 0.031222 4.992056
v -8.446463 0.281222 5.003216
v -8.372636 0.207396 5.033025
v -8.439970 0.207396 4.928927
v -8.410785 0.271359 5.018186
v -8.444407 0.271359 4.966205
v -8.410303 0.261779 4.982106
v -8.380445 0.207396 4.992031
v -8.383686 0.244261 5.029127
v -8.391224 0.242701 4.989809
v -8.442025 0.244261 4.938936
v -8.405160 0.207396 4.953821
v -8.408625 0.242701 4.962908
v -9.761944 0.031222 4.367796
v -9.620782 0.031222 4.398068
v -9.688117 0.031222 4.441623
v -9.716009 0.031222 4.371852
v -9.664341 0.031222 4.382932
v -9.761944 0.207396 4.367796
v -9.688117 0.281222 4.444855
v -9.620782 0.207396 4.398068
v -9.739000 0.243498 4.379137
v -9.716074 0.207396 4.372227
v -9.704981 0.242399 4.380846
v -9.662067 0.270334 4.418847
v -9.712230 0.270287 4.407062
v -9.687849 0.262114 4.395814
v -9.664435 0.207396 4.383301
v -9.637709 0.243655 4.401908
v -9.672608 0.242532 4.388117
v -9.871019 0.207396 4.617796
v -9.797193 0.281222 4.617796
v -9.861128 0.244309 4.617796
v -9.834105 0.271331 4.617796
v -9.871019 0.031222 4.441623
v -9.797193 0.031222 4.367796
v -9.861128 0.031222 4.404709
v -9.834105 0.031222 4.377687
v -9.797193 0.281222 4.444731
v -9.797193 0.207396 4.367796
v -9.871019 0.207396 4.441623
v -9.797193 0.270235 4.406917
v -9.833427 0.270268 4.443737
v -9.832284 0.262047 4.407555
v -9.833428 0.207396 4.378751
v -9.797193 0.243580 4.379176
v -9.832293 0.242448 4.387336
v -9.860065 0.243632 4.442616
v -9.860065 0.207396 4.405387
v -9.851863 0.242492 4.407085
v -9.688117 0.031222 5.293864
v -9.761944 0.031222 5.367691
v -9.698009 0.031222 5.330777
v -9.725030 0.031222 5.357800
v -9.688117 0.207396 5.293864
v -9.761944 0.281222 5.293864
v -9.761944 0.207396 5.367691
v -9.697980 0.244261 5.293864
v -9.697980 0.207396 5.330729
v -9.707561 0.242701 5.329169
v -9.761944 0.271359 5.330729
v -9.725080 0.271359 5.293864
v -9.726640 0.261779 5.329169
v -9.725080 0.207396 5.357828
v -9.761944 0.244261 5.357828
v -9.726640 0.242701 5.348247
v -9.797193 0.031222 5.367691
v -9.871019 0.031222 5.293864
v -9.834105 0.031222 5.357800
v -9.861128 0.031222 5.330777
v -9.871019 0.207396 5.293864
v -9.797193 0.207396 5.367691
v -9.797193 0.281222 5.293864
v -9.861156 0.207396 5.330729
v -9.861156 0.244261 5.293864
v -9.851575 0.242701 5.329169
v -9.797193 0.244261 5.357828
v -9.834058 0.207396 5.357828
v -9.832498 0.242701 5.348247
v -9.834058 0.271359 5.293864
v -9.797193 0.271359 5.330729
v -9.832498 0.261779 5.329169
v -9.314953 0.031222 6.694289
v -9.332991 0.031222 6.875480
v -8.957414 0.031222 7.105108
v -9.178770 0.031222 7.105108
v -8.848340 0.031222 6.907039
v -9.244214 0.031222 6.947353
v -8.987385 0.031222 6.784505
v -9.083197 0.031222 6.953851
v -9.175163 0.031222 6.779996
v -9.454656 0.031222 6.676419
v -9.448056 0.031222 6.858386
v -9.637267 0.031222 6.709991
v -9.566776 0.031222 6.877880
v -9.776469 0.031222 6.878227
v -9.631420 0.031222 6.947587
v -9.823296 0.031222 6.990668
v -9.663245 0.031222 7.005968
v -9.835980 0.031222 7.105108
v -9.675930 0.031222 7.105108
v -8.757030 0.031222 6.822409
v -8.833710 0.031222 6.653685
v -8.638636 0.031222 6.819655
v -8.651805 0.031222 6.634793
v -8.517106 0.031222 6.851070
v -8.450897 0.031222 6.677969
v -8.414155 0.031222 7.003150
v -8.289326 0.031222 6.866164
v -8.400966 0.031222 7.105108
v -8.247954 0.031222 7.105108
v -9.314953 0.031222 7.515928
v -9.332991 0.031222 7.334737
v -8.848340 0.031222 7.303178
v -9.244214 0.031222 7.262864
v -8.987385 0.031222 7.425712
v -9.083197 0.031222 7.256365
v -9.175163 0.031222 7.430221
v -9.454656 0.031222 7.533797
v -9.448056 0.031222 7.351831
v -9.637267 0.031222 7.500225
v -9.566776 0.031222 7.332337
v -9.776469 0.031222 7.331990
v -9.631420 0.031222 7.262630
v -9.823296 0.031222 7.219549
v -9.663245 0.031222 7.204249
v -8.757030 0.031222 7.387808
v -8.833710 0.031222 7.556531
v -8.638636 0.031222 7.390561
v -8.651805 0.031222 7.575424
v -8.517106 0.031222 7.359146
v -8.450897 0.031222 7.532248
v -8.414155 0.031222 7.207067
v -8.289326 0.031222 7.344053
v -9.314953 0.211870 6.694289
v -9.322411 0.281222 6.769199
v -9.315951 0.246546 6.704326
v -9.318682 0.271931 6.731744
v -9.326080 0.281222 6.806060
v -9.332991 0.211870 6.875480
v -9.329535 0.271931 6.840770
v -9.332065 0.246546 6.866179
v -9.039325 0.281222 7.100135
v -8.957414 0.211870 7.105108
v -8.998369 0.271931 7.102622
v -8.968388 0.246546 7.104442
v -9.178770 0.211870 7.105108
v -9.115291 0.281222 7.077136
v -9.170265 0.246546 7.101361
v -9.147030 0.271931 7.091122
v -8.848340 0.211870 6.907039
v -8.905479 0.281222 6.856685
v -8.855996 0.246546 6.900293
v -8.876910 0.271931 6.881862
v -9.244214 0.211870 6.947353
v -9.213991 0.281222 6.874104
v -9.240165 0.246546 6.937540
v -9.229103 0.271931 6.910728
v -8.931398 0.281222 6.833844
v -8.987385 0.211870 6.784505
v -8.959391 0.271931 6.809175
v -8.979884 0.246546 6.791115
v -9.083197 0.211870 6.953851
v -9.074409 0.281222 7.086324
v -9.082019 0.246546 6.971599
v -9.078803 0.271931 7.020088
v -9.201718 0.281222 6.844357
v -9.175163 0.211870 6.779996
v -9.188440 0.271931 6.812177
v -9.178720 0.246546 6.788619
v -9.454656 0.211870 6.676419
v -9.451917 0.281222 6.751916
v -9.454288 0.246546 6.686534
v -9.453286 0.271931 6.714168
v -9.450626 0.281222 6.787501
v -9.448056 0.211870 6.858386
v -9.449341 0.271931 6.822944
v -9.448400 0.246546 6.848889
v -9.637267 0.211870 6.709991
v -9.607758 0.281222 6.780274
v -9.633313 0.246546 6.719408
v -9.622512 0.271931 6.745133
v -9.594829 0.281222 6.811067
v -9.566776 0.211870 6.877880
v -9.580802 0.271931 6.844474
v -9.570535 0.246546 6.868929
v -9.776469 0.211870 6.878227
v -9.713810 0.281222 6.908189
v -9.768074 0.246546 6.882241
v -9.745140 0.271931 6.893208
v -9.693810 0.281222 6.917754
v -9.631420 0.211870 6.947587
v -9.662614 0.271931 6.932670
v -9.639778 0.246546 6.943590
v -9.823296 0.211870 6.990668
v -9.751282 0.281222 6.997551
v -9.813647 0.246546 6.991590
v -9.787289 0.271931 6.994110
v -9.737885 0.281222 6.998832
v -9.663245 0.211870 7.005968
v -9.700565 0.271931 7.002400
v -9.673245 0.246546 7.005012
v -9.835980 0.211870 7.105108
v -9.763319 0.281222 7.105108
v -9.826246 0.246546 7.105108
v -9.799650 0.271931 7.105108
v -9.751594 0.281222 7.105108
v -9.675930 0.211870 7.105108
v -9.713762 0.271931 7.105108
v -9.686069 0.246546 7.105108
v -8.757030 0.211870 6.822409
v -8.790346 0.281222 6.749101
v -8.761493 0.246546 6.812588
v -8.773688 0.271931 6.785755
v -8.801724 0.281222 6.724065
v -8.833710 0.211870 6.653685
v -8.817717 0.271931 6.688875
v -8.829425 0.246546 6.663114
v -8.638636 0.211870 6.819655
v -8.643986 0.281222 6.744555
v -8.639353 0.246546 6.809594
v -8.641311 0.271931 6.782105
v -8.646534 0.281222 6.708783
v -8.651805 0.211870 6.634793
v -8.649170 0.271931 6.671788
v -8.651099 0.246546 6.644705
v -8.517106 0.211870 6.851070
v -8.490897 0.281222 6.782547
v -8.513595 0.246546 6.841890
v -8.504002 0.271931 6.816809
v -8.477059 0.281222 6.746370
v -8.450897 0.211870 6.677969
v -8.463978 0.271931 6.712170
v -8.454402 0.246546 6.687133
v -8.414155 0.211870 7.003150
v -8.371353 0.281222 6.956181
v -8.408422 0.246546 6.996857
v -8.392755 0.271931 6.979665
v -8.333860 0.281222 6.915036
v -8.289326 0.211870 6.866164
v -8.311593 0.271931 6.890600
v -8.295292 0.246546 6.872712
v -8.400966 0.211870 7.105108
v -8.351189 0.281222 7.105108
v -8.394297 0.246546 7.105108
v -8.376078 0.271931 7.105108
v -8.301620 0.281222 7.105108
v -8.247954 0.211870 7.105108
v -8.274788 0.271931 7.105108
v -8.255144 0.246546 7.105108
v -9.322411 0.281222 7.441018
v -9.314953 0.211870 7.515928
v -9.318682 0.271931 7.478472
v -9.315951 0.246546 7.505891
v -9.332991 0.211870 7.334737
v -9.325603 0.281222 7.408951
v -9.332002 0.246546 7.344680
v -9.329296 0.271931 7.371844
v -8.904007 0.281222 7.352234
v -8.848340 0.211870 7.303178
v -8.876174 0.271931 7.327706
v -8.855799 0.246546 7.309750
v -9.218810 0.281222 7.324434
v -9.244214 0.211870 7.262864
v -9.231512 0.271931 7.293649
v -9.240809 0.246546 7.271112
v -8.987385 0.211870 7.425712
v -8.931398 0.281222 7.376373
v -8.979884 0.246546 7.419101
v -8.959391 0.271931 7.401042
v -9.074409 0.281222 7.123893
v -9.083197 0.211870 7.256365
v -9.078803 0.271931 7.190129
v -9.082019 0.246546 7.238618
v -9.175163 0.211870 7.430221
v -9.201718 0.281222 7.365859
v -9.178720 0.246546 7.421598
v -9.188440 0.271931 7.398040
v -9.451917 0.281222 7.458301
v -9.454656 0.211870 7.533797
v -9.453286 0.271931 7.496049
v -9.454288 0.246546 7.523683
v -9.448056 0.211870 7.351831
v -9.450755 0.281222 7.426236
v -9.448417 0.246546 7.361799
v -9.449406 0.271931 7.389034
v -9.607758 0.281222 7.429943
v -9.637267 0.211870 7.500225
v -9.622512 0.271931 7.465084
v -9.633313 0.246546 7.490809
v -9.566776 0.211870 7.332337
v -9.595798 0.281222 7.401459
v -9.570664 0.246546 7.341598
v -9.581286 0.271931 7.366898
v -9.713810 0.281222 7.302028
v -9.776469 0.211870 7.331990
v -9.745140 0.271931 7.317009
v -9.768074 0.246546 7.327976
v -9.631420 0.211870 7.262630
v -9.695081 0.281222 7.293071
v -9.639949 0.246546 7.266708
v -9.663251 0.271931 7.277851
v -9.751282 0.281222 7.212665
v -9.823296 0.211870 7.219549
v -9.787289 0.271931 7.216107
v -9.813647 0.246546 7.218627
v -9.663245 0.211870 7.204249
v -9.738557 0.281222 7.211449
v -9.673335 0.246546 7.205214
v -9.700901 0.271931 7.207849
v -8.790743 0.281222 7.461988
v -8.757030 0.211870 7.387808
v -8.773887 0.271931 7.424898
v -8.761546 0.246546 7.397746
v -8.833710 0.211870 7.556531
v -8.801724 0.281222 7.486151
v -8.829425 0.246546 7.547102
v -8.817717 0.271931 7.521341
v -8.644034 0.281222 7.466336
v -8.638636 0.211870 7.390561
v -8.641335 0.271931 7.428448
v -8.639359 0.246546 7.400713
v -8.651805 0.211870 7.575424
v -8.646534 0.281222 7.501433
v -8.651098 0.246546 7.565512
v -8.649170 0.271931 7.538429
v -8.490726 0.281222 7.428118
v -8.517106 0.211870 7.359146
v -8.503916 0.271931 7.393632
v -8.513572 0.246546 7.368387
v -8.450897 0.211870 7.532248
v -8.477059 0.281222 7.463847
v -8.454402 0.246546 7.523084
v -8.463978 0.271931 7.498047
v -8.371191 0.281222 7.254214
v -8.414155 0.211870 7.207067
v -8.392673 0.271931 7.230641
v -8.408399 0.246546 7.213384
v -8.289326 0.211870 7.344053
v -8.333860 0.281222 7.295181
v -8.295292 0.246546 7.337505
v -8.311593 0.271931 7.319616
v -7.157718 0.078660 -9.446892
v -7.157718 0.078660 -9.255667
v -7.157718 0.078660 -10.156661
v -7.157718 0.078660 -10.369057
v -7.410064 0.078660 -9.441995
v -7.721080 0.078660 -9.255667
v -7.635366 0.078660 -9.444444
v -7.360698 0.078660 -10.192647
v -7.157718 0.328660 -9.372636
v -7.157718 0.254418 -9.446892
v -7.157718 0.318714 -9.409764
v -7.157718 0.291539 -9.436944
v -7.157718 0.254418 -9.255667
v -7.157718 0.328660 -9.329911
v -7.157718 0.291539 -9.265614
v -7.157718 0.318714 -9.292789
v -7.157718 0.254418 -10.137355
v -7.157718 0.328660 -10.266403
v -7.157718 0.291539 -10.168479
v -7.157718 0.318714 -10.253510
v -7.157718 0.328660 -10.294797
v -7.157718 0.254418 -10.369057
v -7.157718 0.318714 -10.331926
v -7.157718 0.291539 -10.359108
v -7.504068 0.078660 -9.184410
v -7.401945 0.078660 -9.253789
v -7.451643 0.078660 -9.323287
v -7.550424 0.078660 -9.253961
v -7.480180 0.078660 -9.218890
v -7.442800 0.078660 -9.244285
v -7.401945 0.254418 -9.253789
v -7.504068 0.254418 -9.184410
v -7.526362 0.328660 -9.327077
v -7.442352 0.254418 -9.243384
v -7.441413 0.290716 -9.264407
v -7.462770 0.289604 -9.253700
v -7.499398 0.290716 -9.225015
v -7.479507 0.254418 -9.218142
v -7.481576 0.289604 -9.240924
v -7.486698 0.317739 -9.291082
v -7.507512 0.317739 -9.276942
v -7.484078 0.309503 -9.264836
v -7.514141 0.328660 -9.365718
v -7.410064 0.254418 -9.441995
v -7.462102 0.318714 -9.403856
v -7.424007 0.291539 -9.431775
v -7.640719 0.328660 -9.254864
v -7.721080 0.254418 -9.255667
v -7.680899 0.318714 -9.255265
v -7.710314 0.291539 -9.255559
v -7.635366 0.254418 -9.444444
v -7.555023 0.328660 -9.443570
v -7.624603 0.291539 -9.444326
v -7.595195 0.318714 -9.444006
v -7.702259 0.078660 -8.879271
v -7.600137 0.078660 -8.947336
v -7.661404 0.078660 -8.888119
v -7.624025 0.078660 -8.913032
v -7.600137 0.254418 -8.947336
v -7.702259 0.254418 -8.879271
v -7.677838 0.328660 -8.953274
v -7.623345 0.254418 -8.912127
v -7.611151 0.291490 -8.949080
v -7.633479 0.289921 -8.915312
v -7.699629 0.291490 -8.890108
v -7.660830 0.254418 -8.887143
v -7.659870 0.289921 -8.897722
v -7.639671 0.318742 -8.951259
v -7.690665 0.318742 -8.917271
v -7.653559 0.309107 -8.916845
v -7.845032 0.078660 -8.949785
v -7.798676 0.078660 -8.880236
v -7.849027 0.078660 -8.915282
v -7.832060 0.078660 -8.889825
v -7.845032 0.254418 -8.949785
v -7.762612 0.328660 -8.954121
v -7.798676 0.254418 -8.880236
v -7.832525 0.291490 -8.951293
v -7.850533 0.254418 -8.914399
v -7.837736 0.289921 -8.917354
v -7.779124 0.318742 -8.918155
v -7.802271 0.318742 -8.952885
v -7.816437 0.309107 -8.918474
v -7.833518 0.254418 -8.888870
v -7.792362 0.291490 -8.891034
v -7.825757 0.289921 -8.899381
v -7.360698 0.254418 -10.192647
v -7.280343 0.328660 -10.191677
v -7.349932 0.291539 -10.192517
v -7.320520 0.318714 -10.192162
v -7.200562 0.078660 -10.369953
v -7.306933 0.078660 -10.304583
v -7.241982 0.078660 -10.361763
v -7.280916 0.078660 -10.337835
v -7.306933 0.254418 -10.304583
v -7.200562 0.254418 -10.369953
v -7.230027 0.328660 -10.296310
v -7.280299 0.254418 -10.337073
v -7.293566 0.290866 -10.307415
v -7.271811 0.289731 -10.336589
v -7.209708 0.290841 -10.359137
v -7.241580 0.254418 -10.360868
v -7.245336 0.289710 -10.352918
v -7.265786 0.317669 -10.304424
v -7.220349 0.317655 -10.332539
v -7.252959 0.309416 -10.335184
v -7.176855 0.328660 -10.256834
v -7.208348 0.328660 -10.166290
v -7.466693 0.328660 -9.439743
v -6.905372 0.078660 -9.441995
v -6.594356 0.078660 -9.255667
v -6.680069 0.078660 -9.444444
v -6.954738 0.078660 -10.192647
v -6.811368 0.078660 -9.184410
v -6.913491 0.078660 -9.253789
v -6.863793 0.078660 -9.323287
v -6.765012 0.078660 -9.253961
v -6.835256 0.078660 -9.218890
v -6.872635 0.078660 -9.244285
v -6.913491 0.254418 -9.253789
v -6.811368 0.254418 -9.184410
v -6.789073 0.328660 -9.327077
v -6.873084 0.254418 -9.243384
v -6.874022 0.290716 -9.264407
v -6.852666 0.289604 -9.253700
v -6.816038 0.290716 -9.225015
v -6.835928 0.254418 -9.218142
v -6.833859 0.289604 -9.240924
v -6.828738 0.317739 -9.291082
v -6.807923 0.317739 -9.276942
v -6.831357 0.309503 -9.264836
v -6.801295 0.328660 -9.365718
v -6.905372 0.254418 -9.441995
v -6.853333 0.318714 -9.403856
v -6.891428 0.291539 -9.431775
v -6.674716 0.328660 -9.254864
v -6.594356 0.254418 -9.255667
v -6.634536 0.318714 -9.255265
v -6.605122 0.291539 -9.255559
v -6.680069 0.254418 -9.444444
v -6.760412 0.328660 -9.443570
v -6.690833 0.291539 -9.444326
v -6.720241 0.318714 -9.444006
v -6.613177 0.078660 -8.879271
v -6.715299 0.078660 -8.947336
v -6.654032 0.078660 -8.888119
v -6.691411 0.078660 -8.913032
v -6.715299 0.254418 -8.947336
v -6.613177 0.254418 -8.879271
v -6.637598 0.328660 -8.953274
v -6.692091 0.254418 -8.912127
v -6.704285 0.291490 -8.949080
v -6.681957 0.289921 -8.915312
v -6.615806 0.291490 -8.890108
v -6.654606 0.254418 -8.887143
v -6.655566 0.289921 -8.897722
v -6.675764 0.318742 -8.951259
v -6.624770 0.318742 -8.917271
v -6.661877 0.309107 -8.916845
v -6.470404 0.078660 -8.949785
v -6.516760 0.078660 -8.880236
v -6.466408 0.078660 -8.915282
v -6.483376 0.078660 -8.889825
v -6.470404 0.254418 -8.949785
v -6.552824 0.328660 -8.954121
v -6.516760 0.254418 -8.880236
v -6.482911 0.291490 -8.951293
v -6.464902 0.254418 -8.914399
v -6.477699 0.289921 -8.917354
v -6.536312 0.318742 -8.918155
v -6.513164 0.318742 -8.952885
v -6.498998 0.309107 -8.918474
v -6.481918 0.254418 -8.888870
v -6.523074 0.291490 -8.891034
v -6.489678 0.289921 -8.899381
v -6.954738 0.254418 -10.192647
v -7.035093 0.328660 -10.191677
v -6.965503 0.291539 -10.192517
v -6.994915 0.318714 -10.192162
v -7.114873 0.078660 -10.369953
v -7.008502 0.078660 -10.304583
v -7.073454 0.078660 -10.361763
v -7.034519 0.078660 -10.337835
v -7.008502 0.254418 -10.304583
v -7.114873 0.254418 -10.369953
v -7.085409 0.328660 -10.296310
v -7.035137 0.254418 -10.337073
v -7.021870 0.290866 -10.307415
v -7.043624 0.289731 -10.336589
v -7.105728 0.290841 -10.359137
v -7.073856 0.254418 -10.360868
v -7.070099 0.289710 -10.352918
v -7.049650 0.317669 -10.304424
v -7.095086 0.317655 -10.332539
v -7.062477 0.309416 -10.335184
v -7.138581 0.328660 -10.256834
v -7.107087 0.328660 -10.166290
v -6.848742 0.328660 -9.439743
v -4.998863 0.078660 -9.517372
v -4.998863 0.078660 -9.685678
v -4.897528 0.078660 -9.752209
v -4.862680 0.078660 -9.473083
v -4.783335 0.078660 -9.605327
v -4.860742 0.078660 -9.637861
v -4.762867 0.078660 -9.710226
v -4.861583 0.078660 -9.818243
v -4.691104 0.078660 -9.807171
v -4.853080 0.078660 -9.933038
v -4.684018 0.078660 -9.927634
v -4.858571 0.078660 -10.069667
v -4.702620 0.078660 -10.092873
v -4.921700 0.078660 -10.160997
v -4.806723 0.078660 -10.258059
v -5.014099 0.078660 -10.200068
v -5.023277 0.078660 -10.352207
v -5.377582 0.078660 -10.359293
v -5.546973 0.078660 -10.208570
v -4.814031 0.078660 -9.418824
v -5.546975 0.078660 -9.696956
v -4.636324 0.078660 -9.492020
v -4.779489 0.078660 -9.355234
v -4.587315 0.078660 -9.352756
v -4.781452 0.078660 -9.202996
v -4.589278 0.078660 -9.200517
v -4.825358 0.078660 -9.105142
v -4.668712 0.078660 -8.993791
v -4.949921 0.078660 -9.011064
v -4.888705 0.078660 -8.845592
v -5.120331 0.078660 -9.008434
v -5.129092 0.078660 -8.843374
v -5.378325 0.078660 -8.843375
v -5.546975 0.078660 -9.006335
v -5.546975 0.078660 -9.506613
v -5.312661 0.078660 -9.517372
v -5.378325 0.078660 -9.451710
v -5.443854 0.078660 -9.513192
v -5.378325 0.078660 -9.583035
v -5.345492 0.078660 -9.508575
v -5.369527 0.078660 -9.484542
v -5.378325 0.262997 -9.451710
v -5.312661 0.262997 -9.517372
v -5.443987 0.328660 -9.583035
v -5.368581 0.262997 -9.483938
v -5.387972 0.295084 -9.493444
v -5.378266 0.294091 -9.506402
v -5.354395 0.295084 -9.527021
v -5.344890 0.262997 -9.507629
v -5.367353 0.294091 -9.517314
v -5.411901 0.319012 -9.541302
v -5.402253 0.319012 -9.550949
v -5.389347 0.311730 -9.528396
v -5.378325 0.078660 -9.762618
v -5.312690 0.078660 -9.695004
v -5.378325 0.078660 -9.631292
v -5.443987 0.078660 -9.696956
v -5.369531 0.078660 -9.729526
v -5.345507 0.078660 -9.704777
v -5.378325 0.262997 -9.762618
v -5.443988 0.328660 -9.633214
v -5.312690 0.262997 -9.695004
v -5.387973 0.295085 -9.721493
v -5.368594 0.262997 -9.730113
v -5.378252 0.294094 -9.708044
v -5.401927 0.319011 -9.664066
v -5.411900 0.319011 -9.674340
v -5.389228 0.311729 -9.686370
v -5.344892 0.262997 -9.705696
v -5.354084 0.295085 -9.686582
v -5.367239 0.294094 -9.696698
v -4.998863 0.262997 -9.517372
v -4.997159 0.328660 -9.583035
v -4.998634 0.295829 -9.526170
v -4.998010 0.319863 -9.550204
v -5.001945 0.328660 -9.620078
v -4.998863 0.262997 -9.685678
v -5.000403 0.319863 -9.652878
v -4.999276 0.295829 -9.676890
v -4.832489 0.328660 -9.731932
v -4.897528 0.262997 -9.752209
v -4.865008 0.319863 -9.742070
v -4.888814 0.295829 -9.749492
v -4.862680 0.262997 -9.473083
v -4.829494 0.328660 -9.528395
v -4.858234 0.295829 -9.480494
v -4.846087 0.319863 -9.500739
v -4.814621 0.328660 -9.553182
v -4.783335 0.262997 -9.605327
v -4.798978 0.319863 -9.579254
v -4.787526 0.295829 -9.598341
v -4.860742 0.262997 -9.637861
v -4.975139 0.328660 -9.620420
v -4.876069 0.295829 -9.635525
v -4.917941 0.319863 -9.629141
v -4.762867 0.262997 -9.710226
v -4.826189 0.328660 -9.729967
v -4.771351 0.295829 -9.712871
v -4.794528 0.319863 -9.720097
v -4.788937 0.328660 -9.813525
v -4.861583 0.262997 -9.818243
v -4.825260 0.319863 -9.815885
v -4.851850 0.295829 -9.817612
v -4.691104 0.262997 -9.807171
v -4.764354 0.328660 -9.811929
v -4.700918 0.295829 -9.807808
v -4.727729 0.319863 -9.809550
v -4.780645 0.328660 -9.930722
v -4.853080 0.262997 -9.933038
v -4.816862 0.319863 -9.931880
v -4.843375 0.295829 -9.932728
v -4.684018 0.262997 -9.927634
v -4.756800 0.328660 -9.929961
v -4.693769 0.295829 -9.927946
v -4.720409 0.319863 -9.928798
v -4.786514 0.328660 -10.080389
v -4.858571 0.262997 -10.069667
v -4.822543 0.319863 -10.075027
v -4.848917 0.295829 -10.071103
v -4.702620 0.262997 -10.092873
v -4.773874 0.328660 -10.082270
v -4.712166 0.295829 -10.091453
v -4.738247 0.319863 -10.087571
v -4.871170 0.328660 -10.203653
v -4.921700 0.262997 -10.160997
v -4.896435 0.319863 -10.182325
v -4.914930 0.295829 -10.166712
v -4.806723 0.262997 -10.258059
v -4.857756 0.328660 -10.214977
v -4.813560 0.295829 -10.252287
v -4.832239 0.319863 -10.236519
v -5.018078 0.328660 -10.266035
v -5.014099 0.262997 -10.200068
v -5.016088 0.319863 -10.233051
v -5.014632 0.295829 -10.208906
v -5.023277 0.262997 -10.352207
v -5.019232 0.328660 -10.285158
v -5.022735 0.295829 -10.343225
v -5.021255 0.319863 -10.318683
v -5.312679 0.078660 -10.207038
v -5.378325 0.078660 -10.142908
v -5.443987 0.078660 -10.208570
v -5.378001 0.078660 -10.274234
v -5.345501 0.078660 -10.199008
v -5.369529 0.078660 -10.175533
v -5.378325 0.262997 -10.142908
v -5.312679 0.262997 -10.207038
v -5.443987 0.328660 -10.275971
v -5.368577 0.262997 -10.174920
v -5.387971 0.295082 -10.185192
v -5.378278 0.294090 -10.197734
v -5.354599 0.295080 -10.217692
v -5.344910 0.262997 -10.198041
v -5.367432 0.294087 -10.208299
v -5.411901 0.319013 -10.233686
v -5.402453 0.319011 -10.242814
v -5.389421 0.311730 -10.220019
v -5.377582 0.262997 -10.359293
v -5.377911 0.328660 -10.292469
v -5.377626 0.295829 -10.350341
v -5.377747 0.319863 -10.325881
v -5.546973 0.262997 -10.208570
v -5.481309 0.328660 -10.208570
v -5.538176 0.295829 -10.208570
v -5.514142 0.319863 -10.208570
v -5.546554 0.078660 -10.293632
v -5.480567 0.078660 -10.359293
v -5.537595 0.078660 -10.326462
v -5.513443 0.078660 -10.350496
v -5.480567 0.262997 -10.359293
v -5.546554 0.262997 -10.293632
v -5.480896 0.328660 -10.292514
v -5.512843 0.262997 -10.349552
v -5.480672 0.295207 -10.349398
v -5.511888 0.294197 -10.342122
v -5.536813 0.295226 -10.293329
v -5.536654 0.262997 -10.325857
v -5.529368 0.294212 -10.324663
v -5.480790 0.318905 -10.325309
v -5.513124 0.318917 -10.292926
v -5.511973 0.311615 -10.324496
v -5.546975 0.262997 -9.696956
v -5.481311 0.328660 -9.696956
v -5.538177 0.295829 -9.696956
v -5.514143 0.319863 -9.696956
v -4.814031 0.262997 -9.418824
v -4.753955 0.328660 -9.443570
v -4.805982 0.295829 -9.422140
v -4.783993 0.319863 -9.431197
v -4.700126 0.328660 -9.465740
v -4.636324 0.262997 -9.492020
v -4.668225 0.319863 -9.478880
v -4.644872 0.295829 -9.488499
v -4.779489 0.262997 -9.355234
v -4.706112 0.328660 -9.354287
v -4.769658 0.295829 -9.355107
v -4.742800 0.319863 -9.354761
v -4.660028 0.328660 -9.353693
v -4.587315 0.262997 -9.352756
v -4.623671 0.319863 -9.353225
v -4.597056 0.295829 -9.352881
v -4.781452 0.262997 -9.202996
v -4.708325 0.328660 -9.202053
v -4.771655 0.295829 -9.202869
v -4.744889 0.319863 -9.202525
v -4.661782 0.328660 -9.201452
v -4.589278 0.262997 -9.200517
v -4.625530 0.319863 -9.200985
v -4.598991 0.295829 -9.200644
v -4.825358 0.262997 -9.105142
v -4.769502 0.328660 -9.065435
v -4.817875 0.295829 -9.099821
v -4.797430 0.319863 -9.085288
v -4.726080 0.328660 -9.034570
v -4.668712 0.262997 -8.993791
v -4.697396 0.319863 -9.014180
v -4.676398 0.295829 -8.999253
v -4.949921 0.262997 -9.011064
v -4.926182 0.328660 -8.946896
v -4.946741 0.295829 -9.002467
v -4.938052 0.319863 -8.978980
v -4.912327 0.328660 -8.909445
v -4.888705 0.262997 -8.845592
v -4.900516 0.319863 -8.877519
v -4.891870 0.295829 -8.854147
v -5.120331 0.262997 -9.008434
v -5.123765 0.328660 -8.943729
v -5.120791 0.295829 -8.999765
v -5.122048 0.319863 -8.976083
v -5.125677 0.328660 -8.907722
v -5.129092 0.262997 -8.843374
v -5.127384 0.319863 -8.875548
v -5.128634 0.295829 -8.851995
v -5.378325 0.078660 -9.074098
v -5.312661 0.078660 -9.008434
v -5.378325 0.078660 -8.942771
v -5.443982 0.078660 -9.007618
v -5.369527 0.078660 -9.041266
v -5.345493 0.078660 -9.017231
v -5.378325 0.262997 -9.074098
v -5.443988 0.328660 -8.943693
v -5.312661 0.262997 -9.008434
v -5.387972 0.295084 -9.032655
v -5.368581 0.262997 -9.041868
v -5.378289 0.294092 -9.019569
v -5.402596 0.319023 -8.975314
v -5.411900 0.319012 -8.985136
v -5.389474 0.311736 -8.997727
v -5.344890 0.262997 -9.018177
v -5.354737 0.295098 -8.998913
v -5.367480 0.294104 -9.008606
v -5.378325 0.328660 -8.907862
v -5.378325 0.262997 -8.843375
v -5.378325 0.319863 -8.875618
v -5.378325 0.295829 -8.852015
v -5.481311 0.328660 -9.007153
v -5.546975 0.262997 -9.006335
v -5.514143 0.319863 -9.006743
v -5.538177 0.295829 -9.006444
v -5.481317 0.078660 -8.842093
v -5.546975 0.078660 -8.906939
v -5.514145 0.078660 -8.850481
v -5.538178 0.078660 -8.874216
v -5.481317 0.262997 -8.842093
v -5.481311 0.328660 -8.906626
v -5.546975 0.262997 -8.906939
v -5.481315 0.295785 -8.850508
v -5.514103 0.262997 -8.850663
v -5.512714 0.294398 -8.858847
v -5.514099 0.319888 -8.906575
v -5.481313 0.319888 -8.874194
v -5.512713 0.311367 -8.875523
v -5.538204 0.262997 -8.874466
v -5.538201 0.295785 -8.906690
v -5.529682 0.294398 -8.875604
v -5.546975 0.262997 -9.506613
v -5.481311 0.328660 -9.510802
v -5.538177 0.295829 -9.507174
v -5.514143 0.319863 -9.508707
v -3.560425 0.078660 -9.420626
v -3.560425 0.078660 -9.670627
v -3.310425 0.078660 -9.420626
v -3.310425 0.078660 -9.670627
v -3.534904 0.078660 -9.916538
v -3.291049 0.078660 -9.861445
v -3.403096 0.078660 -10.179402
v -3.212289 0.078660 -10.048607
v -3.132015 0.078660 -10.360985
v -3.053777 0.078660 -10.162567
v -2.816064 0.078660 -10.392700
v -2.836576 0.078660 -10.180404
v -2.549203 0.078660 -10.301364
v -2.626566 0.078660 -10.118223
v -3.449238 0.078660 -9.056209
v -3.231182 0.078660 -9.178485
v -3.201705 0.078660 -8.829985
v -3.040173 0.078660 -9.020793
v -2.781815 0.078660 -8.783931
v -2.770926 0.078660 -9.019588
v -3.560425 0.238254 -9.420626
v -3.461791 0.328660 -9.420626
v -3.547211 0.283457 -9.420626
v -3.511108 0.316548 -9.420626
v -3.462521 0.328660 -9.670627
v -3.560425 0.238254 -9.670627
v -3.511473 0.316548 -9.670627
v -3.547308 0.283457 -9.670627
v -3.409595 0.328660 -9.420626
v -3.310425 0.238254 -9.420626
v -3.360010 0.316548 -9.420626
v -3.323711 0.283457 -9.420626
v -3.310425 0.238254 -9.670627
v -3.408278 0.328660 -9.670627
v -3.323535 0.283457 -9.670627
v -3.359352 0.316548 -9.670627
v -3.439394 0.328660 -9.894959
v -3.534904 0.238254 -9.916538
v -3.487148 0.316548 -9.905748
v -3.522107 0.283457 -9.913647
v -3.291049 0.238254 -9.861445
v -3.385975 0.328660 -9.882891
v -3.303767 0.283457 -9.864318
v -3.338512 0.316548 -9.872168
v -3.323709 0.328660 -10.124983
v -3.403096 0.238254 -10.179402
v -3.363403 0.316548 -10.152192
v -3.392460 0.283457 -10.172112
v -3.212289 0.238254 -10.048607
v -3.292726 0.328660 -10.103745
v -3.223066 0.283457 -10.055994
v -3.252508 0.316548 -10.076177
v -3.098267 0.328660 -10.275395
v -3.132015 0.238254 -10.360985
v -3.115141 0.316548 -10.318191
v -3.127494 0.283457 -10.349518
v -3.053777 0.238254 -10.162567
v -3.088471 0.328660 -10.250553
v -3.058426 0.283457 -10.174356
v -3.071124 0.316548 -10.206560
v -2.824785 0.328660 -10.302435
v -2.816064 0.238254 -10.392700
v -2.820425 0.316548 -10.347568
v -2.817233 0.283457 -10.380608
v -2.836576 0.238254 -10.180404
v -2.827727 0.328660 -10.271989
v -2.835391 0.283457 -10.192674
v -2.832152 0.316548 -10.226196
v -2.583723 0.328660 -10.219646
v -2.549203 0.238254 -10.301364
v -2.566463 0.316548 -10.260505
v -2.553828 0.283457 -10.290416
v -2.626566 0.238254 -10.118223
v -2.591185 0.328660 -10.201980
v -2.621826 0.283457 -10.129444
v -2.608876 0.316548 -10.160102
v -2.464412 0.078660 -10.251653
v -2.438287 0.078660 -10.131880
v -2.432365 0.078660 -10.218870
v -2.422803 0.078660 -10.175030
v -2.464412 0.238254 -10.251653
v -2.515346 0.328660 -10.179448
v -2.438287 0.238254 -10.131880
v -2.471046 0.283398 -10.242344
v -2.432567 0.238254 -10.218591
v -2.440653 0.281487 -10.210528
v -2.476696 0.316582 -10.156033
v -2.489742 0.316582 -10.215840
v -2.453815 0.304850 -10.191869
v -2.422977 0.238254 -10.174627
v -2.448411 0.283398 -10.138572
v -2.433901 0.281487 -10.179576
v -2.448476 0.078660 -10.117333
v -2.578080 0.078660 -10.089437
v -2.484824 0.078660 -10.086493
v -2.532262 0.078660 -10.076282
v -2.526466 0.328660 -10.163572
v -2.578080 0.238254 -10.089437
v -2.448476 0.238254 -10.117333
v -2.550831 0.315250 -10.126616
v -2.488862 0.315246 -10.139914
v -2.513878 0.305204 -10.105813
v -2.532281 0.238254 -10.077769
v -2.569454 0.282632 -10.099866
v -2.527433 0.281239 -10.086450
v -2.460722 0.282627 -10.123231
v -2.485419 0.238254 -10.087857
v -2.493474 0.281235 -10.093746
v -3.449238 0.238254 -9.056209
v -3.363884 0.328660 -9.104072
v -3.437803 0.283457 -9.062621
v -3.406561 0.316548 -9.080140
v -3.316671 0.328660 -9.130547
v -3.231182 0.238254 -9.178485
v -3.273926 0.316548 -9.154515
v -3.242635 0.283457 -9.172063
v -3.201705 0.238254 -8.829985
v -3.140584 0.328660 -8.902184
v -3.193516 0.283457 -8.839659
v -3.171144 0.316548 -8.866085
v -3.100709 0.328660 -8.949285
v -3.040173 0.238254 -9.020793
v -3.070441 0.316548 -8.985039
v -3.048283 0.283457 -9.011213
v -2.781815 0.238254 -8.783931
v -2.778111 0.328660 -8.864104
v -2.781319 0.283457 -8.794672
v -2.779963 0.316548 -8.824018
v -2.774354 0.328660 -8.945410
v -2.770926 0.238254 -9.019588
v -2.772640 0.316548 -8.982499
v -2.771385 0.283457 -9.009650
v -2.485745 0.078660 -9.002629
v -2.537725 0.078660 -8.883744
v -2.481106 0.078660 -8.955711
v -2.500132 0.078660 -8.912197
v -2.537725 0.238254 -8.883744
v -2.485745 0.238254 -9.002629
v -2.563541 0.328660 -8.952579
v -2.501369 0.238254 -8.913085
v -2.541197 0.282912 -8.894272
v -2.505310 0.281474 -8.920015
v -2.496108 0.282620 -8.992064
v -2.482597 0.238254 -8.956017
v -2.491236 0.281227 -8.950530
v -2.550556 0.315472 -8.919219
v -2.524186 0.315251 -8.973998
v -2.512397 0.305333 -8.939110
v -2.617318 0.078660 -9.097851
v -2.505064 0.078660 -9.054227
v -2.572794 0.078660 -9.107029
v -2.531707 0.078660 -9.091062
v -2.617318 0.238254 -9.097851
v -2.594709 0.328660 -9.035822
v -2.505064 0.238254 -9.054227
v -2.615960 0.283398 -9.093704
v -2.571197 0.238254 -9.102894
v -2.571645 0.281487 -9.098161
v -2.551608 0.316582 -9.049152
v -2.607661 0.316582 -9.070936
v -2.565802 0.304850 -9.082131
v -2.529993 0.238254 -9.086881
v -2.518703 0.283398 -9.055908
v -2.542636 0.281487 -9.086887
v -1.665548 0.078660 -9.036380
v -1.665548 0.078660 -10.178659
v -1.415548 0.078660 -8.842227
v -1.415548 0.078660 -10.362486
v -1.037569 0.078660 -10.178659
v -1.037569 0.078660 -10.362486
v -0.906012 0.078660 -10.129837
v -0.846913 0.078660 -10.303905
v -0.773527 0.078660 -10.027904
v -0.641613 0.078660 -10.155930
v -0.715334 0.078660 -9.899868
v -0.534115 0.078660 -9.930721
v -0.689809 0.078660 -9.693102
v -0.505983 0.078660 -9.693273
v -0.689560 0.078660 -9.424633
v -0.505734 0.078660 -9.424803
v -1.039634 0.078660 -9.026053
v -1.039634 0.078660 -8.831900
v -0.858315 0.078660 -9.097497
v -0.741766 0.078660 -8.942217
v -0.750649 0.078660 -9.251498
v -0.571559 0.078660 -9.176517
v -1.665548 0.248347 -9.036380
v -1.585235 0.328660 -9.036380
v -1.654788 0.288503 -9.036380
v -1.625391 0.317900 -9.036380
v -1.585235 0.328660 -10.178659
v -1.665548 0.248347 -10.178659
v -1.625391 0.317900 -10.178659
v -1.654788 0.288503 -10.178659
v -1.415548 0.078660 -9.116693
v -1.335265 0.078660 -9.034175
v -1.415548 0.078660 -8.956067
v -1.495861 0.078660 -9.036380
v -1.404792 0.078660 -9.076242
v -1.375406 0.078660 -9.046038
v -1.495861 0.328660 -8.955995
v -1.335265 0.248347 -9.034175
v -1.415548 0.248347 -9.116693
v -1.443626 0.316834 -8.994958
v -1.456616 0.316860 -9.007063
v -1.428590 0.307938 -9.022618
v -1.374655 0.248347 -9.047165
v -1.385113 0.287559 -9.023432
v -1.401697 0.286352 -9.035812
v -1.427348 0.287592 -9.065624
v -1.403645 0.248347 -9.076962
v -1.415405 0.286380 -9.049531
v -1.335235 0.078660 -10.178659
v -1.415548 0.078660 -10.098347
v -1.495861 0.078660 -10.178659
v -1.415548 0.078660 -10.258973
v -1.375391 0.078660 -10.167899
v -1.404788 0.078660 -10.138503
v -1.335235 0.248347 -10.178659
v -1.495861 0.328660 -10.266726
v -1.415548 0.248347 -10.098347
v -1.383566 0.287475 -10.191513
v -1.374654 0.248347 -10.166742
v -1.401125 0.286280 -10.179536
v -1.456621 0.316863 -10.213225
v -1.442087 0.316779 -10.223558
v -1.428013 0.307908 -10.194785
v -1.403631 0.248347 -10.137766
v -1.427345 0.287587 -10.151848
v -1.415293 0.286375 -10.166623
v -1.585235 0.078660 -8.842227
v -1.665548 0.078660 -8.922541
v -1.625391 0.078660 -8.852987
v -1.654788 0.078660 -8.882384
v -1.665548 0.248347 -8.922541
v -1.585235 0.248347 -8.842227
v -1.585235 0.328660 -8.924203
v -1.654818 0.248347 -8.882133
v -1.654818 0.288451 -8.923066
v -1.644396 0.286754 -8.884354
v -1.585235 0.288451 -8.853483
v -1.625339 0.248347 -8.852653
v -1.623641 0.286754 -8.863598
v -1.625339 0.317931 -8.923677
v -1.585235 0.317931 -8.883574
v -1.623641 0.307508 -8.884783
v -1.415548 0.248347 -8.842227
v -1.415548 0.328660 -8.924270
v -1.415548 0.288503 -8.853219
v -1.415548 0.317900 -8.883249
v -1.665548 0.078660 -10.282173
v -1.585235 0.078660 -10.362486
v -1.654788 0.078660 -10.322330
v -1.625391 0.078660 -10.351726
v -1.665548 0.248347 -10.282173
v -1.585235 0.328660 -10.278259
v -1.585235 0.248347 -10.362486
v -1.653631 0.287766 -10.280922
v -1.653631 0.248347 -10.321592
v -1.644708 0.286526 -10.319649
v -1.585235 0.316702 -10.319666
v -1.624654 0.316744 -10.279510
v -1.623408 0.307797 -10.319057
v -1.624654 0.248347 -10.350569
v -1.585235 0.287701 -10.350034
v -1.623420 0.286471 -10.341165
v -1.415548 0.328660 -10.278103
v -1.415548 0.248347 -10.362486
v -1.415548 0.317900 -10.320293
v -1.415548 0.288503 -10.351180
v -1.037569 0.248347 -10.178659
v -1.037569 0.328660 -10.267036
v -1.037569 0.288503 -10.190500
v -1.037569 0.317900 -10.222849
v -1.037569 0.328660 -10.277621
v -1.037569 0.248347 -10.362486
v -1.037569 0.317900 -10.320053
v -1.037569 0.288503 -10.351116
v -0.906012 0.248347 -10.129837
v -0.879115 0.328660 -10.209060
v -0.902408 0.288503 -10.140451
v -0.892563 0.317900 -10.169449
v -0.873239 0.328660 -10.226368
v -0.846913 0.248347 -10.303905
v -0.860076 0.317900 -10.265136
v -0.850440 0.288503 -10.293516
v -0.773527 0.248347 -10.027904
v -0.715437 0.328660 -10.084282
v -0.765744 0.288503 -10.035457
v -0.744482 0.317900 -10.056092
v -0.699218 0.328660 -10.100022
v -0.641613 0.248347 -10.155930
v -0.670416 0.317900 -10.127975
v -0.649331 0.288503 -10.148440
v -0.715334 0.248347 -9.899868
v -0.636827 0.328660 -9.913234
v -0.704816 0.288503 -9.901659
v -0.676080 0.317900 -9.906551
v -0.612635 0.328660 -9.917353
v -0.534115 0.248347 -9.930721
v -0.573375 0.317900 -9.924037
v -0.544635 0.288503 -9.928930
v -0.689809 0.248347 -9.693102
v -0.609051 0.328660 -9.693176
v -0.678989 0.288503 -9.693112
v -0.649430 0.317900 -9.693140
v -0.586437 0.328660 -9.693198
v -0.505983 0.248347 -9.693273
v -0.546210 0.317900 -9.693234
v -0.516762 0.288503 -9.693262
v -0.689560 0.248347 -9.424633
v -0.608190 0.328660 -9.424708
v -0.678659 0.288503 -9.424643
v -0.648875 0.317900 -9.424670
v -0.586532 0.328660 -9.424728
v -0.505734 0.248347 -9.424803
v -0.546133 0.317900 -9.424766
v -0.516559 0.288503 -9.424793
v -1.039634 0.328660 -8.943371
v -1.039634 0.248347 -9.026053
v -1.039634 0.317900 -8.984712
v -1.039634 0.288503 -9.014976
v -1.039634 0.248347 -8.831900
v -1.039634 0.328660 -8.914146
v -1.039634 0.288503 -8.842919
v -1.039634 0.317900 -8.873023
v -0.810382 0.328660 -9.033635
v -0.858315 0.248347 -9.097497
v -0.834348 0.317900 -9.065566
v -0.851893 0.288503 -9.088942
v -0.741766 0.248347 -8.942217
v -0.790177 0.328660 -9.006716
v -0.748252 0.288503 -8.950858
v -0.765972 0.317900 -8.974466
v -0.679268 0.328660 -9.221612
v -0.750649 0.248347 -9.251498
v -0.714958 0.317900 -9.236556
v -0.741086 0.288503 -9.247495
v -0.571559 0.248347 -9.176517
v -0.644533 0.328660 -9.207069
v -0.581336 0.288503 -9.180610
v -0.608046 0.317900 -9.191793
v 0.534963 0.078660 -9.513666
v 0.534963 0.078660 -9.691375
v 0.751915 0.078660 -9.691375
v 0.534963 0.078660 -10.180889
v 0.534963 0.078660 -8.974581
v 0.751915 0.078660 -8.825868
v 0.751915 0.078660 -10.323406
v 0.534963 0.259520 -9.513666
v 0.604103 0.328660 -9.513666
v 0.544226 0.294090 -9.513666
v 0.569533 0.319397 -9.513666
v 0.604103 0.328660 -9.691375
v 0.534963 0.259520 -9.691375
v 0.569533 0.319397 -9.691375
v 0.544226 0.294090 -9.691375
v 0.821056 0.078660 -9.513666
v 0.751915 0.078660 -9.444526
v 0.682775 0.078660 -9.513666
v 0.751915 0.078660 -9.582807
v 0.786486 0.078660 -9.504402
v 0.761178 0.078660 -9.479095
v 0.751915 0.259520 -9.444526
v 0.821056 0.259520 -9.513666
v 0.682775 0.328660 -9.582807
v 0.762174 0.259520 -9.478461
v 0.741757 0.293306 -9.488470
v 0.751977 0.292261 -9.502113
v 0.777111 0.293306 -9.523824
v 0.787120 0.259520 -9.503407
v 0.763467 0.292261 -9.513604
v 0.716561 0.318501 -9.538861
v 0.726719 0.318501 -9.549021
v 0.740310 0.310833 -9.525272
v 0.751915 0.259520 -9.691375
v 0.682775 0.328660 -9.622234
v 0.742652 0.294090 -9.682113
v 0.717345 0.319397 -9.656804
v 1.276543 0.078660 -9.582807
v 1.207402 0.078660 -9.513666
v 1.267280 0.078660 -9.548236
v 1.241972 0.078660 -9.522929
v 1.207402 0.328660 -9.582807
v 1.207402 0.259520 -9.513666
v 1.276543 0.259520 -9.582807
v 1.207402 0.319423 -9.548281
v 1.241927 0.319423 -9.582807
v 1.240466 0.310451 -9.549743
v 1.241927 0.259520 -9.522903
v 1.207402 0.294045 -9.522903
v 1.240466 0.292583 -9.531875
v 1.267306 0.294045 -9.582807
v 1.267306 0.259520 -9.548281
v 1.258333 0.292583 -9.549743
v 1.207402 0.078660 -9.691375
v 1.276543 0.078660 -9.622234
v 1.241972 0.078660 -9.682113
v 1.267280 0.078660 -9.656804
v 1.207402 0.259520 -9.691375
v 1.207402 0.328660 -9.622234
v 1.276543 0.259520 -9.622234
v 1.207402 0.294045 -9.682138
v 1.241927 0.259520 -9.682138
v 1.240466 0.292583 -9.673165
v 1.241927 0.319423 -9.622234
v 1.207402 0.319423 -9.656759
v 1.240466 0.310451 -9.655298
v 1.267306 0.259520 -9.656759
v 1.267306 0.294045 -9.622234
v 1.258333 0.292583 -9.655298
v 0.604103 0.328660 -10.180889
v 0.534963 0.259520 -10.180889
v 0.569533 0.319397 -10.180889
v 0.544226 0.294090 -10.180889
v 0.821056 0.078660 -10.180889
v 0.751915 0.078660 -10.111749
v 0.682775 0.078660 -10.180889
v 0.751915 0.078660 -10.250030
v 0.786486 0.078660 -10.171627
v 0.761178 0.078660 -10.146318
v 0.821056 0.259520 -10.180889
v 0.686471 0.330202 -10.227828
v 0.751915 0.259520 -10.111749
v 0.777111 0.293306 -10.191049
v 0.787120 0.259520 -10.170630
v 0.763467 0.292261 -10.180828
v 0.716561 0.318501 -10.206085
v 0.726719 0.318501 -10.216244
v 0.740310 0.310833 -10.192495
v 0.762174 0.259520 -10.145685
v 0.741757 0.293306 -10.155693
v 0.751977 0.292261 -10.169337
v 0.534963 0.259520 -8.974581
v 0.604103 0.328660 -8.974581
v 0.544226 0.294090 -8.974581
v 0.569533 0.319397 -8.974581
v 0.751915 0.078660 -9.043721
v 0.821056 0.078660 -8.974581
v 0.751915 0.078660 -8.905439
v 0.682775 0.078660 -8.974581
v 0.761178 0.078660 -9.009151
v 0.786486 0.078660 -8.983843
v 0.821056 0.259520 -8.974581
v 0.751915 0.259520 -9.043721
v 0.682775 0.328660 -8.924431
v 0.787120 0.259520 -8.984838
v 0.777111 0.293306 -8.964421
v 0.763467 0.292261 -8.974641
v 0.741757 0.293306 -8.999776
v 0.762174 0.259520 -9.009785
v 0.751977 0.292261 -8.986132
v 0.726719 0.318501 -8.939225
v 0.716561 0.318501 -8.949384
v 0.740310 0.310833 -8.962974
v 0.604103 0.078660 -8.825868
v 0.534963 0.078660 -8.895007
v 0.569533 0.078660 -8.835130
v 0.544226 0.078660 -8.860437
v 0.534963 0.259520 -8.895007
v 0.604103 0.259520 -8.825868
v 0.604103 0.328660 -8.895007
v 0.544200 0.259520 -8.860482
v 0.544200 0.294045 -8.895007
v 0.553172 0.292583 -8.861944
v 0.604103 0.294045 -8.835104
v 0.569578 0.259520 -8.835104
v 0.571039 0.292583 -8.844076
v 0.569578 0.319423 -8.895007
v 0.604103 0.319423 -8.860482
v 0.571039 0.310451 -8.861944
v 0.751915 0.259520 -8.825868
v 0.751915 0.328660 -8.895007
v 0.751915 0.294090 -8.835130
v 0.751915 0.319397 -8.860437
v 0.534963 0.078660 -10.254266
v 0.604103 0.078660 -10.323406
v 0.544226 0.078660 -10.288836
v 0.569533 0.078660 -10.314143
v 0.534963 0.259520 -10.254266
v 0.604103 0.328660 -10.254266
v 0.604103 0.259520 -10.323406
v 0.544199 0.294045 -10.254266
v 0.544199 0.259520 -10.288791
v 0.553172 0.292583 -10.287330
v 0.604103 0.319423 -10.288791
v 0.569578 0.319423 -10.254266
v 0.571039 0.310451 -10.287330
v 0.569578 0.259520 -10.314169
v 0.604103 0.294045 -10.314169
v 0.571039 0.292583 -10.305198
v 0.751915 0.328660 -10.254266
v 0.751915 0.259520 -10.323406
v 0.751915 0.319397 -10.288836
v 0.751915 0.294090 -10.314143
v 1.312741 0.078660 -8.974581
v 1.381881 0.078660 -8.905439
v 1.347311 0.078660 -8.965317
v 1.372618 0.078660 -8.940010
v 1.312741 0.259520 -8.974581
v 1.312741 0.328660 -8.905439
v 1.381881 0.259520 -8.905439
v 1.312741 0.294045 -8.965343
v 1.347265 0.259520 -8.965343
v 1.345804 0.292583 -8.956371
v 1.347265 0.319423 -8.905439
v 1.312741 0.319423 -8.939964
v 1.345804 0.310451 -8.938503
v 1.372644 0.259520 -8.939964
v 1.372644 0.294045 -8.905439
v 1.363672 0.292583 -8.938503
v 1.381881 0.078660 -8.895007
v 1.312741 0.078660 -8.825868
v 1.372618 0.078660 -8.860437
v 1.347311 0.078660 -8.835130
v 1.312741 0.259520 -8.825868
v 1.381881 0.259520 -8.895007
v 1.312741 0.328660 -8.895007
v 1.347266 0.259520 -8.835104
v 1.312741 0.294045 -8.835104
v 1.345804 0.292583 -8.844076
v 1.372644 0.294045 -8.895007
v 1.372644 0.259520 -8.860482
v 1.363672 0.292583 -8.861944
v 1.312741 0.319423 -8.860482
v 1.347266 0.319423 -8.895007
v 1.345804 0.310451 -8.861944
v 1.373619 0.078660 -10.250030
v 1.304479 0.078660 -10.180889
v 1.364356 0.078660 -10.215459
v 1.339049 0.078660 -10.190152
v 1.304479 0.259520 -10.180889
v 1.373619 0.259520 -10.250030
v 1.304479 0.328660 -10.250030
v 1.339004 0.259520 -10.190126
v 1.304479 0.294045 -10.190126
v 1.337543 0.292583 -10.199099
v 1.364383 0.294045 -10.250030
v 1.364383 0.259520 -10.215506
v 1.355410 0.292583 -10.216966
v 1.304479 0.319423 -10.215506
v 1.339004 0.319423 -10.250030
v 1.337543 0.310451 -10.216966
v 1.304479 0.078660 -10.323406
v 1.373619 0.078660 -10.254266
v 1.339049 0.078660 -10.314143
v 1.364356 0.078660 -10.288836
v 1.304479 0.259520 -10.323406
v 1.304479 0.328660 -10.254266
v 1.373619 0.259520 -10.254266
v 1.304479 0.294045 -10.314169
v 1.339004 0.259520 -10.314169
v 1.337543 0.292583 -10.305198
v 1.339004 0.319423 -10.254266
v 1.304479 0.319423 -10.288791
v 1.337543 0.310451 -10.287330
v 1.364383 0.259520 -10.288791
v 1.364383 0.294045 -10.254266
v 1.355410 0.292583 -10.287330
v 2.509132 0.078660 -9.507878
v 2.509132 0.078660 -9.687670
v 2.759133 0.078660 -9.687670
v 2.509132 0.078660 -10.179133
v 2.759133 0.078660 -10.373378
v 2.509132 0.251513 -9.507878
v 2.586279 0.328660 -9.507878
v 2.519468 0.290087 -9.507878
v 2.547706 0.318324 -9.507878
v 2.586279 0.328660 -9.687670
v 2.509132 0.251513 -9.687670
v 2.547706 0.318324 -9.687670
v 2.519468 0.290087 -9.687670
v 2.836279 0.078660 -9.507878
v 2.759133 0.078660 -9.430732
v 2.681986 0.078660 -9.507878
v 2.759133 0.078660 -9.585026
v 2.797706 0.078660 -9.497542
v 2.769468 0.078660 -9.469305
v 2.759133 0.251513 -9.430732
v 2.836279 0.251513 -9.507878
v 2.681986 0.328660 -9.585026
v 2.770579 0.251513 -9.468597
v 2.747797 0.289212 -9.479765
v 2.759201 0.288046 -9.494988
v 2.787246 0.289212 -9.519214
v 2.798414 0.251513 -9.496432
v 2.772022 0.288046 -9.507811
v 2.719684 0.317325 -9.535992
v 2.731019 0.317325 -9.547327
v 2.746183 0.308769 -9.520828
v 2.759133 0.251513 -9.687670
v 2.681986 0.328660 -9.610523
v 2.748797 0.290087 -9.677334
v 2.720559 0.318324 -9.649096
v 3.304423 0.078660 -9.585026
v 3.227276 0.078660 -9.507878
v 3.294087 0.078660 -9.546452
v 3.265849 0.078660 -9.518214
v 3.227276 0.328660 -9.585026
v 3.227276 0.251513 -9.507878
v 3.304423 0.251513 -9.585026
v 3.227276 0.318354 -9.546502
v 3.265799 0.318354 -9.585026
v 3.264168 0.308342 -9.548133
v 3.265799 0.251513 -9.518185
v 3.227276 0.290036 -9.518185
v 3.264168 0.288406 -9.528196
v 3.294116 0.290036 -9.585026
v 3.294116 0.251513 -9.546502
v 3.284105 0.288406 -9.548133
v 3.227276 0.078660 -9.687670
v 3.304423 0.078660 -9.610523
v 3.265849 0.078660 -9.677334
v 3.294087 0.078660 -9.649096
v 3.227276 0.251513 -9.687670
v 3.227276 0.328660 -9.610523
v 3.304423 0.251513 -9.610523
v 3.227276 0.290036 -9.677362
v 3.265799 0.251513 -9.677362
v 3.264168 0.288406 -9.667352
v 3.265799 0.318354 -9.610523
v 3.227276 0.318354 -9.649046
v 3.264168 0.308342 -9.647415
v 3.294116 0.251513 -9.649046
v 3.294116 0.290036 -9.610523
v 3.284105 0.288406 -9.647415
v 2.586279 0.328660 -10.179133
v 2.509132 0.251513 -10.179133
v 2.547706 0.318324 -10.179133
v 2.519468 0.290087 -10.179133
v 2.836279 0.078660 -10.179133
v 2.759133 0.078660 -10.101986
v 2.681986 0.078660 -10.179133
v 2.759133 0.078660 -10.256280
v 2.797706 0.078660 -10.168797
v 2.769468 0.078660 -10.140559
v 2.836279 0.251513 -10.179133
v 2.681986 0.328660 -10.256280
v 2.759133 0.251513 -10.101986
v 2.787246 0.289212 -10.190468
v 2.798414 0.251513 -10.167686
v 2.772022 0.288046 -10.179064
v 2.719684 0.317325 -10.207247
v 2.731019 0.317325 -10.218581
v 2.746183 0.308769 -10.192082
v 2.770579 0.251513 -10.139852
v 2.747797 0.289212 -10.151020
v 2.759201 0.288046 -10.166244
v 2.509132 0.078660 -10.296231
v 2.586279 0.078660 -10.373378
v 2.519468 0.078660 -10.334805
v 2.547706 0.078660 -10.363042
v 2.509132 0.251513 -10.296231
v 2.586279 0.328660 -10.296231
v 2.586279 0.251513 -10.373378
v 2.519439 0.290036 -10.296231
v 2.519439 0.251513 -10.334754
v 2.529450 0.288406 -10.333124
v 2.586279 0.318354 -10.334754
v 2.547757 0.318354 -10.296231
v 2.549387 0.308342 -10.333124
v 2.547757 0.251513 -10.363071
v 2.586279 0.290036 -10.363071
v 2.549387 0.288406 -10.353061
v 2.759133 0.328660 -10.296231
v 2.759133 0.251513 -10.373378
v 2.759133 0.318324 -10.334805
v 2.759133 0.290087 -10.363042
v 2.586279 0.078660 -8.857275
v 2.509132 0.078660 -8.934422
v 2.547706 0.078660 -8.867611
v 2.519468 0.078660 -8.895848
v 2.509132 0.251513 -8.934422
v 2.586279 0.251513 -8.857275
v 2.586279 0.328660 -8.934422
v 2.519439 0.251513 -8.895899
v 2.519439 0.290036 -8.934422
v 2.529450 0.288406 -8.897530
v 2.586279 0.290036 -8.867581
v 2.547757 0.251513 -8.867581
v 2.549387 0.288406 -8.877593
v 2.547757 0.318354 -8.934422
v 2.586279 0.318354 -8.895899
v 2.549387 0.308342 -8.897530
v 2.759133 0.078660 -8.934422
v 2.681986 0.078660 -8.857275
v 2.748797 0.078660 -8.895848
v 2.720559 0.078660 -8.867611
v 2.759133 0.251513 -8.934422
v 2.681986 0.328660 -8.934422
v 2.681986 0.251513 -8.857275
v 2.748826 0.290036 -8.934422
v 2.748826 0.251513 -8.895899
v 2.738815 0.288406 -8.897530
v 2.681986 0.318354 -8.895899
v 2.720509 0.318354 -8.934422
v 2.718878 0.308342 -8.897530
v 2.720509 0.251513 -8.867581
v 2.681986 0.290036 -8.867581
v 2.718878 0.288406 -8.877593
v 3.327826 0.078660 -10.256280
v 3.250679 0.078660 -10.179133
v 3.317490 0.078660 -10.217707
v 3.289253 0.078660 -10.189468
v 3.250679 0.251513 -10.179133
v 3.327826 0.251513 -10.256280
v 3.250679 0.328660 -10.256280
v 3.289202 0.251513 -10.189440
v 3.250679 0.290036 -10.189440
v 3.287572 0.288406 -10.199450
v 3.317519 0.290036 -10.256280
v 3.317519 0.251513 -10.217757
v 3.307508 0.288406 -10.219387
v 3.250679 0.318354 -10.217757
v 3.289202 0.318354 -10.256280
v 3.287572 0.308342 -10.219387
v 3.250679 0.078660 -10.373378
v 3.327826 0.078660 -10.296231
v 3.289253 0.078660 -10.363042
v 3.317490 0.078660 -10.334805
v 3.250679 0.251513 -10.373378
v 3.250679 0.328660 -10.296231
v 3.327826 0.251513 -10.296231
v 3.250679 0.290036 -10.363071
v 3.289202 0.251513 -10.363071
v 3.287572 0.288406 -10.353061
v 3.289202 0.318354 -10.296231
v 3.250679 0.318354 -10.334754
v 3.287571 0.308342 -10.333124
v 3.317519 0.251513 -10.334754
v 3.317519 0.290036 -10.296231
v 3.307508 0.288406 -10.333124
v 5.402858 0.078660 -9.616674
v 5.629455 0.078660 -9.448585
v 5.402858 0.078660 -9.027330
v 5.629455 0.078660 -8.953221
v 5.325803 0.078660 -8.943934
v 5.519285 0.078660 -8.798686
v 5.173469 0.078660 -8.918111
v 5.175682 0.078660 -8.740276
v 4.997485 0.078660 -8.934194
v 4.946857 0.078660 -8.747928
v 4.810146 0.078660 -9.007670
v 4.673807 0.078660 -8.860207
v 4.666852 0.078660 -9.170396
v 4.467935 0.078660 -9.075026
v 4.607283 0.078660 -9.340576
v 4.385755 0.078660 -9.348742
v 4.617805 0.078660 -9.625995
v 4.396276 0.078660 -9.634161
v 4.650847 0.078660 -9.861641
v 4.444695 0.078660 -9.943146
v 4.798108 0.078660 -10.026600
v 4.615730 0.078660 -10.152615
v 4.942421 0.078660 -10.103111
v 4.907838 0.078660 -10.306907
v 5.184771 0.078660 -10.107862
v 5.200810 0.078660 -10.313947
v 5.436819 0.078660 -10.068388
v 5.526924 0.078660 -10.254424
v 5.402858 0.078660 -9.373175
v 5.327448 0.078660 -9.448585
v 5.402858 0.078660 -9.523994
v 5.478268 0.078660 -9.448585
v 5.392755 0.078660 -9.410880
v 5.365153 0.078660 -9.438482
v 5.402858 0.253251 -9.373175
v 5.490793 0.328660 -9.523994
v 5.327448 0.253251 -9.448585
v 5.415633 0.289914 -9.416874
v 5.391669 0.253251 -9.410188
v 5.404317 0.288803 -9.434421
v 5.438898 0.317586 -9.487153
v 5.447605 0.317455 -9.471815
v 5.419784 0.309149 -9.459661
v 5.364461 0.253251 -9.437396
v 5.379344 0.290092 -9.459660
v 5.392490 0.288954 -9.448232
v 5.402858 0.253251 -9.616674
v 5.402858 0.328660 -9.541265
v 5.402858 0.290955 -9.606571
v 5.402858 0.318557 -9.578970
v 5.546769 0.328660 -9.448585
v 5.629455 0.253251 -9.448585
v 5.588111 0.318557 -9.448585
v 5.618377 0.290955 -9.448585
v 5.554045 0.078660 -9.616674
v 5.629455 0.078660 -9.541265
v 5.591750 0.078660 -9.606571
v 5.619352 0.078660 -9.578970
v 5.547049 0.328660 -9.541265
v 5.629455 0.253251 -9.541265
v 5.554045 0.253251 -9.616674
v 5.587613 0.317399 -9.541265
v 5.549284 0.317472 -9.578276
v 5.587577 0.309053 -9.577102
v 5.618266 0.253251 -9.578278
v 5.617312 0.290147 -9.541265
v 5.609028 0.289001 -9.577124
v 5.551809 0.290262 -9.605486
v 5.591058 0.253251 -9.605485
v 5.588637 0.289098 -9.597107
v 5.115520 0.078660 -9.448585
v 5.040111 0.078660 -9.523994
v 5.077816 0.078660 -9.458688
v 5.050214 0.078660 -9.486290
v 5.115520 0.253251 -9.448585
v 5.115520 0.328660 -9.523994
v 5.040111 0.253251 -9.523994
v 5.115520 0.290906 -9.458659
v 5.077865 0.253251 -9.458659
v 5.079459 0.289312 -9.468446
v 5.077865 0.318586 -9.523994
v 5.115520 0.318586 -9.486340
v 5.079459 0.308800 -9.487933
v 5.050185 0.253251 -9.486340
v 5.050185 0.290906 -9.523994
v 5.059971 0.289312 -9.487933
v 5.040111 0.078660 -9.541265
v 5.115520 0.078660 -9.616674
v 5.050214 0.078660 -9.578970
v 5.077816 0.078660 -9.606571
v 5.115520 0.328660 -9.541265
v 5.115520 0.253251 -9.616674
v 5.040111 0.253251 -9.541265
v 5.115520 0.318586 -9.578919
v 5.077865 0.318586 -9.541265
v 5.079459 0.308800 -9.577327
v 5.077865 0.253251 -9.606600
v 5.115520 0.290906 -9.606600
v 5.079459 0.289312 -9.596813
v 5.050185 0.290906 -9.541265
v 5.050185 0.253251 -9.578919
v 5.059971 0.289312 -9.577327
v 5.402858 0.253251 -9.027330
v 5.491294 0.328660 -8.998407
v 5.414706 0.290955 -9.023456
v 5.447076 0.318557 -9.012868
v 5.545907 0.328660 -8.980546
v 5.629455 0.253251 -8.953221
v 5.587681 0.318557 -8.966884
v 5.618262 0.290955 -8.956882
v 5.325803 0.253251 -8.943934
v 5.394953 0.328660 -8.892022
v 5.335068 0.290955 -8.936979
v 5.360379 0.318557 -8.917979
v 5.450956 0.328660 -8.849980
v 5.519285 0.253251 -8.798686
v 5.485121 0.318557 -8.824334
v 5.510131 0.290955 -8.805557
v 5.173469 0.253251 -8.918111
v 5.174284 0.328660 -8.852543
v 5.173579 0.290955 -8.909327
v 5.173877 0.318557 -8.885326
v 5.174874 0.328660 -8.805191
v 5.175682 0.253251 -8.740276
v 5.175278 0.318557 -8.772735
v 5.175573 0.290955 -8.748974
v 4.997485 0.253251 -8.934194
v 4.979796 0.328660 -8.869112
v 4.995115 0.290955 -8.925474
v 4.988641 0.318557 -8.901652
v 4.964664 0.328660 -8.813439
v 4.946857 0.253251 -8.747928
v 4.955760 0.318557 -8.780684
v 4.949243 0.290955 -8.756704
v 4.810146 0.253251 -9.007670
v 4.760916 0.328660 -8.954424
v 4.803550 0.290955 -9.000536
v 4.785531 0.318557 -8.981047
v 4.722966 0.328660 -8.913377
v 4.673807 0.253251 -8.860207
v 4.698387 0.318557 -8.886792
v 4.680393 0.290955 -8.867330
v 4.666852 0.253251 -9.170396
v 4.599231 0.328660 -9.137975
v 4.657792 0.290955 -9.166052
v 4.633041 0.318557 -9.154185
v 4.536595 0.328660 -9.107944
v 4.467935 0.253251 -9.075026
v 4.502265 0.318557 -9.091485
v 4.477133 0.290955 -9.079435
v 4.607283 0.253251 -9.340576
v 4.527412 0.328660 -9.343521
v 4.596583 0.290955 -9.340970
v 4.567348 0.318557 -9.342048
v 4.465117 0.328660 -9.345817
v 4.385755 0.253251 -9.348742
v 4.425436 0.318557 -9.347280
v 4.396387 0.290955 -9.348351
v 4.617805 0.253251 -9.625995
v 4.537903 0.328660 -9.628940
v 4.607100 0.290955 -9.626390
v 4.577854 0.318557 -9.627467
v 4.475734 0.328660 -9.631232
v 4.396276 0.253251 -9.634161
v 4.436005 0.318557 -9.632696
v 4.406921 0.290955 -9.633769
v 4.650847 0.253251 -9.861641
v 4.574389 0.328660 -9.891870
v 4.640604 0.290955 -9.865692
v 4.612617 0.318557 -9.876756
v 4.520333 0.328660 -9.913241
v 4.444695 0.253251 -9.943146
v 4.482514 0.318557 -9.928193
v 4.454829 0.290955 -9.939139
v 4.798108 0.253251 -10.026600
v 4.733589 0.328660 -10.071178
v 4.789464 0.290955 -10.032573
v 4.765849 0.318557 -10.048889
v 4.680239 0.328660 -10.108042
v 4.615730 0.253251 -10.152615
v 4.647985 0.318557 -10.130328
v 4.624373 0.290955 -10.146643
v 4.942421 0.253251 -10.103111
v 4.930049 0.328660 -10.176020
v 4.940763 0.290955 -10.112880
v 4.936235 0.318557 -10.139565
v 4.920197 0.328660 -10.234076
v 4.907838 0.253251 -10.306907
v 4.914017 0.318557 -10.270492
v 4.909494 0.290955 -10.297149
v 5.184771 0.253251 -10.107862
v 5.190495 0.328660 -10.181412
v 5.185538 0.290955 -10.117717
v 5.187634 0.318557 -10.144637
v 5.195085 0.328660 -10.240373
v 5.200810 0.253251 -10.313947
v 5.197948 0.318557 -10.277160
v 5.200043 0.290955 -10.304090
v 5.436819 0.253251 -10.068388
v 5.470395 0.328660 -10.137710
v 5.441317 0.290955 -10.077676
v 5.453607 0.318557 -10.103049
v 5.493650 0.328660 -10.185725
v 5.526924 0.253251 -10.254424
v 5.510287 0.318557 -10.220075
v 5.522466 0.290955 -10.245220
v 5.617813 0.078660 -10.014047
v 5.511343 0.078660 -10.005343
v 5.585650 0.078660 -9.991869
v 5.546680 0.078660 -9.988683
v 5.511343 0.253251 -10.005343
v 5.617813 0.253251 -10.014047
v 5.559741 0.328660 -10.062165
v 5.546854 0.253251 -9.989957
v 5.518563 0.290276 -10.013753
v 5.551346 0.289110 -9.997003
v 5.609083 0.290263 -10.021053
v 5.585272 0.253251 -9.993097
v 5.579533 0.289099 -9.999275
v 5.536027 0.317480 -10.034258
v 5.588130 0.317471 -10.038414
v 5.564202 0.309098 -10.012091
v 5.644001 0.078660 -10.161027
v 5.654053 0.078660 -10.056593
v 5.666925 0.078660 -10.129823
v 5.670604 0.078660 -10.091597
v 5.644001 0.253251 -10.161027
v 5.595643 0.328660 -10.104315
v 5.654053 0.253251 -10.056593
v 5.637639 0.290906 -10.153578
v 5.666806 0.253251 -10.129747
v 5.659385 0.289312 -10.123510
v 5.624908 0.318586 -10.080612
v 5.619889 0.318586 -10.132760
v 5.646888 0.308800 -10.108855
v 5.670496 0.253251 -10.091414
v 5.646348 0.290906 -10.063095
v 5.661983 0.289312 -10.096522
v 6.971505 0.078660 -9.462512
v 6.971505 0.078660 -9.698968
v 7.471658 0.078660 -9.462512
v 7.471658 0.078660 -9.698968
v 6.471353 0.078660 -9.462512
v 6.471353 0.078660 -9.698968
v 6.971505 0.328660 -9.559728
v 6.971505 0.231445 -9.462512
v 6.971505 0.315636 -9.511120
v 6.971505 0.280053 -9.475536
v 6.971505 0.231445 -9.698968
v 6.971505 0.328660 -9.601753
v 6.971505 0.280053 -9.685944
v 6.971505 0.315636 -9.650361
v 7.244128 0.078660 -9.365296
v 7.146913 0.078660 -9.462512
v 7.244128 0.078660 -9.559728
v 7.341343 0.078660 -9.462512
v 7.231103 0.078660 -9.413904
v 7.195520 0.078660 -9.449488
v 7.244128 0.231445 -9.365296
v 7.341343 0.328660 -9.559728
v 7.146913 0.231445 -9.462512
v 7.258412 0.278950 -9.427085
v 7.229704 0.231445 -9.413012
v 7.244042 0.277481 -9.446269
v 7.279555 0.314376 -9.512222
v 7.293839 0.314376 -9.497939
v 7.260447 0.303595 -9.478830
v 7.194629 0.231445 -9.448088
v 7.208702 0.278950 -9.476796
v 7.227886 0.277481 -9.462426
v 7.146913 0.078660 -9.698968
v 7.244128 0.078660 -9.796184
v 7.341343 0.078660 -9.698968
v 7.244128 0.078660 -9.601753
v 7.195520 0.078660 -9.711993
v 7.231103 0.078660 -9.747576
v 7.341343 0.328660 -9.601753
v 7.244128 0.231445 -9.796184
v 7.146913 0.231445 -9.698968
v 7.293839 0.314376 -9.663542
v 7.279555 0.314376 -9.649258
v 7.260447 0.303595 -9.682651
v 7.229704 0.231445 -9.748467
v 7.258412 0.278950 -9.734395
v 7.244042 0.277481 -9.715211
v 7.208702 0.278950 -9.684685
v 7.194629 0.231445 -9.713393
v 7.227886 0.277481 -9.699055
v 7.374443 0.328660 -9.462512
v 7.471658 0.231445 -9.462512
v 7.423050 0.315636 -9.462512
v 7.458633 0.280053 -9.462512
v 7.471658 0.231445 -9.698968
v 7.374443 0.328660 -9.698968
v 7.458633 0.280053 -9.698968
v 7.423050 0.315636 -9.698968
v 7.244128 0.078660 -10.201456
v 7.341343 0.078660 -10.298671
v 7.257153 0.078660 -10.250064
v 7.292736 0.078660 -10.285646
v 7.244128 0.231445 -10.201456
v 7.341343 0.328660 -10.201456
v 7.341343 0.231445 -10.298671
v 7.257116 0.279989 -10.201456
v 7.257116 0.231445 -10.249999
v 7.269732 0.277934 -10.247946
v 7.341343 0.315673 -10.249999
v 7.292799 0.315673 -10.201456
v 7.294854 0.303057 -10.247946
v 7.292799 0.231445 -10.285684
v 7.341343 0.279989 -10.285684
v 7.294854 0.277934 -10.273068
v 7.374443 0.078660 -10.298671
v 7.471658 0.078660 -10.201456
v 7.423050 0.078660 -10.285646
v 7.458633 0.078660 -10.250064
v 7.471658 0.231445 -10.201456
v 7.374443 0.231445 -10.298671
v 7.374443 0.328660 -10.201456
v 7.458670 0.231445 -10.249999
v 7.458670 0.279989 -10.201456
v 7.446054 0.277934 -10.247946
v 7.374443 0.279989 -10.285684
v 7.422986 0.231445 -10.285684
v 7.420932 0.277934 -10.273068
v 7.422986 0.315673 -10.201456
v 7.374443 0.315673 -10.249999
v 7.420932 0.303057 -10.247946
v 7.341343 0.078660 -8.810802
v 7.244128 0.078660 -8.908017
v 7.292736 0.078660 -8.823826
v 7.257153 0.078660 -8.859410
v 7.244128 0.231445 -8.908017
v 7.341343 0.231445 -8.810802
v 7.341343 0.328660 -8.908017
v 7.257116 0.231445 -8.859473
v 7.257116 0.279989 -8.908017
v 7.269732 0.277934 -8.861527
v 7.341343 0.279989 -8.823790
v 7.292799 0.231445 -8.823790
v 7.294854 0.277934 -8.836406
v 7.292799 0.315673 -8.908017
v 7.341343 0.315673 -8.859473
v 7.294854 0.303057 -8.861527
v 7.471658 0.078660 -8.908017
v 7.374443 0.078660 -8.810802
v 7.458633 0.078660 -8.859410
v 7.423050 0.078660 -8.823826
v 7.471658 0.231445 -8.908017
v 7.374443 0.328660 -8.908017
v 7.374443 0.231445 -8.810802
v 7.458670 0.279989 -8.908017
v 7.458670 0.231445 -8.859473
v 7.446054 0.277934 -8.861527
v 7.374443 0.315673 -8.859473
v 7.422986 0.315673 -8.908017
v 7.420932 0.303057 -8.861527
v 7.422986 0.231445 -8.823790
v 7.374443 0.279989 -8.823790
v 7.420932 0.277934 -8.836406
v 6.796097 0.078660 -9.462512
v 6.698882 0.078660 -9.365296
v 6.601667 0.078660 -9.462512
v 6.698882 0.078660 -9.559728
v 6.747490 0.078660 -9.449488
v 6.711906 0.078660 -9.413904
v 6.698882 0.231445 -9.365296
v 6.796097 0.231445 -9.462512
v 6.601667 0.328660 -9.559728
v 6.713306 0.231445 -9.413012
v 6.684598 0.278950 -9.427085
v 6.698968 0.277481 -9.446269
v 6.734309 0.278950 -9.476796
v 6.748381 0.231445 -9.448088
v 6.715125 0.277481 -9.462426
v 6.649171 0.314376 -9.497939
v 6.663455 0.314376 -9.512222
v 6.682564 0.303595 -9.478830
v 6.698882 0.078660 -9.796184
v 6.796097 0.078660 -9.698968
v 6.698882 0.078660 -9.601753
v 6.601667 0.078660 -9.698968
v 6.711906 0.078660 -9.747576
v 6.747490 0.078660 -9.711993
v 6.796097 0.231445 -9.698968
v 6.698882 0.231445 -9.796184
v 6.601667 0.328660 -9.601753
v 6.748381 0.231445 -9.713393
v 6.734309 0.278950 -9.684685
v 6.715125 0.277481 -9.699055
v 6.684598 0.278950 -9.734395
v 6.713306 0.231445 -9.748467
v 6.698968 0.277481 -9.715211
v 6.663455 0.314376 -9.649258
v 6.649171 0.314376 -9.663542
v 6.682564 0.303595 -9.682651
v 6.471353 0.231445 -9.462512
v 6.568567 0.328660 -9.462512
v 6.484377 0.280053 -9.462512
v 6.519960 0.315636 -9.462512
v 6.568567 0.328660 -9.698968
v 6.471353 0.231445 -9.698968
v 6.519960 0.315636 -9.698968
v 6.484377 0.280053 -9.698968
v 6.601667 0.078660 -10.298671
v 6.698882 0.078660 -10.201456
v 6.650274 0.078660 -10.285646
v 6.685858 0.078660 -10.250064
v 6.698882 0.231445 -10.201456
v 6.601667 0.231445 -10.298671
v 6.601667 0.328660 -10.201456
v 6.685894 0.231445 -10.249999
v 6.685894 0.279989 -10.201456
v 6.673279 0.277934 -10.247946
v 6.601667 0.279989 -10.285684
v 6.650211 0.231445 -10.285684
v 6.648156 0.277934 -10.273068
v 6.650211 0.315673 -10.201456
v 6.601667 0.315673 -10.249999
v 6.648156 0.303057 -10.247946
v 6.471353 0.078660 -10.201456
v 6.568567 0.078660 -10.298671
v 6.484377 0.078660 -10.250064
v 6.519960 0.078660 -10.285646
v 6.471353 0.231445 -10.201456
v 6.568567 0.328660 -10.201456
v 6.568567 0.231445 -10.298671
v 6.484340 0.279989 -10.201456
v 6.484340 0.231445 -10.249999
v 6.496956 0.277934 -10.247946
v 6.568567 0.315673 -10.249999
v 6.520024 0.315673 -10.201456
v 6.522079 0.303057 -10.247946
v 6.520024 0.231445 -10.285684
v 6.568567 0.279989 -10.285684
v 6.522079 0.277934 -10.273068
v 6.698882 0.078660 -8.908017
v 6.601667 0.078660 -8.810802
v 6.685858 0.078660 -8.859410
v 6.650274 0.078660 -8.823826
v 6.698882 0.231445 -8.908017
v 6.601667 0.328660 -8.908017
v 6.601667 0.231445 -8.810802
v 6.685894 0.279989 -8.908017
v 6.685894 0.231445 -8.859473
v 6.673279 0.277934 -8.861527
v 6.601667 0.315673 -8.859473
v 6.650211 0.315673 -8.908017
v 6.648156 0.303057 -8.861527
v 6.650211 0.231445 -8.823790
v 6.601667 0.279989 -8.823790
v 6.648156 0.277934 -8.836406
v 6.568567 0.078660 -8.810802
v 6.471353 0.078660 -8.908017
v 6.519960 0.078660 -8.823826
v 6.484377 0.078660 -8.859410
v 6.471353 0.231445 -8.908017
v 6.568567 0.231445 -8.810802
v 6.568567 0.328660 -8.908017
v 6.484340 0.231445 -8.859473
v 6.484340 0.279989 -8.908017
v 6.496956 0.277934 -8.861527
v 6.568567 0.279989 -8.823790
v 6.520024 0.231445 -8.823790
v 6.522079 0.277934 -8.836406
v 6.520024 0.315673 -8.908017
v 6.568567 0.315673 -8.859473
v 6.522079 0.303057 -8.861527
vn -0.0000 1.0000 -0.0000
vn -0.0000 -0.0000 1.0000
vn -1.0000 -0.0000 -0.0000
vn 1.0000 -0.0000 -0.0000
vn -0.0000 -0.0000 -1.0000
vn -0.0000 -1.0000 -0.0000
vn 0.9997 -0.0000 0.0238
vn -0.9996 -0.0000 -0.0275
vn -0.9994 -0.0000 0.0349
vn 0.9996 -0.0000 -0.0289
vn 0.8087 -0.0000 -0.5882
vn 0.8110 -0.0000 -0.5851
vn -0.7821 -0.0000 0.6232
vn -0.7652 -0.0000 0.6438
vn -0.0538 -0.0000 0.9986
vn 0.9285 0.2557 0.2694
vn 0.6885 0.6886 0.2275
vn 0.2563 0.9309 0.2601
vn 0.2172 0.6886 0.6918
vn 0.2556 0.2557 0.9323
vn 0.6852 0.2163 0.6955
vn 0.5744 0.5746 0.5830
vn -0.2568 0.9327 0.2530
vn -0.6916 0.6917 0.2080
vn -0.9350 0.2576 0.2436
vn -0.6950 0.2194 0.6847
vn -0.2574 0.2575 0.9313
vn -0.2182 0.6917 0.6884
vn -0.5801 0.5803 0.5716
vn -0.3017 0.2551 0.9186
vn -0.6911 0.2421 0.6810
vn -0.9230 0.2551 0.2881
vn -0.6861 0.6858 0.2430
vn -0.2815 0.9558 0.0853
vn -0.2093 0.9559 0.2062
vn -0.0895 0.9558 0.2802
vn -0.2532 0.6858 0.6824
vn -0.5204 0.6829 0.5127
vn -0.0896 0.9558 -0.2801
vn -0.2097 0.9559 -0.2057
vn -0.2818 0.9558 -0.0842
vn -0.6869 0.6857 -0.2406
vn -0.9241 0.2549 -0.2847
vn -0.6926 0.2419 -0.6796
vn -0.3022 0.2549 -0.9185
vn -0.2536 0.6857 -0.6823
vn -0.5214 0.6829 -0.5117
vn -0.9359 0.2579 -0.2400
vn -0.6920 0.6921 -0.2053
vn -0.2569 0.9330 -0.2520
vn -0.2183 0.6921 -0.6880
vn -0.2576 0.2579 -0.9312
vn -0.6963 0.2199 -0.6833
vn -0.5809 0.5811 -0.5700
vn 0.2537 0.9321 -0.2585
vn 0.6937 0.6927 -0.1974
vn 0.9289 0.2522 -0.2713
vn 0.6888 0.1814 -0.7019
vn 0.2537 0.2522 -0.9338
vn 0.1842 0.6928 -0.6972
vn 0.5743 0.5723 -0.5853
vn 0.9336 0.2344 -0.2712
vn 0.8728 0.2020 0.4444
vn 0.3298 0.2347 0.9144
vn 0.2817 0.6860 0.6708
vn 0.0906 0.9584 0.2707
vn 0.2214 0.9687 0.1127
vn 0.2725 0.9583 -0.0861
vn 0.7086 0.6856 -0.1669
vn 0.6226 0.7155 0.3169
vn -0.8358 0.2155 0.5050
vn -0.6407 0.6241 0.4472
vn -0.3513 0.9260 0.1382
vn -0.7112 0.7014 0.0473
vn -0.9624 0.2369 0.1325
vn -0.9289 0.1603 0.3338
vn -0.8201 0.4851 0.3035
vn -0.2370 0.9421 -0.2370
vn -0.2033 0.7073 -0.6771
vn -0.2428 0.2788 -0.9291
vn -0.6787 0.2804 -0.6788
vn -0.9183 0.3397 -0.2035
vn -0.6470 0.7430 -0.1713
vn -0.5490 0.6303 -0.5490
vn 0.8140 0.3839 -0.4359
vn 0.5832 0.7618 -0.2822
vn 0.1916 0.9759 0.1046
vn 0.0783 0.7615 0.6434
vn 0.0738 0.3834 0.9206
vn 0.7447 0.5292 0.4066
vn 0.5059 0.8171 0.2763
vn -0.6379 0.1925 0.7457
vn -0.4459 0.1255 0.8862
vn -0.2142 0.2011 0.9559
vn -0.1306 0.6438 0.7540
vn -0.1881 0.9128 0.3626
vn -0.5427 0.6127 0.5745
vn -0.4050 0.4479 0.7971
vn 0.9623 -0.0000 0.2719
vn 0.7019 0.0001 0.7123
vn 0.2576 -0.0000 0.9662
vn -0.0000 0.9660 0.2585
vn -0.0000 0.7071 0.7071
vn -0.0000 0.2585 0.9660
vn -0.9695 -0.0000 0.2452
vn -0.7123 0.0001 0.7019
vn -0.2595 -0.0000 0.9657
vn 0.9657 0.2586 0.0230
vn 0.7070 0.7070 0.0169
vn 0.2586 0.9660 0.0061
vn 0.0018 0.2741 0.9617
vn 0.0037 0.7071 0.7071
vn 0.0018 0.9617 0.2741
vn 0.0018 0.9617 -0.2741
vn 0.0037 0.7071 -0.7071
vn 0.0018 0.2740 -0.9617
vn -0.2751 -0.0027 0.9614
vn -0.7123 -0.0055 0.7018
vn -0.9654 -0.0027 0.2609
vn -0.2738 0.9617 -0.0110
vn -0.7068 0.7070 -0.0264
vn -0.9613 0.2738 -0.0299
vn -0.9664 -0.0027 -0.2572
vn -0.7137 -0.0055 -0.7004
vn -0.2754 -0.0027 -0.9613
vn 0.2588 0.9659 -0.0000
vn 0.7071 0.7071 -0.0000
vn 0.9659 0.2588 -0.0000
vn -0.2598 -0.0000 -0.9657
vn -0.7138 -0.0000 -0.7004
vn -0.9704 -0.0000 -0.2415
vn 0.0041 0.9617 -0.2739
vn 0.0081 0.7070 -0.7072
vn 0.0041 0.2739 -0.9618
vn 0.9568 0.0027 -0.2908
vn 0.7004 0.0055 -0.7138
vn 0.2726 0.0027 -0.9621
vn 0.9613 0.2739 -0.0309
vn 0.7068 0.7069 -0.0267
vn 0.2740 0.9617 -0.0110
vn -0.9610 0.2738 0.0386
vn -0.7065 0.7068 0.0347
vn -0.2737 0.9617 0.0146
vn -0.0000 0.2588 -0.9659
vn -0.0000 0.7071 -0.7071
vn -0.0000 0.9659 -0.2588
vn -0.0000 0.2588 0.9659
vn -0.0000 0.9659 0.2588
vn 0.9378 -0.0032 -0.3472
vn 0.8911 -0.0060 0.4538
vn 0.2708 -0.0032 0.9626
vn -0.0039 0.2741 0.9617
vn -0.0079 0.7071 0.7071
vn -0.0039 0.9617 0.2741
vn -0.9897 0.0013 0.1433
vn -0.9439 0.0027 0.3301
vn -0.8633 0.0013 0.5047
vn -0.9426 0.3339 -0.0015
vn -0.6567 0.7542 0.0005
vn -0.2466 0.9691 0.0020
vn -0.2522 -0.0012 -0.9677
vn -0.7071 -0.0063 -0.7071
vn -0.9723 -0.0044 -0.2339
vn -0.0000 0.9660 -0.2586
vn -0.0000 0.2586 -0.9660
vn -0.2340 0.9545 0.1847
vn -0.5805 0.6735 0.4575
vn -0.7584 0.2510 0.6014
vn 0.2209 0.9613 -0.1649
vn 0.5695 0.7054 -0.4219
vn 0.7762 0.2734 -0.5681
vn 0.1269 -0.0091 0.9919
vn 0.8773 -0.0310 0.4790
vn 0.9029 -0.0092 -0.4297
vn -0.6439 0.0016 0.7651
vn -0.4462 0.0032 0.8949
vn -0.2236 0.0016 0.9747
vn -0.0162 0.9585 0.2846
vn -0.0337 0.7090 0.7044
vn -0.0473 0.3111 0.9492
vn -0.7394 0.2470 0.6263
vn -0.5667 0.6654 0.4859
vn -0.2304 0.9525 0.1989
vn 0.7790 0.2976 -0.5520
vn 0.5757 0.7134 -0.3996
vn 0.2176 0.9638 -0.1539
vn 0.5123 -0.0000 -0.8588
vn 0.6006 -0.0000 -0.7995
vn -0.3145 -0.0000 0.9493
vn -0.7494 -0.0000 0.6621
vn 0.2822 -0.0000 -0.9594
vn -0.5092 -0.0000 0.8607
vn 0.7138 -0.0000 -0.7004
vn 0.0095 0.9999 -0.0099
vn 0.0073 1.0000 -0.0016
vn 0.7166 -0.0000 -0.6975
vn -0.6842 -0.0000 0.7293
vn -0.0085 1.0000 0.0041
vn 0.8054 -0.1674 0.5686
vn -0.9986 -0.0000 0.0535
vn 1.0000 -0.0000 -0.0024
vn -0.9959 -0.0000 0.0905
vn 0.0335 -0.0000 0.9994
vn 1.0000 -0.0000 0.0030
vn 1.0000 -0.0000 -0.0009
vn -0.0119 0.9999 -0.0069
vn -1.0000 -0.0000 0.0024
vn -0.0218 -0.0000 0.9998
vn -0.0744 -0.0000 -0.9972
vn 0.0223 -0.0000 -0.9998
vn -0.7195 -0.0000 0.6945
vn 0.9337 -0.0000 0.3582
vn 0.3469 -0.0000 0.9379
vn -0.3025 -0.0000 -0.9531
vn -0.9988 -0.0000 -0.0487
vn -0.8602 -0.0000 -0.5100
vn 1.0000 -0.0000 0.0097
vn 0.5909 -0.0000 -0.8068
vn 0.9962 -0.0000 -0.0874
vn -0.5454 -0.0000 0.8382
vn -0.9468 -0.0000 0.3219
vn -0.2241 -0.0000 0.9746
vn 0.0722 0.9951 0.0677
vn -0.1165 -0.0000 0.9932
vn 0.0730 -0.9951 0.0670
vn 0.9980 -0.0000 0.0636
vn -0.1445 0.2536 0.9564
vn -0.0563 0.7213 0.6903
vn -0.1451 0.9326 0.3303
vn -0.4758 0.6447 0.5983
vn -0.5566 0.2285 0.7987
vn -0.3695 0.1721 0.9131
vn -0.3299 0.5108 0.7939
vn 0.9281 0.2804 0.2450
vn 0.6815 0.7125 0.1672
vn 0.2339 0.9473 0.2190
vn 0.1603 0.7556 0.6351
vn 0.2509 0.3055 0.9185
vn 0.6956 0.2301 0.6806
vn 0.5600 0.6289 0.5393
vn -0.9252 0.2833 -0.2523
vn -0.6547 0.7276 -0.2048
vn -0.2343 0.9438 -0.2332
vn -0.2080 0.7275 -0.6538
vn -0.2568 0.2831 -0.9241
vn -0.6879 0.2410 -0.6846
vn -0.5571 0.6182 -0.5545
vn 0.9252 0.2810 -0.2549
vn 0.6905 0.2049 -0.6937
vn 0.2505 0.2810 -0.9265
vn 0.1737 0.7320 -0.6588
vn 0.2313 0.9447 -0.2324
vn 0.6579 0.7320 -0.1768
vn 0.5545 0.6181 -0.5572
vn 0.3622 0.2233 -0.9050
vn 0.2794 0.6535 -0.7035
vn 0.2949 0.9212 -0.2539
vn 0.7194 0.6789 -0.1464
vn 0.9520 0.2352 -0.1959
vn 0.7561 0.1538 -0.6361
vn 0.6440 0.5356 -0.5463
vn 0.2097 0.9334 0.2911
vn 0.0373 0.6842 0.7284
vn 0.0455 0.2544 0.9660
vn 0.5816 0.2014 0.7881
vn 0.9090 0.2662 0.3208
vn 0.6664 0.7065 0.2384
vn 0.4717 0.6010 0.6452
vn -0.1308 0.9674 0.2170
vn -0.3581 0.7153 0.6002
vn -0.4917 0.2645 0.8296
vn 0.1278 0.9680 -0.2158
vn 0.3554 0.7189 -0.5974
vn 0.4935 0.2671 -0.8277
vn -0.6244 0.2580 0.7372
vn -0.4581 0.7060 0.5402
vn -0.1681 0.9657 0.1979
vn 0.5791 0.2651 -0.7709
vn 0.4192 0.7162 -0.5580
vn 0.1518 0.9676 -0.2020
vn 0.1821 0.9669 -0.1788
vn 0.5008 0.7124 -0.4916
vn 0.6887 0.2625 -0.6758
vn -0.1911 0.9643 0.1831
vn -0.5156 0.6986 0.4961
vn -0.6963 0.2531 0.6716
vn -0.2033 0.9628 0.1781
vn -0.5428 0.6906 0.4779
vn -0.7263 0.2479 0.6411
vn 0.6915 0.2622 -0.6731
vn 0.5072 0.7046 -0.4962
vn 0.1748 0.9683 -0.1787
vn -0.1570 0.0016 0.9876
vn -0.3668 0.0031 0.9303
vn -0.5593 0.0016 0.8290
vn -0.1939 0.9584 0.2093
vn -0.4899 0.6912 0.5313
vn -0.6574 0.2628 0.7063
vn 0.9620 0.0028 0.2730
vn 0.7082 0.0058 0.7059
vn 0.2762 0.0028 0.9611
vn 0.0048 0.9706 0.2408
vn 0.0156 0.7742 0.6328
vn 0.0287 0.3492 0.9366
vn 0.2738 0.9618 0.0018
vn 0.7068 0.7074 0.0034
vn 0.9617 0.2742 0.0010
vn -0.2461 0.9692 -0.0013
vn -0.7754 0.6310 0.0237
vn -0.9646 0.2586 0.0517
vn 0.2587 0.9660 -0.0006
vn 0.7070 0.7072 -0.0017
vn 0.9659 0.2589 -0.0023
vn 0.9622 0.2723 0.0010
vn 0.6875 0.7262 -0.0043
vn 0.2459 0.9693 -0.0046
vn -0.9587 0.2714 0.0853
vn -0.6863 0.7251 0.0561
vn -0.2458 0.9692 0.0170
vn -0.2609 -0.0000 -0.9654
vn -0.7088 0.0001 -0.7054
vn -0.9666 -0.0001 -0.2563
vn 0.9611 0.0032 -0.2763
vn 0.7054 0.0064 -0.7088
vn 0.2718 0.0032 -0.9624
vn -0.0124 0.9687 -0.2481
vn -0.0372 0.7430 -0.6683
vn -0.0643 0.3012 -0.9514
vn -0.2341 0.9722 0.0006
vn -0.6686 0.7436 0.0015
vn -0.9584 0.2855 0.0023
vn 0.2482 0.9687 -0.0039
vn 0.6686 0.7436 -0.0085
vn 0.9533 0.3021 -0.0058
vn 0.2713 0.2721 -0.9232
vn 0.1934 0.7259 -0.6600
vn 0.0688 0.9693 -0.2362
vn -0.3030 0.2735 0.9129
vn -0.2175 0.7278 0.6504
vn -0.0784 0.9695 0.2320
vn 0.0211 0.2796 -0.9599
vn 0.0141 0.7359 -0.6769
vn 0.0045 0.9709 -0.2393
vn -0.0214 0.2850 0.9583
vn -0.0164 0.7429 0.6692
vn -0.0066 0.9721 0.2346
vn -0.0749 0.9697 -0.2323
vn -0.2083 0.7289 -0.6522
vn -0.2912 0.2743 -0.9165
vn 0.3323 0.2782 0.9012
vn 0.2326 0.7342 0.6378
vn 0.0812 0.9707 0.2263
vn -0.8351 0.2409 -0.4946
vn -0.6320 0.6794 -0.3729
vn -0.2401 0.9605 -0.1406
vn 0.9105 0.2181 0.3514
vn 0.7138 0.6416 0.2807
vn 0.2821 0.9526 0.1136
vn -0.9700 0.2384 -0.0470
vn -0.7366 0.6755 -0.0349
vn -0.2805 0.9598 -0.0127
vn 0.9769 0.2136 0.0102
vn 0.7746 0.6323 0.0102
vn 0.3117 0.9502 0.0054
vn -0.2589 0.9618 0.0889
vn -0.6891 0.6854 0.2353
vn -0.9180 0.2446 0.3123
vn 0.9714 0.2218 -0.0846
vn 0.7599 0.6468 -0.0648
vn 0.3005 0.9535 -0.0248
vn -0.5119 0.2449 0.8234
vn -0.3498 0.6814 0.6429
vn -0.0840 0.9550 0.2845
vn 0.5973 0.2537 -0.7608
vn 0.4876 0.7004 -0.5213
vn 0.2364 0.9615 -0.1401
vn 0.9785 0.0037 -0.2064
vn 0.7699 0.0080 -0.6381
vn 0.3818 0.0044 -0.9242
vn 0.2888 0.9572 0.0184
vn 0.7057 0.7071 0.0450
vn 0.9553 0.2893 0.0609
vn 0.0612 0.0036 0.9981
vn 0.5977 0.0074 0.8017
vn 0.9391 0.0036 0.3437
vn -0.2109 0.2501 0.9450
vn -0.1520 0.6707 0.7260
vn -0.0587 0.9537 0.2951
vn 0.4371 0.2461 -0.8651
vn 0.2014 0.6752 -0.7096
vn 0.0603 0.9545 -0.2921
vn -0.6462 -0.0000 0.7631
vn 0.9548 -0.0000 0.2973
vn -0.8600 -0.0000 0.5103
vn 0.0221 0.9969 0.0753
vn -0.0050 0.9974 0.0714
vn -0.8389 -0.0000 -0.5443
vn -0.0384 -0.9889 0.1439
vn -0.1510 0.9801 0.1286
vn 0.7418 -0.0000 -0.6706
vn 0.0081 -0.9517 0.3070
vn 0.6331 -0.0000 0.7740
vn 0.0448 -0.9925 0.1141
vn -0.8667 -0.0000 0.4989
vn 0.0002 -0.0066 -1.0000
vn -0.9822 -0.0000 -0.1878
vn -0.6122 -0.0000 -0.7907
vn -0.0515 -0.0000 0.9987
vn 0.1306 -0.0000 -0.9914
vn -0.0780 -0.0000 -0.9970
vn -0.0882 -0.0000 0.9961
vn -0.6837 -0.0000 0.7298
vn 0.9280 -0.0000 -0.3726
vn 0.6437 -0.0000 -0.7653
vn -0.9441 -0.0000 0.3297
vn -0.9805 -0.0000 -0.1964
vn -1.0000 -0.0000 0.0049
vn 1.0000 -0.0000 -0.0096
vn 0.9615 -0.0000 0.2749
vn -0.7971 -0.0000 -0.6038
vn 0.7971 -0.0000 0.6038
vn -0.6038 -0.0000 0.7971
vn -0.3165 -0.0000 0.9486
vn 0.3417 -0.0000 -0.9398
vn 0.8988 -0.0000 -0.4384
vn 0.7799 -0.0000 0.6259
vn -0.0193 -0.0000 0.9998
vn 0.6814 -0.0000 0.7319
vn 0.0812 -0.0000 0.9967
vn 0.0193 -0.0000 -0.9998
vn -0.6704 -0.0000 -0.7420
vn -0.1377 -0.0000 -0.9905
vn 0.9841 -0.0000 0.1776
vn -0.9998 -0.0000 0.0200
vn 0.9998 -0.0000 -0.0200
vn -0.9754 -0.0000 -0.2206
vn 0.9073 -0.0000 -0.4206
vn -0.8754 -0.0000 0.4835
vn 0.8754 -0.0000 -0.4835
vn -0.9353 -0.0000 0.3537
vn 0.1768 0.9807 0.0837
vn 0.4835 -0.0000 0.8754
vn 0.9318 0.2566 0.2566
vn 0.6901 0.6901 0.2178
vn 0.2566 0.9318 0.2566
vn 0.2178 0.6901 0.6901
vn 0.2566 0.2566 0.9318
vn 0.6902 0.2178 0.6901
vn 0.5774 0.5774 0.5773
vn -0.2566 0.9318 0.2566
vn -0.6901 0.6901 0.2178
vn -0.9318 0.2566 0.2566
vn -0.6901 0.2178 0.6901
vn -0.2566 0.2566 0.9318
vn -0.2178 0.6901 0.6901
vn -0.5773 0.5773 0.5774
vn -0.8550 0.2173 -0.4710
vn -0.1291 0.1851 -0.9742
vn 0.7034 0.2094 -0.6793
vn 0.5103 0.6669 -0.5430
vn 0.2224 0.9543 -0.1999
vn -0.0265 0.9782 -0.2058
vn -0.2596 0.9567 -0.1315
vn -0.6251 0.6781 -0.3865
vn -0.0837 0.7632 -0.6407
vn -0.8945 0.2656 -0.3596
vn -0.9714 0.1947 0.1360
vn -0.7641 0.2602 0.5902
vn -0.5621 0.6990 0.4421
vn -0.3471 0.9365 0.0503
vn -0.6518 0.7091 -0.2689
vn -0.8001 0.5891 0.1135
vn 0.5939 0.2782 0.7549
vn 0.4172 0.7047 0.5739
vn 0.0486 0.9347 0.3521
vn -0.2441 0.6947 0.6766
vn -0.3606 0.2625 0.8950
vn 0.1329 0.2339 0.9631
vn 0.1102 0.5916 0.7987
vn 0.9476 0.2356 -0.2157
vn 0.7245 0.6754 -0.1376
vn 0.3558 0.9289 0.1026
vn 0.5293 0.6855 0.4999
vn 0.6785 0.2508 0.6904
vn 0.9410 0.2021 0.2714
vn 0.7940 0.5632 0.2290
vn -0.6940 0.2517 0.6745
vn -0.2729 0.1824 0.9446
vn 0.2279 0.2531 0.9402
vn 0.1735 0.6938 0.6989
vn -0.1011 0.9319 0.3482
vn -0.5211 0.6910 0.5009
vn -0.2276 0.5742 0.7865
vn 0.9660 -0.0000 0.2587
vn 0.7071 0.0001 0.7071
vn 0.2586 -0.0000 0.9660
vn -0.9660 -0.0000 0.2587
vn -0.7071 0.0001 0.7071
vn -0.2586 -0.0000 0.9660
vn -0.2586 0.9660 -0.0001
vn -0.7071 0.7071 0.0001
vn -0.9660 0.2587 -0.0001
vn 0.2586 0.9660 -0.0001
vn 0.7071 0.7071 0.0001
vn 0.9660 0.2587 -0.0001
vn -0.9659 0.2588 -0.0000
vn -0.7071 0.7071 -0.0000
vn -0.2588 0.9659 -0.0000
vn -0.2293 0.9502 0.2112
vn -0.6368 0.6516 0.4121
vn -0.8359 0.2257 0.5003
vn 0.2255 0.9652 0.1321
vn 0.6679 0.7063 0.2346
vn 0.9218 0.2577 0.2896
vn -0.9148 -0.0035 -0.4040
vn -0.1321 -0.0051 -0.9912
vn 0.7771 -0.0035 -0.6294
vn 0.2822 0.9534 -0.1062
vn 0.6836 0.6716 -0.2857
vn 0.8777 0.2516 -0.4079
vn -0.9503 0.2599 -0.1717
vn -0.7204 0.6842 -0.1137
vn -0.2899 0.9563 -0.0384
vn 0.7491 0.2788 0.6010
vn 0.5292 0.7348 0.4242
vn 0.1874 0.9708 0.1501
vn -0.8077 0.2704 -0.5240
vn -0.5792 0.7236 -0.3755
vn -0.2079 0.9688 -0.1346
vn 0.1530 0.9707 0.1851
vn 0.4307 0.7348 0.5240
vn 0.6084 0.2788 0.7430
vn -0.5892 0.2716 -0.7610
vn -0.4214 0.7251 -0.5446
vn -0.1508 0.9691 -0.1951
vn -0.0122 0.9650 0.2621
vn -0.0350 0.7016 0.7117
vn -0.0492 0.2550 0.9657
vn -0.0752 0.2597 -0.9628
vn -0.0547 0.7083 -0.7038
vn -0.0198 0.9661 -0.2573
vn -0.0848 0.2574 0.9626
vn -0.0611 0.7050 0.7065
vn -0.0218 0.9655 0.2594
vn 0.1262 0.2604 -0.9572
vn 0.0925 0.7094 -0.6987
vn 0.0340 0.9663 -0.2550
vn -0.1801 0.9644 0.1936
vn -0.4881 0.6989 0.5227
vn -0.6611 0.2533 0.7062
vn 0.6223 0.2563 -0.7396
vn 0.4578 0.7034 -0.5437
vn 0.1685 0.9652 -0.1998
vn -0.9158 0.2427 0.3201
vn -0.6897 0.6825 0.2419
vn -0.2601 0.9612 0.0916
vn 0.8986 0.2499 -0.3607
vn 0.6685 0.6937 -0.2681
vn 0.2488 0.9634 -0.0997
vn 0.2668 0.9638 -0.0025
vn 0.7185 0.6955 -0.0069
vn 0.9679 0.2510 -0.0093
vn -0.2758 0.9612 0.0016
vn -0.7308 0.6826 0.0038
vn -0.9701 0.2428 0.0048
vn -0.2678 0.9620 -0.0538
vn -0.7131 0.6864 -0.1430
vn -0.9506 0.2452 -0.1904
vn 0.9306 0.2515 0.2660
vn 0.6902 0.6962 0.1972
vn 0.2561 0.9639 0.0731
vn -0.9321 0.0029 -0.3622
vn -0.9906 0.0058 0.1368
vn -0.7992 0.0029 0.6011
vn -0.3786 -0.0003 0.9255
vn 0.1367 -0.0016 0.9906
vn 0.6189 -0.0012 0.7854
vn -0.1721 0.9617 0.2132
vn -0.4400 0.7070 0.5536
vn -0.5871 0.2739 0.7618
vn -0.2139 0.9648 -0.1532
vn -0.5597 0.7226 -0.4056
vn -0.7684 0.2855 -0.5728
vn 0.7650 0.2740 0.5829
vn 0.5505 0.7203 0.4221
vn 0.2000 0.9679 0.1520
vn -0.2599 0.9535 0.1526
vn -0.6599 0.6459 0.3837
vn -0.8448 0.2208 0.4875
vn 0.2073 0.9604 -0.1860
vn 0.5454 0.6788 -0.4916
vn 0.7202 0.2405 -0.6507
vn 0.3301 0.2610 -0.9071
vn 0.2416 0.7103 -0.6612
vn 0.0887 0.9665 -0.2409
vn -0.3041 0.2684 0.9141
vn -0.2169 0.7208 0.6583
vn -0.0771 0.9684 0.2372
vn 0.0056 0.9693 -0.2457
vn 0.0143 0.7264 -0.6872
vn 0.0188 0.2725 -0.9620
vn -0.0180 0.2766 0.9608
vn -0.0116 0.7320 0.6813
vn -0.0034 0.9703 0.2420
vn -0.0341 0.9682 -0.2477
vn -0.0952 0.7201 -0.6874
vn -0.1326 0.2679 -0.9543
vn 0.0784 0.2732 0.9588
vn 0.0566 0.7273 0.6839
vn 0.0206 0.9695 0.2442
vn -0.6461 0.2662 -0.7153
vn -0.4667 0.7177 -0.5168
vn -0.1686 0.9678 -0.1868
vn 0.6552 0.2747 0.7037
vn 0.4662 0.7294 0.5006
vn 0.1662 0.9698 0.1783
vn -0.2515 0.9662 -0.0569
vn -0.6883 0.7085 -0.1557
vn -0.9419 0.2598 -0.2130
vn 0.9494 0.2632 0.1714
vn 0.6895 0.7135 0.1247
vn 0.2504 0.9671 0.0453
vn -0.9635 0.2672 0.0193
vn -0.6948 0.7191 0.0140
vn -0.2506 0.9681 0.0051
vn 0.9630 0.2688 -0.0191
vn 0.6924 0.7214 -0.0135
vn 0.2491 0.9685 -0.0047
vn 0.2446 0.9630 -0.1129
vn 0.6554 0.6917 -0.3032
vn 0.8789 0.2486 -0.4072
vn -0.2475 0.9644 0.0937
vn -0.6691 0.6987 0.2532
vn -0.9049 0.2532 0.3422
vn 0.6946 0.0003 0.7194
vn 0.9608 0.0017 0.2771
vn 0.9721 0.0011 -0.2346
vn -0.7093 0.0029 0.7049
vn -0.2771 0.0058 0.9608
vn 0.2251 0.0029 0.9743
vn 0.1218 0.9617 0.2455
vn 0.3201 0.7071 0.6305
vn 0.4538 0.2740 0.8479
vn -0.8399 0.2711 0.4702
vn -0.6172 0.7028 0.3538
vn -0.2399 0.9608 0.1389
vn 0.8479 0.2437 -0.4708
vn 0.6291 0.6937 -0.3508
vn 0.2327 0.9639 -0.1291
vn 0.0057 0.9907 0.1358
vn 0.5462 -0.0000 -0.8377
vn -0.6053 -0.0000 0.7960
vn -0.0236 0.9862 0.1636
vn 0.5796 -0.0000 -0.8149
vn -0.5742 -0.0000 0.8187
vn 0.5711 -0.0000 -0.8209
vn -0.5711 -0.0000 0.8209
vn 0.5798 -0.0000 -0.8148
vn -0.5798 -0.0000 0.8148
vn -0.5617 0.0014 0.8273
vn -0.0191 0.9975 0.0684
vn 0.0062 0.0028 1.0000
vn 0.5742 -0.0000 -0.8187
vn 0.0342 0.9990 0.0295
vn -0.0063 1.0000 0.0052
vn 0.3000 0.2556 -0.9190
vn 0.6859 0.2431 -0.6859
vn 0.9190 0.2556 -0.3000
vn 0.6827 0.6860 -0.2516
vn 0.2804 0.9557 -0.0890
vn 0.2081 0.9557 -0.2081
vn 0.0890 0.9557 -0.2804
vn 0.2516 0.6860 -0.6827
vn 0.5165 0.6829 -0.5165
vn 0.2566 0.9318 -0.2566
vn 0.6901 0.6901 -0.2178
vn 0.9318 0.2566 -0.2566
vn 0.6901 0.2178 -0.6901
vn 0.2566 0.2566 -0.9318
vn 0.2178 0.6901 -0.6901
vn 0.5773 0.5773 -0.5774
vn -0.9318 0.2566 -0.2566
vn -0.6901 0.6901 -0.2178
vn -0.2566 0.9318 -0.2566
vn -0.2178 0.6901 -0.6901
vn -0.2566 0.2566 -0.9318
vn -0.6901 0.2178 -0.6901
vn -0.5773 0.5773 -0.5774
vn 0.2710 0.9391 0.2111
vn 0.1788 0.9800 0.0872
vn 0.0893 0.9960 -0.0032
vn 0.4079 0.9101 -0.0727
vn 0.6676 0.7436 -0.0382
vn 0.9474 0.3091 -0.0831
vn 0.9915 0.0290 -0.1266
vn 0.9476 0.2954 0.1216
vn 0.7497 0.6618 -0.0019
vn 0.6901 0.2178 0.6901
vn 0.5774 0.5773 0.5773
vn 0.5774 0.5773 -0.5773
vn -0.6902 0.2178 -0.6901
vn -0.6900 0.3591 0.6284
vn -0.4802 0.7364 0.4766
vn -0.1976 0.9607 0.1949
vn -0.2284 0.9630 0.1434
vn -0.2679 0.9604 0.0769
vn -0.6633 0.7337 0.1471
vn -0.9206 0.3364 0.1981
vn -0.8257 0.3619 0.4327
vn -0.5708 0.7524 0.3289
vn -0.1246 0.9186 0.3751
vn -0.3978 0.6383 0.6590
vn -0.4481 0.2295 0.8640
vn -0.2934 0.1742 0.9400
vn -0.1172 0.2434 0.9628
vn -0.0408 0.6873 0.7252
vn -0.2651 0.4911 0.8298
vn 0.2392 0.2823 0.9290
vn 0.6873 0.2095 0.6955
vn 0.9277 0.2701 0.2577
vn 0.6666 0.7216 0.1871
vn 0.1944 0.9504 0.2427
vn 0.1344 0.7292 0.6709
vn 0.5437 0.6125 0.5737
vn 0.2741 -0.0031 -0.9617
vn 0.7071 -0.0064 -0.7071
vn 0.9617 -0.0031 -0.2741
vn -0.2586 -0.0000 -0.9660
vn -0.7071 0.0001 -0.7071
vn -0.9660 -0.0000 -0.2586
vn -0.0000 0.9660 -0.2585
vn -0.0000 0.2585 -0.9660
vn 0.9660 -0.0000 -0.2587
vn 0.7071 0.0001 -0.7071
vn 0.2586 -0.0000 -0.9660
vn 0.9617 0.2739 0.0052
vn 0.7071 0.7071 0.0104
vn 0.2739 0.9617 0.0052
vn -0.9660 0.2586 -0.0000
vn -0.7071 0.7071 -0.0001
vn -0.2586 0.9660 -0.0000
vn -0.0016 0.2741 0.9617
vn -0.0032 0.7071 0.7071
vn -0.0016 0.9617 0.2741
vn 0.9660 -0.0000 0.2586
vn 0.9660 -0.0000 -0.2586
vn 0.2585 0.9660 -0.0000
vn 0.9660 0.2585 -0.0000
vn -0.0000 0.2586 0.9660
vn -0.0000 0.9660 0.2586
vn -0.0030 0.2739 -0.9618
vn -0.0060 0.7071 -0.7071
vn -0.0030 0.9618 -0.2739
vn -0.2586 0.9660 0.0001
vn -0.7071 0.7071 -0.0002
vn -0.9660 0.2586 0.0001
vn 0.0001 0.2586 -0.9660
vn -0.0001 0.7071 -0.7071
vn 0.0001 0.9660 -0.2586
vn -0.9814 0.0077 0.1916
vn -0.8877 0.0120 0.4603
vn -0.7379 0.0045 0.6749
vn -0.9612 0.2754 0.0139
vn -0.7036 0.7097 0.0356
vn -0.2715 0.9621 0.0231
vn -0.0280 0.9593 0.2811
vn -0.0294 0.7339 0.6786
vn -0.0121 0.3168 0.9484
vn -0.9657 0.2595 0.0003
vn -0.7045 0.7097 0.0034
vn -0.2495 0.9683 0.0085
vn 0.1460 0.9614 -0.2332
vn 0.3794 0.7058 -0.5983
vn 0.5221 0.2731 -0.8080
vn -0.1703 0.9613 0.2168
vn -0.4359 0.7045 0.5601
vn -0.5852 0.2713 0.7642
vn 0.1484 0.9660 -0.2117
vn 0.4057 0.7076 -0.5786
vn 0.5546 0.2591 -0.7908
vn -0.1517 0.9645 0.2161
vn -0.4104 0.6995 0.5850
vn -0.5554 0.2537 0.7919
vn 0.1478 0.9659 -0.2124
vn 0.4037 0.7072 -0.5804
vn 0.5516 0.2589 -0.7929
vn -0.1514 0.9643 0.2173
vn -0.4090 0.6983 0.5875
vn -0.5526 0.2528 0.7942
vn 0.1498 0.9660 -0.2105
vn 0.4095 0.7078 -0.5756
vn 0.5599 0.2593 -0.7869
vn -0.1542 0.9641 0.2162
vn -0.4159 0.6972 0.5839
vn -0.5611 0.2522 0.7884
vn -0.4499 0.0049 0.8931
vn -0.2918 0.0069 0.9565
vn -0.1253 0.0049 0.9921
vn 0.5599 0.2598 -0.7868
vn 0.4097 0.7106 -0.5720
vn 0.2018 0.9259 -0.3194
vn -0.1367 0.9524 0.2724
vn -0.3784 0.6852 0.6224
vn -0.5279 0.2643 0.8071
vn 0.9611 0.2762 0.0049
vn 0.6973 0.7166 0.0155
vn 0.2496 0.9680 0.0257
vn 0.9618 0.0032 0.2739
vn 0.7082 0.0070 0.7060
vn 0.2770 0.0051 0.9609
vn -0.9572 -0.0000 -0.2896
vn 0.3387 -0.0000 0.9409
vn -0.9971 -0.0000 -0.0766
vn -0.8514 -0.0000 -0.5246
vn -0.5173 -0.0000 -0.8558
vn -0.0177 -0.0000 -0.9998
vn 0.1183 -0.0000 -0.9930
vn 0.6574 -0.0000 -0.7535
vn 0.8682 -0.0000 -0.4963
vn 0.9998 -0.0000 0.0202
vn 0.9984 -0.0000 0.0558
vn 0.9403 -0.0000 0.3403
vn 0.8798 -0.0000 0.4753
vn 0.9827 -0.0000 0.1854
vn 0.0018 -1.0000 0.0012
vn -0.8960 -0.0000 0.4440
vn 0.9997 -0.0000 0.0230
vn 0.4191 -0.0000 0.9080
vn -0.9973 -0.0000 -0.0737
vn -0.0286 -0.0000 0.9996
vn -0.9992 -0.0000 -0.0408
vn -0.0196 -0.0000 0.9998
vn -0.2128 -0.0000 0.9771
vn 0.9954 -0.0000 0.0958
vn -0.9403 -0.0000 -0.3403
vn -0.6641 -0.0000 0.7477
vn -0.0162 -0.0000 0.9999
vn -0.6054 0.2195 -0.7651
vn -0.5791 0.2354 -0.7805
vn -0.8647 0.2406 -0.4408
vn -0.6563 0.6621 -0.3618
vn -0.2804 0.9499 -0.1382
vn -0.1855 0.9518 -0.2443
vn -0.1584 0.9462 -0.2820
vn -0.4560 0.6272 -0.6315
vn -0.4467 0.6676 -0.5956
vn 0.3003 0.2525 -0.9198
vn 0.2532 0.6812 -0.6869
vn 0.0901 0.9546 -0.2838
vn 0.2106 0.9546 -0.2106
vn 0.2838 0.9546 -0.0901
vn 0.6869 0.6812 -0.2532
vn 0.9198 0.2525 -0.3003
vn 0.6864 0.2401 -0.6864
vn 0.5197 0.6781 -0.5197
vn -0.9326 0.2535 0.2568
vn -0.6944 0.6854 0.2191
vn -0.2595 0.9302 0.2595
vn -0.2191 0.6854 0.6945
vn -0.2568 0.2535 0.9326
vn -0.6906 0.2151 0.6906
vn -0.5799 0.5723 0.5799
vn 0.9320 0.2115 0.2945
vn 0.8969 0.1813 0.4034
vn 0.5696 0.2507 0.7827
vn 0.2970 0.7994 0.5223
vn 0.0844 0.9721 0.2190
vn 0.6436 0.7518 0.1435
vn 0.7199 0.6140 0.3237
vn 0.0423 0.2309 0.9720
vn 0.0252 0.6717 0.7404
vn 0.1892 0.9220 0.3377
vn 0.6214 0.6611 0.4204
vn 0.8017 0.2261 0.5533
vn 0.4792 0.1524 0.8644
vn 0.4129 0.5282 0.7420
vn -0.4571 0.2563 0.8517
vn -0.8563 0.2079 0.4728
vn -0.9718 0.2303 -0.0516
vn -0.7364 0.6764 -0.0110
vn -0.3121 0.9343 0.1724
vn -0.3659 0.6933 0.6208
vn -0.7140 0.5786 0.3943
vn 0.2568 0.2534 -0.9326
vn 0.6906 0.2151 -0.6906
vn 0.9326 0.2535 -0.2568
vn 0.6945 0.6854 -0.2191
vn 0.2595 0.9302 -0.2595
vn 0.2191 0.6854 -0.6945
vn 0.5799 0.5723 -0.5799
vn -0.2568 0.2535 -0.9326
vn -0.2191 0.6854 -0.6945
vn -0.2595 0.9302 -0.2595
vn -0.6944 0.6854 -0.2192
vn -0.9326 0.2535 -0.2568
vn -0.6906 0.2151 -0.6906
vn -0.5799 0.5723 -0.5799
vn -0.0160 0.2523 0.9675
vn -0.0127 0.6973 0.7167
vn -0.0053 0.9641 0.2656
vn -0.0079 0.2845 -0.9586
vn -0.0064 0.7005 -0.7136
vn -0.0031 0.9557 -0.2943
vn -0.9668 0.2555 -0.0001
vn -0.7118 0.7024 0.0001
vn -0.2618 0.9651 -0.0001
vn 0.0001 0.9651 0.2618
vn -0.0001 0.7024 0.7117
vn 0.0001 0.2555 0.9668
vn 0.9532 0.2482 0.1725
vn 0.6446 0.7577 0.1021
vn 0.1202 0.9927 -0.0044
vn 0.1222 0.9682 0.2185
vn 0.2165 0.7785 0.5892
vn 0.3277 0.2711 0.9051
vn 0.2637 0.9646 0.0061
vn 0.7140 0.6999 0.0165
vn 0.9670 0.2540 0.0223
vn -0.2891 0.9546 -0.0712
vn -0.7148 0.6733 -0.1893
vn -0.9298 0.2504 -0.2697
vn 0.2639 0.9642 0.0255
vn 0.7128 0.6980 0.0688
vn 0.9631 0.2527 0.0927
vn -0.2733 0.9617 -0.0230
vn -0.7268 0.6844 -0.0579
vn -0.9669 0.2438 -0.0748
vn 0.2090 0.9714 0.1127
vn 0.5931 0.7388 0.3201
vn 0.8442 0.2818 0.4560
vn -0.2047 0.9707 -0.1257
vn -0.5777 0.7347 -0.3556
vn -0.8177 0.2787 -0.5037
vn 0.1046 0.9689 0.2241
vn 0.2903 0.7240 0.6258
vn 0.4038 0.2706 0.8739
vn -0.1269 0.9694 -0.2103
vn -0.3553 0.7265 -0.5882
vn -0.4976 0.2726 -0.8234
vn -0.0063 0.9646 0.2637
vn -0.0188 0.6998 0.7141
vn -0.0271 0.2538 0.9669
vn -0.0041 0.9666 -0.2562
vn -0.0119 0.7109 -0.7032
vn -0.0169 0.2615 -0.9651
vn -0.0038 0.9653 0.2611
vn -0.0123 0.7040 0.7101
vn -0.0185 0.2568 0.9663
vn 0.0309 0.9669 -0.2534
vn 0.0837 0.7122 -0.6970
vn 0.1143 0.2623 -0.9582
vn -0.1635 0.9689 0.1857
vn -0.4573 0.7237 0.5169
vn -0.6390 0.2704 0.7201
vn 0.1660 0.9678 -0.1891
vn 0.4583 0.7178 -0.5241
vn 0.6339 0.2663 -0.7261
vn -0.2423 0.9625 0.1219
vn -0.6486 0.6889 0.3237
vn -0.8681 0.2467 0.4308
vn 0.2347 0.9629 -0.1331
vn 0.6279 0.6912 -0.3578
vn 0.8411 0.2483 -0.4805
vn -0.2841 0.9586 -0.0199
vn -0.7409 0.6695 -0.0534
vn -0.9695 0.2347 -0.0713
vn 0.2768 0.9609 0.0063
vn 0.7320 0.6812 0.0155
vn 0.9701 0.2419 0.0198
vn -0.2812 0.9596 -0.0106
vn -0.7377 0.6745 -0.0291
vn -0.9705 0.2378 -0.0393
vn 0.2746 0.9614 0.0159
vn 0.7287 0.6836 0.0413
vn 0.9684 0.2434 0.0543
vn -0.0436 0.9601 0.2762
vn -0.1207 0.7001 0.7038
vn -0.1883 0.2711 0.9440
vn -0.2589 0.9613 -0.0943
vn -0.6893 0.6787 -0.2534
vn -0.9138 0.2314 -0.3336
vn 0.2703 0.9572 0.1031
vn 0.6809 0.6859 0.2568
vn 0.9064 0.2597 0.3331
vn -0.0000 0.9652 -0.2616
vn -0.0000 0.7024 -0.7117
vn -0.0000 0.2553 -0.9669
vn 0.2772 0.9608 0.0013
vn 0.7118 0.7024 0.0027
vn 0.9627 0.2706 0.0013
vn -0.2618 0.9651 -0.0000
vn -0.7118 0.7024 -0.0000
vn -0.9668 0.2555 -0.0000
vn -0.9660 -0.0000 0.2586
vn 0.5972 0.0038 0.8021
vn 0.9119 0.0078 0.4104
vn 0.9537 0.0040 0.3007
vn -0.6217 -0.0033 -0.7832
vn -0.5942 -0.0066 -0.8043
vn -0.9063 -0.0032 -0.4226
vn 0.8181 0.0031 0.5751
vn 0.4834 0.0063 0.8754
vn 0.0510 0.0031 0.9987
vn -0.9976 0.0018 -0.0694
vn -0.8754 0.0025 0.4834
vn -0.4653 0.0002 0.8852
vn 0.9617 -0.0033 -0.2740
vn 0.7071 -0.0067 -0.7071
vn 0.2741 -0.0033 -0.9617
vn -0.0080 -0.0000 -1.0000
vn 0.2386 -0.0000 -0.9711
vn -0.5378 -0.0000 0.8430
vn -0.9229 -0.0000 0.3851
vn 0.9595 -0.0000 -0.2818
vn 0.9161 -0.0000 -0.4009
vn -0.9962 -0.0000 0.0866
vn -0.9919 -0.0000 -0.1270
vn -0.9999 -0.0000 0.0114
vn 0.9919 -0.0000 0.1270
vn 0.9999 -0.0000 -0.0114
vn 0.1270 -0.0000 -0.9919
vn 0.6165 -0.0000 -0.7873
vn -0.1992 -0.0000 0.9800
vn 0.2406 -0.0000 0.9706
vn 0.9169 -0.0000 -0.3991
vn -0.6725 -0.0000 -0.7401
vn -0.2808 -0.0000 -0.9598
vn 0.6515 -0.0000 0.7586
vn 0.9650 -0.0000 0.2624
vn -0.9859 -0.0000 0.1672
vn -0.9702 -0.0000 -0.2421
vn 0.9861 -0.0000 -0.1660
vn 0.2798 -0.0000 -0.9600
vn 0.7287 -0.0000 -0.6848
vn -0.6879 -0.0000 0.7258
vn 0.0057 -0.0000 1.0000
vn -0.3218 -0.0000 0.9468
vn -0.0059 -0.0000 -1.0000
vn -0.2576 -0.0000 -0.9663
vn 0.2526 -0.0000 0.9676
vn -0.7672 -0.0000 -0.6414
vn 0.9821 -0.0000 0.1882
vn 0.8447 -0.0000 0.5352
vn -0.9791 -0.0000 -0.2033
vn -0.9459 -0.0000 0.3244
vn 0.9884 -0.0000 -0.1522
vn -0.8920 0.2374 -0.3847
vn -0.6651 0.6767 -0.3158
vn -0.2261 0.9292 -0.2925
vn -0.1315 0.6859 -0.7157
vn -0.1394 0.2513 -0.9578
vn -0.5988 0.2034 -0.7746
vn -0.5049 0.5644 -0.6531
vn 0.2863 0.9324 -0.2208
vn 0.7148 0.6927 -0.0959
vn 0.9581 0.2529 -0.1342
vn 0.7779 0.1835 -0.6010
vn 0.3713 0.2538 -0.8932
vn 0.2724 0.6943 -0.6662
vn 0.6473 0.5756 -0.4998
vn -0.7270 0.6861 -0.0278
vn -0.5795 0.7137 -0.3934
vn -0.3276 0.6546 -0.6813
vn -0.4220 0.9060 0.0331
vn -0.0195 0.9649 -0.2619
vn 0.0047 0.8581 -0.5134
vn -0.3672 0.8790 -0.3043
vn 0.6621 0.4723 -0.5819
vn 0.2235 0.8382 -0.4975
vn 0.1327 0.9679 -0.2133
vn 0.3577 0.8349 -0.4183
vn 0.2665 0.4688 -0.8421
vn 0.4763 0.4881 -0.7313
vn 0.3741 0.7230 -0.5808
vn -0.0486 0.9705 0.2360
vn -0.1361 0.7335 0.6659
vn -0.1915 0.2778 0.9413
vn 0.0561 0.9712 -0.2315
vn 0.1602 0.7376 -0.6559
vn 0.2287 0.2809 -0.9321
vn 0.5958 0.2548 -0.7617
vn 0.4380 0.7013 -0.5624
vn 0.1607 0.9649 -0.2077
vn -0.5193 0.2621 0.8134
vn -0.3787 0.7118 0.5915
vn -0.1384 0.9668 0.2150
vn 0.8920 0.2270 -0.3910
vn 0.6903 0.6564 -0.3043
vn 0.2689 0.9557 -0.1194
vn -0.8978 0.2319 0.3743
vn -0.6899 0.6647 0.2868
vn -0.2666 0.9575 0.1102
vn 0.9324 0.2357 -0.2740
vn 0.7112 0.6711 -0.2095
vn 0.2723 0.9588 -0.0805
vn -0.9664 0.2429 0.0838
vn -0.7279 0.6829 0.0625
vn -0.2746 0.9613 0.0232
vn 0.2630 0.9648 -0.0031
vn 0.7132 0.7009 -0.0083
vn 0.9670 0.2546 -0.0111
vn -0.9688 0.2477 0.0110
vn -0.7235 0.6903 0.0078
vn -0.2703 0.9628 0.0027
vn -0.1354 0.0002 -0.9908
vn -0.6116 0.0016 -0.7912
vn -0.9232 0.0010 -0.3844
vn 0.0463 0.9617 -0.2701
vn 0.1132 0.7071 -0.6980
vn 0.1341 0.2740 -0.9523
vn 0.9887 0.0029 -0.1497
vn 0.7911 0.0058 -0.6116
vn 0.3939 0.0029 -0.9191
vn 0.9550 0.2723 0.1172
vn 0.7051 0.7046 0.0800
vn 0.2742 0.9612 0.0300
vn -0.9619 0.2449 -0.1213
vn -0.7136 0.6949 -0.0890
vn -0.2634 0.9641 -0.0333
vn -0.9850 -0.0033 0.1725
vn -0.8497 -0.0065 -0.5272
vn -0.2828 -0.0033 -0.9592
vn -0.0002 0.2809 0.9597
vn -0.0006 0.7376 0.6752
vn -0.0005 0.9712 0.2382
vn 0.0055 0.2974 -0.9547
vn 0.0075 0.7397 -0.6729
vn 0.0023 0.9685 -0.2489
vn 0.2279 -0.0023 -0.9737
vn 0.5481 -0.0047 -0.8364
vn 0.8018 -0.0023 -0.5976
vn -0.0000 0.2805 0.9598
vn 0.0001 0.7371 0.6758
vn 0.0001 0.9711 0.2386
vn 0.0004 0.9714 0.2375
vn 0.0005 0.7388 0.6740
vn 0.0002 0.2818 0.9595
vn -0.0004 0.2858 -0.9583
vn 0.0017 0.7257 -0.6880
vn 0.0031 0.9658 -0.2591
vn 0.0591 0.9704 0.2343
vn 0.1649 0.7326 0.6604
vn 0.2315 0.2772 0.9325
vn -0.2664 0.2860 -0.9204
vn -0.1789 0.7446 -0.6431
vn -0.0587 0.9725 -0.2256
vn 0.6300 0.2560 0.7331
vn 0.4643 0.7030 0.5388
vn 0.1713 0.9651 0.1978
vn -0.6473 0.2694 -0.7131
vn -0.4641 0.7223 -0.5128
vn -0.1664 0.9686 -0.1846
vn 0.2587 0.9635 0.0692
vn 0.6950 0.6940 0.1878
vn 0.9344 0.2501 0.2537
vn -0.9372 0.2583 -0.2343
vn -0.6864 0.7064 -0.1728
vn -0.2513 0.9658 -0.0639
vn 0.9538 0.2536 -0.1609
vn 0.7046 0.6994 -0.1198
vn 0.2603 0.9645 -0.0449
vn -0.9521 0.2600 0.1610
vn -0.6956 0.7089 0.1164
vn -0.2542 0.9663 0.0418
vn -0.1864 0.9629 0.1949
vn -0.4983 0.6911 0.5235
vn -0.6667 0.2482 0.7028
vn 0.1965 0.9627 -0.1858
vn 0.5266 0.6903 -0.4962
vn 0.7058 0.2477 -0.6637
vn 0.0760 0.9617 -0.2634
vn 0.2032 0.6849 -0.6998
vn 0.2712 0.2442 -0.9310
vn -0.3124 0.2454 0.9177
vn -0.2354 0.6867 0.6877
vn -0.0890 0.9620 0.2580
vn -0.0059 0.2642 -0.9645
vn -0.0049 0.7148 -0.6993
vn -0.0021 0.9673 -0.2535
vn 0.0053 0.2705 0.9627
vn 0.0031 0.7236 0.6902
vn 0.0007 0.9688 0.2477
vn -0.0663 0.9672 -0.2454
vn -0.1812 0.7139 -0.6764
vn -0.2487 0.2635 -0.9320
vn 0.2426 0.2707 0.9316
vn 0.1726 0.7239 0.6680
vn 0.0612 0.9689 0.2398
vn -0.2066 0.9632 -0.1717
vn -0.5537 0.6929 -0.4619
vn -0.7431 0.2494 -0.6210
vn 0.8193 0.2414 0.5200
vn 0.6176 0.6806 0.3941
vn 0.2329 0.9609 0.1497
vn -0.9486 0.2480 -0.1968
vn -0.7081 0.6908 -0.1464
vn -0.2646 0.9628 -0.0543
vn 0.9544 0.2357 0.1833
vn 0.7279 0.6711 0.1408
vn 0.2785 0.9589 0.0545
vn -0.2567 0.9624 0.0884
vn -0.6857 0.6887 0.2356
vn -0.9167 0.2466 0.3145
vn 0.9589 0.2422 -0.1475
vn 0.7232 0.6816 -0.1109
vn 0.2733 0.9610 -0.0417
vn -0.2554 0.9581 0.1295
vn -0.6484 0.6858 0.3305
vn -0.8630 0.2571 0.4349
vn 0.8857 0.2643 -0.3816
vn 0.6627 0.6940 -0.2815
vn 0.2596 0.9594 -0.1103
vn -0.4100 -0.0000 0.9121
vn 0.4100 -0.0000 -0.9121
vn 0.9205 0.3258 0.2156
vn 0.6442 0.7431 0.1810
vn 0.1523 0.9599 0.2354
vn -0.0991 0.7431 0.6618
vn -0.1808 0.3258 0.9280
vn 0.5091 0.3482 0.7871
vn 0.3838 0.7077 0.5932
vn 0.3539 0.9068 -0.2290
vn 0.7300 0.6629 -0.1663
vn 0.9448 0.2700 -0.1858
vn 0.8197 0.2169 -0.5302
vn 0.5675 0.2509 -0.7842
vn 0.4637 0.6484 -0.6038
vn 0.7135 0.5272 -0.4615
vn 0.0777 0.2348 -0.9689
vn -0.0107 0.6834 -0.7300
vn 0.0840 0.9286 -0.3614
vn 0.3216 0.6446 -0.6936
vn 0.3299 0.2271 -0.9163
vn 0.2098 0.1755 -0.9619
vn 0.1899 0.4837 -0.8544
vn -0.2500 0.9362 -0.2469
vn -0.1796 0.7081 -0.6829
vn -0.2535 0.2648 -0.9304
vn -0.6949 0.1940 -0.6924
vn -0.9320 0.2598 -0.2529
vn -0.6921 0.6987 -0.1814
vn -0.5738 0.5882 -0.5699
vn 0.5773 0.5774 0.5773
vn -0.5773 0.5774 0.5773
vn 0.9703 -0.0046 0.2419
vn 0.5431 -0.0123 0.8396
vn -0.1773 -0.0046 0.9842
vn -0.1075 0.9649 0.2394
vn -0.2892 0.7074 0.6449
vn -0.3941 0.2732 0.8775
vn 0.3243 0.0011 -0.9459
vn 0.2097 0.0022 -0.9778
vn 0.0920 0.0011 -0.9958
vn 0.1178 0.9576 -0.2628
vn 0.2962 0.6901 -0.6603
vn 0.3947 0.2689 -0.8786
vn 0.9796 -0.0034 -0.2011
vn 0.8396 -0.0059 -0.5431
vn 0.5891 -0.0022 -0.8081
vn 0.2664 0.9638 -0.0000
vn 0.9579 0.2871 -0.0000
vn -0.2740 0.9617 -0.0035
vn -0.7070 0.7072 -0.0070
vn -0.9617 0.2741 -0.0034
vn -0.2741 0.0034 -0.9617
vn -0.7071 0.0070 -0.7071
vn -0.9617 0.0034 -0.2740
vn 0.0001 0.9604 -0.2785
vn 0.0007 0.7212 -0.6927
vn -0.0001 0.2999 -0.9540
vn -0.0000 0.2584 0.9660
vn 0.9660 0.2586 -0.0000
vn 0.2586 0.9660 -0.0000
vn 0.1269 -0.0000 -0.9919
vn -0.1469 -0.0000 0.9891
vn 0.8839 -0.0000 -0.4676
vn -0.8704 -0.0000 -0.4924
vn 0.8760 -0.0000 -0.4824
vn -0.6292 -0.0000 0.7772
vn -0.1808 -0.0000 -0.9835
vn 0.1620 -0.0000 0.9868
vn -0.7705 -0.0000 -0.6375
vn 0.7332 -0.0000 0.6800
vn 0.8780 -0.0000 0.4786
vn -0.9231 -0.0000 -0.3844
vn 0.9919 -0.0000 -0.1269
vn -0.9939 -0.0000 -0.1102
vn 0.9919 -0.0000 0.1269
vn -0.1033 -0.0000 -0.9946
vn -0.6482 -0.0000 -0.7615
vn -0.2503 -0.0000 0.9682
vn 0.7587 -0.0000 -0.6514
vn 0.2101 -0.0000 -0.9777
vn -0.8281 -0.0000 0.5606
vn -0.9917 -0.0000 -0.1283
vn -0.9917 -0.0000 0.1283
vn 0.9853 -0.0000 -0.1706
vn 0.1269 -0.0000 0.9919
vn -0.1469 -0.0000 -0.9891
vn 0.8839 -0.0000 0.4676
vn -0.9237 -0.0000 0.3832
vn -0.8704 -0.0000 0.4924
vn 0.8760 -0.0000 0.4824
vn -0.9237 -0.0000 -0.3832
vn 0.6798 -0.0000 0.7334
vn 0.6798 -0.0000 -0.7334
vn -0.6292 -0.0000 -0.7772
vn -0.1808 -0.0000 0.9835
vn 0.1620 -0.0000 -0.9868
vn -0.7705 -0.0000 0.6375
vn 0.7332 -0.0000 -0.6800
vn 0.0233 -0.0000 0.9997
vn 0.8780 -0.0000 -0.4786
vn 0.0233 -0.0000 -0.9997
vn -0.9231 -0.0000 0.3844
vn -0.9939 -0.0000 0.1102
vn -0.1033 -0.0000 0.9946
vn -0.6482 -0.0000 0.7615
vn -0.2503 -0.0000 -0.9682
vn 0.7587 -0.0000 0.6514
vn 0.2101 -0.0000 0.9777
vn -0.8281 -0.0000 -0.5606
vn 0.5227 -0.0000 0.8525
vn 0.9853 -0.0000 0.1706
vn 0.1386 0.9648 -0.2236
vn 0.3739 0.7012 -0.6071
vn 0.5058 0.2549 -0.8241
vn -0.1399 0.9665 0.2154
vn -0.4213 0.7026 0.5734
vn -0.6012 0.2521 0.7583
vn -0.2524 0.9603 0.1190
vn -0.6757 0.6741 0.2983
vn -0.8957 0.2358 0.3770
vn 0.2127 0.9701 0.1170
vn 0.5980 0.7308 0.3291
vn 0.8420 0.2757 0.4636
vn -0.2147 0.9691 -0.1216
vn -0.5995 0.7248 -0.3394
vn -0.8377 0.2713 -0.4740
vn 0.2892 0.9451 -0.1523
vn 0.6988 0.6129 -0.3689
vn 0.8655 0.2037 -0.4576
vn 0.0315 0.9705 -0.2388
vn 0.0873 0.7337 -0.6739
vn 0.1222 0.2779 -0.9528
vn -0.0379 0.9663 0.2548
vn -0.1037 0.7089 0.6976
vn -0.1419 0.2601 0.9551
vn 0.0412 0.9669 0.2518
vn 0.1135 0.7125 0.6925
vn 0.1563 0.2625 0.9522
vn -0.1736 0.2770 -0.9451
vn -0.1228 0.7324 -0.6697
vn -0.0434 0.9703 -0.2378
vn 0.1986 0.9626 0.1843
vn 0.5310 0.6895 0.4926
vn 0.7105 0.2471 0.6589
vn -0.7455 0.2522 -0.6169
vn -0.5522 0.6973 -0.4571
vn -0.2045 0.9641 -0.1694
vn -0.2392 0.9658 -0.1001
vn -0.6531 0.7065 -0.2725
vn -0.8917 0.2584 -0.3715
vn 0.2284 0.9656 0.1242
vn 0.6225 0.7054 0.3390
vn 0.8484 0.2576 0.4624
vn 0.2386 0.9706 0.0307
vn 0.6734 0.7342 0.0864
vn 0.9527 0.2783 0.1220
vn -0.9573 0.2689 -0.1062
vn -0.6881 0.7216 -0.0765
vn -0.2475 0.9685 -0.0276
vn -0.1573 0.9700 -0.1855
vn -0.4425 0.7301 -0.5207
vn -0.6231 0.2752 -0.7321
vn 0.6524 0.2821 0.7034
vn 0.4587 0.7390 0.4934
vn 0.1619 0.9714 0.1735
vn 0.0230 0.2771 0.9606
vn 0.0178 0.7328 0.6802
vn 0.0071 0.9705 0.2412
vn -0.0991 0.2739 -0.9566
vn -0.0698 0.7283 -0.6817
vn -0.0243 0.9696 -0.2433
vn -0.0605 0.9684 0.2418
vn -0.1710 0.7210 0.6715
vn -0.2403 0.2685 0.9328
vn 0.2028 0.2673 -0.9420
vn 0.1472 0.7192 -0.6790
vn 0.0538 0.9681 -0.2448
vn -0.8057 0.2292 0.5461
vn -0.6205 0.6606 0.4226
vn -0.2399 0.9568 0.1645
vn 0.7361 0.2436 -0.6315
vn 0.5544 0.6837 -0.4745
vn 0.2095 0.9614 -0.1784
vn 0.3289 0.9427 -0.0561
vn 0.7856 0.6038 -0.1353
vn 0.9657 0.1990 -0.1670
vn -0.3514 0.9350 0.0472
vn -0.8099 0.5767 0.1067
vn -0.9744 0.1858 0.1266
vn 0.5058 0.2550 0.8241
vn 0.3739 0.7012 0.6071
vn 0.1386 0.9648 0.2236
vn -0.6107 0.2369 -0.7556
vn -0.4628 0.6736 -0.5763
vn -0.1752 0.9596 -0.2203
vn -0.9084 0.1805 -0.3772
vn -0.7617 0.5649 -0.3172
vn -0.3363 0.9312 -0.1405
vn 0.8453 0.2642 -0.4645
vn 0.6137 0.7151 -0.3348
vn 0.2228 0.9674 -0.1202
vn -0.8377 0.2713 0.4740
vn -0.5995 0.7248 0.3394
vn -0.2147 0.9691 0.1216
vn 0.8655 0.2037 0.4576
vn 0.6987 0.6129 0.3689
vn 0.2892 0.9451 0.1523
vn 0.1222 0.2780 0.9528
vn 0.0873 0.7337 0.6739
vn 0.0315 0.9705 0.2388
vn -0.1406 0.2744 -0.9513
vn -0.0983 0.7291 -0.6773
vn -0.0339 0.9698 -0.2415
vn 0.1564 0.2728 -0.9493
vn 0.1129 0.7269 -0.6775
vn 0.0410 0.9694 -0.2420
vn -0.0434 0.9703 0.2378
vn -0.1228 0.7324 0.6697
vn -0.1736 0.2770 0.9451
vn 0.7097 0.2535 -0.6573
vn 0.5255 0.6992 -0.4848
vn 0.1947 0.9644 -0.1788
vn -0.2045 0.9641 0.1694
vn -0.5522 0.6973 0.4571
vn -0.7455 0.2522 0.6169
vn -0.8917 0.2584 0.3715
vn -0.6531 0.7065 0.2725
vn -0.2392 0.9658 0.1001
vn 0.8479 0.2612 -0.4613
vn 0.6189 0.7108 -0.3343
vn 0.2258 0.9667 -0.1208
vn 0.9524 0.2795 -0.1215
vn 0.6719 0.7358 -0.0848
vn 0.2376 0.9709 -0.0294
vn -0.2475 0.9685 0.0276
vn -0.6881 0.7215 0.0765
vn -0.9573 0.2689 0.1062
vn -0.6231 0.2752 0.7322
vn -0.4425 0.7301 0.5207
vn -0.1573 0.9700 0.1855
vn 0.1657 0.9709 -0.1726
vn 0.4639 0.7364 -0.4924
vn 0.6538 0.2802 -0.7028
vn 0.0068 0.9710 -0.2389
vn 0.0173 0.7362 -0.6765
vn 0.0228 0.2798 -0.9598
vn -0.0243 0.9696 0.2433
vn -0.0698 0.7283 0.6817
vn -0.0991 0.2739 0.9566
vn -0.2403 0.2704 -0.9323
vn -0.1706 0.7237 -0.6687
vn -0.0603 0.9689 -0.2400
vn 0.0538 0.9681 0.2448
vn 0.1472 0.7192 0.6790
vn 0.2028 0.2673 0.9420
vn -0.2389 0.9571 -0.1637
vn -0.6193 0.6625 -0.4215
vn -0.8055 0.2304 -0.5459
vn 0.2095 0.9614 0.1784
vn 0.5544 0.6837 0.4744
vn 0.7361 0.2436 0.6315
vn 0.9657 0.1990 0.1670
vn 0.7856 0.6038 0.1353
vn 0.3289 0.9427 0.0561
vn -0.9744 0.1861 -0.1265
vn -0.8095 0.5774 -0.1063
vn -0.3510 0.9352 -0.0468
vn 0.5227 -0.0000 -0.8525
vn -0.0194 -0.0000 -0.9998
vn 0.0077 -0.0000 1.0000
vn 0.9413 -0.0185 0.3369
vn 0.0209 -0.0000 -0.9998
vn 0.1364 0.9881 -0.0716
vn -0.9268 -0.0000 -0.3756
vn 0.9268 -0.0000 0.3756
vn -0.9014 -0.0000 -0.4330
vn -0.9105 -0.0000 -0.4134
vn -0.9387 -0.0000 -0.3446
vn -0.0100 -0.0000 0.9999
vn 0.2767 0.4762 0.8347
vn 0.4885 0.4943 0.7191
vn 0.6740 0.4762 0.5647
vn 0.2355 0.8409 0.4873
vn 0.1386 0.9691 0.2041
vn 0.3663 0.8409 0.3984
vn 0.3847 0.7289 0.5663
vn 0.8008 0.2696 0.5348
vn 0.5402 0.2269 0.8104
vn 0.1854 0.2696 0.9449
vn 0.1652 0.6684 0.7252
vn 0.2262 0.9131 0.3393
vn 0.6057 0.6685 0.4316
vn 0.4656 0.5432 0.6986
vn -0.9379 0.3185 -0.1377
vn -0.6697 0.7395 -0.0686
vn -0.2412 0.9571 0.1608
vn -0.1961 0.7379 0.6458
vn -0.2360 0.3156 0.9191
vn -0.7863 0.3271 0.5241
vn -0.6014 0.6910 0.4009
vn -0.7666 0.2136 -0.6055
vn -0.5193 0.1356 -0.8438
vn -0.1943 0.2155 -0.9570
vn -0.1291 0.6571 -0.7427
vn -0.2062 0.9198 -0.3337
vn -0.6077 0.6524 -0.4528
vn -0.4571 0.4907 -0.7418
vn -0.0050 0.9659 -0.2588
vn -0.0137 0.7071 -0.7070
vn -0.0187 0.2588 -0.9657
vn 0.0004 0.9617 0.2742
vn 0.0013 0.7054 0.7088
vn 0.0052 0.2723 0.9622
vn 0.2380 -0.0028 0.9713
vn 0.5619 -0.0057 0.8272
vn 0.8153 -0.0028 0.5790
vn -0.2379 0.9653 -0.1080
vn -0.6470 0.7036 -0.2938
vn -0.8801 0.2564 -0.3996
vn 0.8279 -0.0030 0.5609
vn 0.5546 -0.0064 0.8321
vn 0.1991 -0.0030 0.9800
vn -0.2581 -0.0037 0.9661
vn -0.8321 -0.0099 0.5546
vn -0.9909 -0.0039 -0.1346
vn -0.0026 0.9643 0.2647
vn -0.0071 0.7071 0.7071
vn -0.0096 0.2812 0.9596
vn -0.2413 0.9656 -0.0974
vn -0.6534 0.7101 -0.2623
vn -0.8921 0.2731 -0.3599
vn 0.2571 0.9609 0.1029
vn 0.6566 0.7065 0.2641
vn 0.8887 0.2844 0.3596
vn 0.6603 0.7124 0.2375
vn 0.9072 0.2629 0.3285
vn -0.2385 0.9672 -0.0876
vn -0.6571 0.7142 -0.2412
vn -0.9055 0.2637 -0.3324
vn -0.7805 0.0027 -0.6251
vn -0.5236 0.0055 -0.8520
vn -0.2051 0.0027 -0.9787
vn -0.0032 0.9614 -0.2750
vn -0.0068 0.7050 -0.7092
vn 0.0074 0.2726 -0.9621
vn -0.8662 0.2687 -0.4214
vn -0.6407 0.6986 -0.3186
vn -0.2504 0.9599 -0.1259
vn 0.2921 0.7572 0.5842
vn 0.4660 0.8690 0.1662
vn -0.0116 0.9632 0.2685
vn 0.0194 -0.0000 -0.9998
vn -0.0077 -0.0000 1.0000
vn -0.9413 -0.0185 0.3369
vn -0.0209 -0.0000 -0.9998
vn -0.1364 0.9881 -0.0716
vn 0.9268 -0.0000 -0.3756
vn -0.9268 -0.0000 0.3756
vn 0.9014 -0.0000 -0.4330
vn 0.9105 -0.0000 -0.4134
vn 0.9387 -0.0000 -0.3446
vn 0.0100 -0.0000 0.9999
vn -0.2767 0.4762 0.8347
vn -0.4885 0.4943 0.7191
vn -0.6740 0.4762 0.5647
vn -0.2355 0.8409 0.4873
vn -0.1386 0.9691 0.2041
vn -0.3663 0.8409 0.3984
vn -0.3847 0.7289 0.5663
vn -0.8008 0.2696 0.5348
vn -0.5401 0.2269 0.8104
vn -0.1854 0.2696 0.9449
vn -0.1652 0.6684 0.7252
vn -0.2262 0.9131 0.3393
vn -0.6057 0.6685 0.4316
vn -0.4656 0.5432 0.6986
vn 0.9379 0.3185 -0.1377
vn 0.6697 0.7394 -0.0687
vn 0.2412 0.9571 0.1608
vn 0.1961 0.7379 0.6458
vn 0.2360 0.3156 0.9191
vn 0.7864 0.3270 0.5241
vn 0.6014 0.6911 0.4009
vn 0.7666 0.2136 -0.6055
vn 0.5193 0.1356 -0.8438
vn 0.1943 0.2155 -0.9570
vn 0.1291 0.6571 -0.7427
vn 0.2062 0.9198 -0.3337
vn 0.6077 0.6524 -0.4528
vn 0.4571 0.4907 -0.7418
vn 0.0050 0.9659 -0.2588
vn 0.0137 0.7071 -0.7070
vn 0.0187 0.2588 -0.9657
vn -0.0004 0.9617 0.2742
vn -0.0013 0.7054 0.7088
vn -0.0052 0.2723 0.9622
vn -0.2380 -0.0028 0.9713
vn -0.5619 -0.0057 0.8272
vn -0.8153 -0.0028 0.5790
vn 0.2379 0.9653 -0.1080
vn 0.6470 0.7036 -0.2938
vn 0.8801 0.2564 -0.3996
vn -0.8279 -0.0030 0.5609
vn -0.5546 -0.0064 0.8321
vn -0.1991 -0.0030 0.9800
vn 0.2581 -0.0037 0.9661
vn 0.8321 -0.0099 0.5546
vn 0.9909 -0.0039 -0.1346
vn 0.0026 0.9643 0.2647
vn 0.0071 0.7071 0.7071
vn 0.0096 0.2812 0.9596
vn 0.2413 0.9656 -0.0974
vn 0.6534 0.7101 -0.2623
vn 0.8921 0.2730 -0.3599
vn -0.2571 0.9609 0.1029
vn -0.6566 0.7065 0.2641
vn -0.8887 0.2844 0.3596
vn -0.6603 0.7124 0.2375
vn -0.9072 0.2629 0.3285
vn 0.2385 0.9672 -0.0876
vn 0.6571 0.7142 -0.2412
vn 0.9055 0.2637 -0.3324
vn 0.7805 0.0027 -0.6251
vn 0.5236 0.0055 -0.8520
vn 0.2051 0.0027 -0.9787
vn 0.0032 0.9614 -0.2750
vn 0.0068 0.7050 -0.7092
vn -0.0074 0.2726 -0.9621
vn 0.8662 0.2687 -0.4214
vn 0.6407 0.6986 -0.3186
vn 0.2504 0.9599 -0.1259
vn -0.2921 0.7572 0.5842
vn -0.4660 0.8690 0.1662
vn 0.0116 0.9632 0.2685
vn -0.8787 -0.0000 0.4773
vn 1.0000 0.0018 -0.0020
vn 0.5945 -0.0000 0.8041
vn 0.8037 -0.0000 0.5950
vn -0.3093 -0.0000 0.9510
vn -0.8783 -0.0000 -0.4781
vn -0.5488 -0.0000 -0.8359
vn -0.7445 -0.0000 0.6676
vn -0.9973 -0.0000 -0.0739
vn -0.9992 -0.0000 0.0402
vn 0.9983 -0.0000 0.0587
vn -0.8226 -0.0000 0.5686
vn 0.9937 -0.0000 -0.1119
vn 0.8460 -0.0000 -0.5332
vn -0.3895 -0.0000 0.9210
vn -0.0233 -0.0000 0.9997
vn 0.3987 -0.0000 -0.9171
vn 0.0200 -0.0000 -0.9998
vn 0.0297 -0.0000 -0.9996
vn -1.0000 -0.0000 -0.0049
vn -0.9999 -0.0000 -0.0129
vn 0.6105 -0.0000 -0.7920
vn 0.3875 -0.0000 -0.9219
vn 0.9999 -0.0000 0.0129
vn 0.9433 -0.0000 -0.3320
vn -0.6027 -0.0000 -0.7980
vn -0.9124 -0.0000 -0.4094
vn 0.9335 -0.0000 0.3587
vn 0.0092 -0.0000 1.0000
vn 0.5587 -0.0000 0.8294
vn -0.0154 -0.0000 -0.9999
vn 0.0124 -0.0000 0.9999
vn 0.7669 0.5576 0.3178
vn 0.5708 0.5902 0.5708
vn 0.3178 0.5576 0.7669
vn 0.4115 0.8827 0.2271
vn 0.1513 0.9768 0.1513
vn 0.2271 0.8827 0.4115
vn 0.4258 0.7984 0.4258
vn 0.7726 0.5512 -0.3151
vn 0.2427 0.8800 -0.4083
vn 0.1554 0.9763 -0.1509
vn 0.4154 0.8800 -0.2304
vn 0.3379 0.5512 -0.7629
vn 0.5831 0.5828 -0.5660
vn 0.4369 0.7932 -0.4241
vn 0.7620 0.5630 0.3199
vn 0.5608 0.5962 0.5745
vn 0.3017 0.5626 0.7697
vn 0.4080 0.8848 0.2249
vn 0.1472 0.9773 0.1521
vn 0.2131 0.8849 0.4141
vn 0.4163 0.8026 0.4272
vn -0.2539 0.2581 -0.9322
vn -0.6933 0.1877 -0.6957
vn -0.9315 0.2561 -0.2583
vn -0.6935 0.6959 -0.1868
vn -0.2525 0.9341 -0.2525
vn -0.1826 0.6998 -0.6906
vn -0.5751 0.5805 -0.5764
vn 0.7685 0.5556 -0.3173
vn 0.2333 0.8816 -0.4103
vn 0.1558 0.9765 -0.1487
vn 0.4149 0.8822 -0.2226
vn 0.3189 0.5577 -0.7663
vn 0.5724 0.5893 -0.5701
vn 0.4294 0.7973 -0.4242
vn -0.2518 0.2474 0.9356
vn -0.2152 0.6845 0.6965
vn -0.2561 0.9312 0.2593
vn -0.6903 0.6893 0.2200
vn -0.9317 0.2546 0.2590
vn -0.6868 0.2116 0.6954
vn -0.5758 0.5731 0.5831
vn 0.2740 -0.0029 0.9617
vn 0.7071 -0.0059 0.7071
vn 0.9617 -0.0029 0.2741
vn 0.3002 -0.0029 -0.9539
vn 0.7175 -0.0059 -0.6965
vn 0.9624 -0.0029 -0.2718
vn 0.0069 0.9617 -0.2739
vn 0.0181 0.7056 -0.7084
vn 0.0271 0.2724 -0.9618
vn -0.0012 0.9617 0.2740
vn -0.0030 0.7056 0.7086
vn -0.0015 0.2724 0.9622
vn -0.5367 0.2110 -0.8170
vn -0.4281 0.6273 -0.6505
vn -0.1738 0.9489 -0.2635
vn -0.0834 0.9631 0.2561
vn -0.2235 0.6918 0.6866
vn -0.2996 0.2487 0.9211
vn 0.1084 0.9599 -0.2586
vn 0.2851 0.6762 -0.6793
vn 0.3761 0.2389 -0.8952
vn 0.1849 0.9501 0.2511
vn 0.4596 0.6329 0.6230
vn 0.5805 0.2142 0.7856
vn -0.2252 0.9668 -0.1207
vn -0.6181 0.7116 -0.3341
vn -0.8480 0.2617 -0.4609
vn 0.2185 0.9620 0.1639
vn 0.5829 0.6871 0.4338
vn 0.7788 0.2459 0.5771
vn -0.9562 0.2841 -0.0706
vn -0.6690 0.7417 -0.0488
vn -0.2349 0.9719 -0.0168
vn 0.2336 0.9722 0.0146
vn 0.6670 0.7439 0.0403
vn 0.9566 0.2858 0.0566
vn 0.2358 0.9714 -0.0265
vn 0.6695 0.7390 -0.0753
vn 0.9534 0.2820 -0.1073
vn -0.2361 0.9717 0.0093
vn -0.6715 0.7405 0.0268
vn -0.9583 0.2832 0.0384
vn -0.2134 0.9659 0.1467
vn -0.5824 0.7068 0.4015
vn -0.7948 0.2586 0.5491
vn 0.2177 0.9663 -0.1375
vn 0.5964 0.7091 -0.3762
vn 0.8168 0.2602 -0.5149
vn 0.1124 0.9594 -0.2586
vn 0.2946 0.6737 -0.6777
vn 0.3873 0.2373 -0.8909
vn -0.1115 0.9584 0.2627
vn -0.2899 0.6689 0.6845
vn -0.3788 0.2344 0.8953
vn 0.9612 -0.0029 0.2758
vn 0.6988 -0.0060 0.7153
vn 0.2532 -0.0029 0.9674
vn 0.0052 0.9671 -0.2543
vn 0.0141 0.7136 -0.7004
vn 0.0193 0.2633 -0.9645
vn -0.0076 0.9619 0.2733
vn -0.0196 0.7065 0.7075
vn -0.0241 0.2731 0.9617
vn -0.2737 0.0029 -0.9618
vn -0.7054 0.0059 -0.7088
vn -0.9605 0.0029 -0.2784
vn -0.2740 0.9617 -0.0077
vn -0.7070 0.7071 -0.0164
vn -0.9616 0.2741 -0.0111
vn -0.0052 0.9629 -0.2698
vn -0.0106 0.7130 -0.7011
vn -0.0052 0.2783 -0.9605
vn 0.9576 0.2879 -0.0000
vn 0.2879 0.9576 -0.0000
vn -0.2055 0.9614 0.1832
vn -0.5444 0.6832 0.4867
vn -0.7224 0.2432 0.6473
vn 0.5927 0.2381 -0.7694
vn 0.4497 0.6750 -0.5849
vn 0.1710 0.9596 -0.2233
vn 0.2342 0.9686 -0.0834
vn 0.6520 0.7223 -0.2305
vn 0.9083 0.2695 -0.3199
vn -0.2321 0.9647 0.1247
vn -0.6283 0.7000 0.3395
vn -0.8502 0.2539 0.4612
vn -0.9580 0.2864 -0.0125
vn -0.6674 0.7446 -0.0090
vn -0.2335 0.9724 -0.0033
vn 0.9587 0.2841 0.0123
vn 0.6707 0.7417 0.0084
vn 0.2355 0.9719 0.0028
vn 0.2335 0.9682 0.0899
vn 0.6479 0.7198 0.2491
vn 0.8994 0.2677 0.3456
vn -0.2313 0.9674 -0.1036
vn -0.6379 0.7150 -0.2860
vn -0.8799 0.2643 -0.3947
vn -0.1566 0.9657 -0.2071
vn -0.4271 0.7058 -0.5651
vn -0.5823 0.2580 -0.7709
vn 0.5394 0.2601 0.8009
vn 0.3938 0.7090 0.5850
vn 0.1437 0.9663 0.2137
vn -0.0150 0.2548 -0.9669
vn -0.0111 0.7012 -0.7128
vn -0.0042 0.9648 -0.2628
vn 0.0089 0.2534 0.9673
vn 0.0064 0.6990 0.7151
vn 0.0022 0.9644 0.2644
vn 0.2740 -0.0029 -0.9617
vn 0.7071 -0.0059 -0.7071
vn 0.9617 -0.0029 -0.2741
vn -0.0017 0.9606 -0.2780
vn -0.0044 0.6998 -0.7144
vn -0.0024 0.2683 -0.9633
vn -0.0000 0.2542 0.9671
vn -0.0001 0.7003 0.7138
vn -0.0001 0.9647 0.2635
vn -0.9656 0.0001 0.2602
vn -0.7027 0.0009 0.7115
vn -0.2502 0.0005 0.9682
vn -0.9660 0.2586 -0.0001
vn 0.0131 0.2515 0.9678
vn 0.0101 0.7008 0.7133
vn 0.0035 0.9650 0.2622
vn 0.9504 -0.0000 -0.3110
vn -0.9947 -0.0000 -0.1032
vn 0.9217 -0.0000 0.3879
vn -0.8939 -0.0000 -0.4482
vn 0.5837 -0.0000 0.8119
vn -0.5565 -0.0000 -0.8308
vn 0.3238 -0.0000 -0.9461
vn -0.0999 -0.0000 -0.9950
vn -0.2839 -0.0000 0.9589
vn 0.0818 -0.0000 0.9966
vn 0.5058 -0.0000 -0.8627
vn 0.8191 -0.0000 0.5737
vn -0.6746 -0.0000 0.7382
vn -0.5105 -0.0000 0.8599
vn 0.9949 -0.0000 0.1010
vn 0.0045 -0.0000 -1.0000
vn 0.6366 -0.0000 -0.7712
vn -0.1090 -0.0000 0.9940
vn 0.9365 -0.0000 -0.3506
vn 0.3785 -0.0000 0.9256
vn -0.4540 -0.0000 -0.8910
vn 0.7027 0.2481 -0.6668
vn 0.5443 0.6889 -0.4786
vn 0.3465 0.9350 -0.0756
vn 0.6865 0.6959 0.2105
vn 0.9117 0.2591 0.3187
vn 0.9537 0.2172 -0.2080
vn 0.7926 0.5847 -0.1729
vn 0.0774 0.9295 0.3606
vn -0.2036 0.6855 0.6990
vn -0.2627 0.2447 0.9333
vn 0.2072 0.1710 0.9632
vn 0.6233 0.2451 0.7426
vn 0.4726 0.6863 0.5528
vn 0.1745 0.5572 0.8118
vn 0.5961 0.2045 0.7764
vn 0.9042 0.1388 0.4039
vn 0.9703 0.2267 -0.0847
vn 0.7378 0.6722 -0.0614
vn 0.3702 0.9124 0.1745
vn 0.4788 0.6227 0.6189
vn 0.7795 0.5159 0.3553
vn -0.1018 0.1005 -0.9897
vn -0.0573 0.5745 -0.8165
vn 0.1470 0.9140 -0.3782
vn 0.5711 0.6644 -0.4821
vn 0.7709 0.2178 -0.5985
vn 0.3602 0.1052 -0.9269
vn 0.3175 0.4812 -0.8171
vn -0.2393 0.9709 0.0005
vn -0.6770 0.7359 0.0006
vn -0.9601 0.2796 0.0002
vn 0.2388 0.9711 0.0009
vn 0.6761 0.7368 0.0011
vn 0.9599 0.2803 0.0003
vn 0.9561 0.2762 0.0973
vn 0.6783 0.7315 0.0697
vn 0.2410 0.9702 0.0251
vn -0.9557 0.2771 -0.0991
vn -0.6770 0.7326 -0.0701
vn -0.2403 0.9704 -0.0248
vn 0.8867 0.2728 0.3732
vn 0.6329 0.7268 0.2667
vn 0.2262 0.9694 0.0954
vn -0.8603 0.2716 -0.4315
vn -0.6155 0.7251 -0.3089
vn -0.2203 0.9691 -0.1107
vn 0.5633 0.2623 0.7835
vn 0.4098 0.7121 0.5700
vn 0.1491 0.9668 0.2074
vn -0.5378 0.2568 -0.8030
vn -0.3949 0.7041 -0.5902
vn -0.1449 0.9654 -0.2170
vn 0.0212 0.9660 0.2576
vn 0.0579 0.7076 0.7042
vn 0.0791 0.2592 0.9626
vn -0.0965 0.2543 -0.9623
vn -0.0710 0.7005 -0.7101
vn -0.0260 0.9647 -0.2621
vn -0.2742 0.2586 0.9262
vn -0.2008 0.7069 0.6783
vn -0.0735 0.9659 0.2483
vn 0.3133 0.2533 -0.9152
vn 0.2318 0.6990 -0.6765
vn 0.0858 0.9644 -0.2501
vn 0.9413 0.0001 0.3375
vn 0.9770 0.0016 -0.2131
vn 0.7177 0.0011 -0.6964
vn 0.2045 0.9605 0.1889
vn 0.5379 0.7028 0.4656
vn 0.7651 0.2732 0.5830
vn -0.2615 0.0045 0.9652
vn 0.2104 0.0091 0.9776
vn 0.6354 0.0045 0.7721
vn 0.1332 0.9645 -0.2281
vn 0.3602 0.6975 -0.6194
vn 0.4883 0.2484 -0.8366
vn -0.1312 0.9615 0.2413
vn -0.3409 0.7061 0.6207
vn -0.4801 0.2731 0.8336
vn -0.9206 0.2710 0.2811
vn -0.6593 0.7243 0.2019
vn -0.2362 0.9690 0.0728
vn 0.9148 0.2716 -0.2989
vn 0.6549 0.7252 -0.2127
vn 0.2347 0.9691 -0.0755
vn -0.1682 0.9681 0.1855
vn -0.4676 0.7196 0.5133
vn -0.6498 0.2676 0.7114
vn 0.6144 0.2645 -0.7433
vn 0.4463 0.7155 -0.5375
vn 0.1623 0.9675 -0.1940
vn -0.1059 0.2287 0.9677
vn -0.0810 0.6591 0.7477
vn -0.0309 0.9563 0.2909
vn 0.0050 0.2114 -0.9774
vn 0.0056 0.6286 -0.7777
vn 0.0032 0.9493 -0.3143
vn 0.9965 0.0046 -0.0830
vn 0.9162 0.0093 0.4006
vn 0.6158 0.0046 0.7879
vn 0.8030 0.0035 -0.5960
vn 0.3622 0.0205 -0.9319
vn -0.1550 0.0136 -0.9878
vn 0.2601 0.9616 -0.0881
vn 0.6691 0.7067 -0.2300
vn 0.9043 0.2749 -0.3265
vn -0.1520 0.9441 -0.2926
vn -0.3858 0.5809 -0.7167
vn -0.4603 0.1412 -0.8765
vn 0.1287 0.9435 0.3055
vn 0.2996 0.6294 0.7170
vn 0.3712 0.2255 0.9008
vn -0.9565 -0.0000 0.2918
vn 0.0275 -0.0000 -0.9996
vn -0.0275 -0.0000 0.9996
vn -0.3479 -0.0000 0.9375
vn 0.5847 -0.0000 -0.8112
vn -0.6098 -0.0000 0.7926
vn 0.2937 -0.0000 -0.9559
vn 0.9025 -0.0000 -0.4308
vn -0.9104 -0.0000 0.4138
vn -0.9925 -0.0000 0.1225
vn -1.0000 -0.0000 0.0009
vn 0.9931 -0.0000 -0.1177
vn -0.3666 -0.0000 -0.9304
vn -0.9430 -0.0000 -0.3327
vn 0.8091 -0.0000 0.5877
vn -0.8196 -0.0000 -0.5730
vn 0.3473 -0.0000 0.9378
vn 0.9666 -0.0000 0.2563
vn 0.1469 0.9769 -0.1555
vn 0.4085 0.8811 -0.2381
vn 0.3344 0.5516 -0.7641
vn 0.5791 0.5851 -0.5678
vn 0.7688 0.5557 -0.3163
vn 0.2293 0.8824 -0.4108
vn 0.4292 0.7958 -0.4272
vn 0.3110 0.5579 0.7694
vn 0.3889 0.8861 0.2522
vn 0.1235 0.9784 0.1657
vn 0.1847 0.8894 0.4181
vn 0.7551 0.5716 0.3212
vn 0.5598 0.5964 0.5752
vn 0.4017 0.8060 0.4348
vn -0.9315 0.2599 0.2546
vn -0.6887 0.2267 0.6887
vn -0.2492 0.2685 0.9305
vn -0.2110 0.6982 0.6841
vn -0.2537 0.9334 0.2537
vn -0.6882 0.6927 0.2157
vn -0.5734 0.5853 0.5733
vn -0.9318 0.2606 -0.2526
vn -0.6916 0.6992 -0.1809
vn -0.2493 0.9367 -0.2457
vn -0.1788 0.7101 -0.6810
vn -0.2533 0.2664 -0.9300
vn -0.6949 0.1954 -0.6920
vn -0.5733 0.5899 -0.5687
vn 0.9617 -0.0039 0.2741
vn 0.7071 -0.0079 0.7071
vn 0.2741 -0.0039 0.9617
vn 0.2879 0.9577 -0.0000
vn 0.9577 0.2879 -0.0000
vn 0.2983 -0.0038 -0.9545
vn 0.7167 -0.0078 -0.6973
vn 0.9623 -0.0038 -0.2719
vn -0.2552 -0.0009 0.9669
vn -0.7071 -0.0012 0.7071
vn -0.9662 -0.0003 0.2577
vn -0.0001 0.9671 0.2545
vn -0.0013 0.7144 0.6997
vn -0.0008 0.2671 0.9637
vn -0.2741 0.0039 -0.9617
vn -0.7071 0.0079 -0.7071
vn -0.9617 0.0039 -0.2741
vn -0.0038 0.9650 -0.2622
vn -0.0079 0.7238 -0.6900
vn -0.0039 0.2863 -0.9581
vn -0.9617 0.2741 -0.0064
vn -0.7069 0.7072 -0.0132
vn -0.2740 0.9617 -0.0066
vn -0.0020 0.2963 0.9551
vn -0.0037 0.7374 0.6755
vn -0.0014 0.9678 0.2517
vn 0.0001 0.2717 -0.9624
vn 0.0003 0.7253 -0.6884
vn 0.0002 0.9692 -0.2465
vn 0.0758 0.9668 -0.2440
vn 0.2070 0.7122 -0.6708
vn 0.2837 0.2623 -0.9224
vn -0.3349 0.2676 0.9034
vn -0.2405 0.7198 0.6512
vn -0.0862 0.9682 0.2348
vn -0.5891 0.2568 0.7662
vn -0.4320 0.7042 0.5634
vn -0.1583 0.9654 0.2072
vn 0.5657 0.2538 -0.7846
vn 0.4183 0.6997 -0.5791
vn 0.1548 0.9645 -0.2137
vn -0.8819 0.2476 0.4012
vn -0.6583 0.6902 0.3005
vn -0.2458 0.9627 0.1127
vn 0.8746 0.2468 -0.4173
vn 0.6543 0.6890 -0.3117
vn 0.2451 0.9625 -0.1164
vn 0.2588 0.9655 -0.0304
vn 0.7048 0.7045 -0.0832
vn 0.9597 0.2571 -0.1136
vn -0.9590 0.2574 0.1186
vn -0.7037 0.7051 0.0875
vn -0.2582 0.9655 0.0324
vn -0.9653 0.2611 0.0010
vn -0.7038 0.7104 0.0012
vn -0.2566 0.9665 0.0007
vn 0.9657 0.2598 -0.0008
vn 0.7057 0.7085 -0.0004
vn 0.2579 0.9662 -0.0000
vn -0.0069 0.9673 0.2534
vn -0.0191 0.7149 0.6990
vn -0.0265 0.2642 0.9641
vn 0.0059 0.9636 -0.2672
vn 0.0155 0.7151 -0.6988
vn 0.0244 0.2792 -0.9599
vn 0.0934 0.9633 0.2517
vn 0.2505 0.6931 0.6760
vn 0.3364 0.2495 0.9081
vn -0.3551 0.2487 -0.9012
vn -0.2646 0.6919 -0.6718
vn -0.0987 0.9631 -0.2506
vn 0.7836 0.2489 0.5692
vn 0.5838 0.6922 0.4242
vn 0.2176 0.9631 0.1582
vn -0.7946 0.2450 -0.5554
vn -0.5964 0.6861 -0.4166
vn -0.2241 0.9619 -0.1564
vn -0.9134 0.2488 -0.3221
vn -0.6810 0.6920 -0.2396
vn -0.2540 0.9631 -0.0890
vn 0.9353 0.2525 0.2480
vn 0.6924 0.6977 0.1838
vn 0.2563 0.9642 0.0682
vn -0.0098 1.0000 0.0014
vn -0.0000 0.9983 -0.0582
vn -0.0187 0.9998 -0.0000
vn 0.0004 0.9988 -0.0494
vn 0.2566 0.2565 0.9319
vn 0.5773 0.5774 -0.5774
vn 0.2076 0.9559 0.2076
vn 0.3178 0.5576 -0.7669
vn 0.5708 0.5902 -0.5708
vn 0.7669 0.5576 -0.3178
vn 0.2271 0.8827 -0.4115
vn 0.1795 0.9672 -0.1795
vn 0.4115 0.8827 -0.2271
vn 0.4258 0.7984 -0.4258
vn -0.5774 0.5773 0.5773
vn -0.2178 0.6901 -0.6902
vn -0.5774 0.5773 -0.5773
vn 0.5774 0.5773 0.5774
vn 0.2178 0.6901 -0.6902
vn 0.6901 0.2177 -0.6901
vn 0.5773 0.5774 -0.5773
vn 0.9617 -0.0031 0.2741
vn 0.7071 -0.0064 0.7071
vn 0.2741 -0.0031 0.9617
vn -0.0013 0.2723 0.9622
vn -0.0026 0.7058 0.7084
vn -0.0011 0.9618 0.2738
vn 0.3086 0.9512 0.0013
vn 0.7077 0.7065 -0.0023
vn 0.9621 0.2727 -0.0012
vn 0.2740 -0.0031 -0.9617
vn -0.0001 0.7071 0.7071
vn -0.7071 0.7071 0.0002
vn -0.0000 0.2587 0.9660
vn -0.0011 0.2725 -0.9622
vn -0.0021 0.7061 -0.7081
vn 0.0047 0.9320 -0.3623
vn 0.2584 0.9660 -0.0000
vn 0.7070 0.7072 -0.0000
vn 0.9660 0.2584 -0.0000
vn 0.0078 0.9130 0.4078
vn -0.0021 0.7061 0.7082
vn -0.0011 0.2725 0.9622
vn -0.5774 0.5773 -0.5774
vn -0.5774 0.5774 0.5773
vn 0.5774 0.5773 -0.5774
vn 0.9617 -0.0037 0.2741
vn 0.7071 -0.0074 0.7071
vn 0.2740 -0.0036 0.9617
vn -0.0012 0.9618 0.2738
vn -0.0028 0.7057 0.7085
vn -0.0015 0.2723 0.9622
vn -0.0000 0.2587 -0.9660
vn 0.2741 -0.0036 0.9617
vn 0.9621 0.2727 -0.0014
vn 0.7077 0.7065 -0.0026
vn 0.2734 0.9619 -0.0010
vn 0.9622 0.2724 -0.0012
vn 0.7082 0.7060 -0.0023
vn 0.2737 0.9618 -0.0010
vn -0.0027 0.7058 0.7084
vn -0.0014 0.2723 0.9622
vn -0.7345 -0.0000 -0.6786
vn 0.8143 -0.0000 0.5805
vn -0.1671 -0.0000 -0.9859
vn 0.1676 -0.0000 0.9859
vn 0.0910 -0.0000 -0.9959
vn -0.3803 -0.0000 0.9249
vn -0.0334 -0.0000 0.9994
vn 0.3651 -0.0000 -0.9310
vn 0.7505 -0.0000 -0.6609
vn -0.9578 -0.0000 0.2876
vn -0.7220 -0.0000 0.6919
vn 0.9438 -0.0000 -0.3304
vn 0.9903 -0.0000 0.1389
vn 0.9993 -0.0000 0.0368
vn -0.9993 -0.0000 -0.0368
vn -0.7746 -0.0000 -0.6325
vn -0.9879 -0.0000 -0.1548
vn 0.7460 -0.0000 0.6660
vn 0.4684 -0.0000 0.8835
vn -0.4671 -0.0000 -0.8842
vn 0.0196 -0.0000 0.9998
vn 0.1796 -0.0000 -0.9837
vn -0.0240 -0.0000 -0.9997
vn -0.1547 -0.0000 0.9880
vn -0.6459 -0.0000 0.7635
vn 0.6236 -0.0000 -0.7817
vn 0.7613 -0.0000 0.6484
vn -0.7703 0.5593 0.3063
vn -0.2654 0.8887 0.3738
vn -0.1727 0.9792 0.1064
vn -0.4211 0.8936 0.1553
vn -0.3233 0.5816 0.7464
vn -0.5777 0.6014 0.5519
vn -0.4393 0.8116 0.3851
vn 0.2382 0.9398 -0.2448
vn 0.6686 0.7231 -0.1733
vn 0.9272 0.2769 -0.2521
vn 0.6894 0.2048 -0.6949
vn 0.2508 0.2660 -0.9308
vn 0.1773 0.7030 -0.6888
vn 0.5610 0.6008 -0.5695
vn -0.4086 0.2517 0.8773
vn 0.0797 0.1821 0.9800
vn 0.5452 0.2529 0.7992
vn 0.4094 0.6936 0.5927
vn 0.0290 0.9319 0.3615
vn -0.3089 0.6912 0.6533
vn 0.0661 0.5738 0.8164
vn 0.7862 0.2518 -0.5644
vn 0.6043 0.6887 -0.4006
vn 0.3585 0.9329 -0.0345
vn 0.6660 0.6921 0.2785
vn 0.8770 0.2569 0.4062
vn 0.9719 0.2162 -0.0935
vn 0.8115 0.5792 -0.0781
vn -0.9617 -0.0035 0.2741
vn -0.7071 -0.0072 0.7071
vn -0.2740 -0.0035 0.9617
vn 0.0042 0.9617 -0.2739
vn 0.0085 0.7073 -0.7069
vn 0.0041 0.2742 -0.9617
vn 0.9617 0.0035 -0.2741
vn 0.7071 0.0072 -0.7071
vn 0.2741 0.0035 -0.9617
vn 0.2524 0.9676 -0.0063
vn 0.6749 0.7378 -0.0135
vn 0.9548 0.2972 -0.0068
vn -0.2585 0.9660 -0.0000
vn -0.9660 0.2585 -0.0000
vn 0.0017 0.9617 0.2742
vn 0.0044 0.7047 0.7094
vn 0.0025 0.2715 0.9624
vn -0.2373 0.9714 -0.0011
vn -0.6519 0.7583 -0.0030
vn -0.9496 0.3135 -0.0016
vn 0.9590 0.2832 0.0001
vn 0.6719 0.7406 0.0004
vn 0.2362 0.9717 0.0003
vn -0.7034 0.2901 -0.6489
vn -0.4879 0.7495 -0.4474
vn -0.1702 0.9732 -0.1548
vn 0.7795 0.2880 0.5563
vn 0.5407 0.7466 0.3877
vn 0.1883 0.9726 0.1362
vn -0.0526 0.9535 -0.2967
vn -0.1303 0.6462 -0.7520
vn -0.1638 0.2210 -0.9614
vn 0.1631 0.2187 0.9621
vn 0.1270 0.6413 0.7567
vn 0.0496 0.9521 0.3016
vn 0.0253 0.9560 -0.2924
vn 0.0670 0.6576 -0.7504
vn 0.0882 0.2277 -0.9697
vn -0.0329 0.2266 0.9734
vn -0.0265 0.6556 0.7546
vn -0.0111 0.9555 0.2946
vn 0.3550 0.2326 -0.9055
vn 0.2719 0.6658 -0.6948
vn 0.1046 0.9577 -0.2679
vn -0.3699 0.2336 0.8992
vn -0.2835 0.6676 0.6884
vn -0.1092 0.9581 0.2646
vn 0.2024 0.9630 -0.1782
vn 0.5422 0.6913 -0.4775
vn 0.7270 0.2483 -0.6402
vn -0.6993 0.2489 0.6701
vn -0.5211 0.6921 0.4994
vn -0.1943 0.9631 0.1862
vn 0.9125 0.2558 -0.3193
vn 0.6716 0.7027 -0.2349
vn 0.2472 0.9651 -0.0864
vn -0.9253 0.2581 0.2778
vn -0.6782 0.7061 0.2037
vn -0.2485 0.9657 0.0747
vn -0.2463 0.9692 -0.0091
vn -0.6879 0.7254 -0.0254
vn -0.9617 0.2717 -0.0355
vn 0.2449 0.9695 0.0090
vn 0.6857 0.7274 0.0253
vn 0.9613 0.2732 0.0354
vn 0.2433 0.9693 0.0338
vn 0.6806 0.7265 0.0951
vn 0.9528 0.2726 0.1335
vn -0.9510 0.2708 -0.1491
vn -0.6814 0.7240 -0.1071
vn -0.2443 0.9689 -0.0385
vn 0.7193 0.2655 0.6419
vn 0.5206 0.7168 0.4639
vn 0.1885 0.9677 0.1676
vn -0.7465 0.2665 -0.6097
vn -0.5387 0.7181 -0.4406
vn -0.1944 0.9679 -0.1594
vn 0.1306 0.9607 0.2450
vn 0.3442 0.6799 0.6475
vn 0.4548 0.2411 0.8573
vn -0.4532 0.2409 -0.8582
vn -0.3422 0.6796 -0.6489
vn -0.1294 0.9606 -0.2459
vn 0.0054 0.9640 0.2658
vn 0.0143 0.6969 0.7170
vn 0.0190 0.2520 0.9675
vn -0.0232 0.2519 -0.9675
vn -0.0170 0.6968 -0.7171
vn -0.0062 0.9640 -0.2658
vn -0.1497 0.2531 0.9558
vn -0.1106 0.6985 0.7070
vn -0.0409 0.9643 0.2615
vn 0.1738 0.2526 -0.9518
vn 0.1287 0.6979 -0.7045
vn 0.0477 0.9642 -0.2608
vn 0.5546 0.0035 0.8321
vn 0.0815 0.0072 0.9966
vn -0.4121 0.0035 0.9111
vn 0.9042 0.0001 0.4272
vn 0.9954 0.0007 -0.0958
vn 0.8070 0.0004 -0.5906
vn 0.2014 0.9616 0.1862
vn 0.5240 0.7068 0.4753
vn 0.7249 0.2739 0.6320
vn -0.1740 0.9611 0.2143
vn -0.4493 0.7042 0.5498
vn -0.6168 0.2717 0.7387
vn 0.6028 0.2537 -0.7565
vn 0.4432 0.7027 -0.5566
vn 0.1627 0.9653 -0.2042
vn -0.7669 0.5576 0.3178
vn -0.2270 0.8827 0.4115
vn -0.1513 0.9768 0.1513
vn -0.4115 0.8827 0.2271
vn -0.3178 0.5576 0.7669
vn -0.5708 0.5902 0.5708
vn -0.4258 0.7984 0.4258
vn -0.1513 0.9768 -0.1513
vn -0.2271 0.8827 -0.4115
vn -0.7669 0.5576 -0.3178
vn -0.5708 0.5902 -0.5708
vn -0.3178 0.5576 -0.7669
vn -0.4115 0.8827 -0.2271
vn -0.4258 0.7984 -0.4258
vn -0.5774 0.5774 -0.5773
vn 0.5774 0.5774 -0.5773
vn 0.2270 0.8827 0.4115
vn 0.1513 0.9768 -0.1513
vn 0.0022 0.9615 -0.2746
vn 0.0061 0.7040 -0.7101
vn 0.0037 0.2711 -0.9625
vn -0.9617 -0.0052 -0.2740
vn -0.7071 -0.0106 -0.7071
vn -0.2741 -0.0052 -0.9617
vn -0.2740 -0.0052 0.9617
vn -0.7071 -0.0106 0.7071
vn -0.9617 -0.0052 0.2740
vn 0.0022 0.9615 0.2746
vn 0.0061 0.7040 0.7102
vn 0.0037 0.2712 0.9625
vn -0.2586 -0.0001 -0.9660
vn -0.9660 -0.0001 -0.2586
vn 0.9660 -0.0001 -0.2586
vn 0.2586 -0.0001 -0.9660
vn -0.0000 0.2584 -0.9660
vn -0.2739 0.9617 0.0013
vn -0.7087 0.7055 0.0033
vn -0.9623 0.2721 0.0018
vn -0.9660 -0.0001 0.2586
vn -0.2586 -0.0001 0.9660
vn 0.2586 -0.0001 0.9660
vn 0.9660 -0.0001 0.2587
vn -0.2739 0.9618 -0.0012
vn -0.7086 0.7056 -0.0030
vn -0.9622 0.2722 -0.0016
vn -0.0037 0.2711 -0.9625
vn -0.0061 0.7040 -0.7101
vn -0.0022 0.9615 -0.2746
vn 0.2741 -0.0052 -0.9617
vn 0.7071 -0.0106 -0.7071
vn 0.9617 -0.0052 -0.2741
vn 0.9617 -0.0052 0.2741
vn 0.7071 -0.0106 0.7071
vn 0.2740 -0.0052 0.9617
vn -0.0037 0.2712 0.9625
vn -0.0061 0.7040 0.7102
vn -0.0022 0.9615 0.2746
vn 0.9623 0.2721 0.0018
vn 0.7087 0.7055 0.0033
vn 0.2739 0.9617 0.0013
vn 0.9660 -0.0001 0.2586
vn -0.9660 -0.0001 0.2587
vn 0.9622 0.2722 -0.0016
vn 0.7086 0.7056 -0.0030
vn 0.2739 0.9618 -0.0012
vt 0.410980 0.045511
vt 0.415771 0.077904
vt 0.378040 0.079539
vt 0.378830 0.041395
vt 0.061778 0.226092
vt 0.059096 0.226070
vt 0.060792 0.181882
vt 0.063508 0.181895
vt 0.417988 0.080325
vt 0.375543 0.081393
vt 0.377167 0.038939
vt 0.412766 0.044180
vt 0.288381 0.040584
vt 0.288293 0.037931
vt 0.331547 0.036310
vt 0.331619 0.038951
vt 0.415660 0.083396
vt 0.416178 0.120303
vt 0.377451 0.123188
vt 0.377320 0.085274
vt 0.417989 0.122634
vt 0.374993 0.125147
vt 0.375505 0.082897
vt 0.418022 0.081528
vt 0.374330 0.125898
vt 0.374761 0.082166
vt 0.060814 0.181160
vt 0.063498 0.181221
vt 0.415557 0.125915
vt 0.415899 0.164512
vt 0.377141 0.167407
vt 0.376931 0.128951
vt 0.417758 0.166864
vt 0.374661 0.169377
vt 0.375084 0.126614
vt 0.418038 0.123939
vt 0.373994 0.170131
vt 0.059427 0.361490
vt 0.057039 0.361633
vt 0.057142 0.318997
vt 0.059839 0.318923
vt 0.415304 0.170166
vt 0.415583 0.209105
vt 0.376775 0.211875
vt 0.376604 0.173193
vt 0.417451 0.211471
vt 0.374282 0.213841
vt 0.374750 0.170850
vt 0.417807 0.168183
vt 0.373611 0.214594
vt 0.425736 0.257006
vt 0.422819 0.256966
vt 0.422960 0.212091
vt 0.425863 0.212104
vt 0.414993 0.214775
vt 0.415403 0.253905
vt 0.376386 0.256410
vt 0.376136 0.217634
vt 0.417286 0.256300
vt 0.373893 0.258366
vt 0.374274 0.215272
vt 0.417497 0.212796
vt 0.373121 0.259171
vt 0.069829 0.091390
vt 0.067288 0.091153
vt 0.076034 0.054598
vt 0.077928 0.056398
vt 0.414766 0.259603
vt 0.414386 0.298780
vt 0.375530 0.300862
vt 0.375706 0.262277
vt 0.416222 0.301183
vt 0.373028 0.302782
vt 0.373873 0.259901
vt 0.417323 0.257629
vt 0.372353 0.303522
vt 0.199060 0.044689
vt 0.198964 0.042081
vt 0.199608 0.042065
vt 0.199720 0.044686
vt 0.413620 0.304428
vt 0.411748 0.342987
vt 0.374472 0.344545
vt 0.374877 0.306626
vt 0.413462 0.345315
vt 0.372018 0.346370
vt 0.373089 0.304253
vt 0.416235 0.302504
vt 0.371356 0.347078
vt 0.418900 0.301176
vt 0.418883 0.301888
vt 0.416238 0.301846
vt 0.410846 0.348330
vt 0.404992 0.380125
vt 0.373608 0.387310
vt 0.373836 0.350089
vt 0.406304 0.381806
vt 0.371091 0.389692
vt 0.372080 0.347794
vt 0.413421 0.346580
vt 0.148410 0.414648
vt 0.148326 0.411628
vt 0.194681 0.409140
vt 0.194873 0.412129
vt 0.418855 0.302540
vt 0.373356 0.040701
vt 0.372321 0.079155
vt 0.334235 0.080795
vt 0.334773 0.041423
vt 0.426192 0.123191
vt 0.423371 0.123209
vt 0.422744 0.080647
vt 0.425447 0.080435
vt 0.374083 0.081526
vt 0.331687 0.082671
vt 0.332951 0.038957
vt 0.375881 0.038879
vt 0.330898 0.083451
vt 0.371656 0.084760
vt 0.371809 0.122902
vt 0.333420 0.125105
vt 0.333424 0.086480
vt 0.331596 0.084092
vt 0.374101 0.082888
vt 0.373633 0.125266
vt 0.330932 0.127019
vt 0.330262 0.127757
vt 0.371195 0.128549
vt 0.371443 0.167127
vt 0.332935 0.169450
vt 0.332806 0.130762
vt 0.330964 0.128391
vt 0.373665 0.126634
vt 0.373290 0.169497
vt 0.330449 0.171377
vt 0.329780 0.172118
vt 0.370839 0.172801
vt 0.371053 0.211585
vt 0.332495 0.213912
vt 0.332334 0.175125
vt 0.330484 0.172753
vt 0.373325 0.170872
vt 0.372906 0.213959
vt 0.330005 0.215842
vt 0.329335 0.216584
vt 0.370441 0.217269
vt 0.370567 0.256157
vt 0.332084 0.258381
vt 0.331802 0.219553
vt 0.329942 0.217169
vt 0.372939 0.215338
vt 0.372417 0.258534
vt 0.329602 0.260302
vt 0.328835 0.261095
vt 0.369945 0.261837
vt 0.369829 0.300535
vt 0.331605 0.302805
vt 0.331389 0.264107
vt 0.329540 0.261730
vt 0.372447 0.259912
vt 0.371656 0.302891
vt 0.329128 0.304719
vt 0.328462 0.305456
vt 0.369207 0.306160
vt 0.368891 0.344189
vt 0.331522 0.346902
vt 0.331020 0.308442
vt 0.329167 0.306086
vt 0.371684 0.304256
vt 0.370677 0.346467
vt 0.329079 0.348815
vt 0.328427 0.349549
vt 0.368161 0.349755
vt 0.368118 0.387570
vt 0.331977 0.391353
vt 0.331018 0.352450
vt 0.329137 0.350162
vt 0.370602 0.347859
vt 0.369901 0.389728
vt 0.329539 0.393309
vt 0.061775 0.226767
vt 0.059071 0.226735
vt 0.329038 0.040884
vt 0.328373 0.080421
vt 0.289992 0.082394
vt 0.290232 0.042988
vt 0.287425 0.032222
vt 0.287545 0.035115
vt 0.243074 0.037158
vt 0.242938 0.034280
vt 0.330200 0.082807
vt 0.287453 0.084303
vt 0.286667 0.085094
vt 0.327738 0.086094
vt 0.327728 0.124744
vt 0.289247 0.126903
vt 0.289211 0.088122
vt 0.287370 0.085734
vt 0.330227 0.084186
vt 0.329562 0.127120
vt 0.286753 0.128820
vt 0.286082 0.129558
vt 0.327108 0.130410
vt 0.327232 0.169106
vt 0.288701 0.171350
vt 0.288628 0.132573
vt 0.286784 0.130195
vt 0.329593 0.128494
vt 0.329076 0.171482
vt 0.286207 0.173274
vt 0.285536 0.174015
vt 0.326621 0.174783
vt 0.326780 0.213571
vt 0.288204 0.215874
vt 0.288090 0.177029
vt 0.286241 0.174651
vt 0.329110 0.172859
vt 0.328630 0.215948
vt 0.285708 0.217804
vt 0.285037 0.218547
vt 0.326168 0.219257
vt 0.326282 0.258090
vt 0.287803 0.260435
vt 0.287508 0.221519
vt 0.285644 0.219133
vt 0.328664 0.217327
vt 0.328130 0.260460
vt 0.285315 0.262366
vt 0.284546 0.263161
vt 0.325684 0.263772
vt 0.325907 0.302476
vt 0.287487 0.305076
vt 0.287123 0.266170
vt 0.285256 0.263796
vt 0.328167 0.261838
vt 0.327758 0.304827
vt 0.285001 0.307021
vt 0.284334 0.307768
vt 0.325349 0.308140
vt 0.325863 0.346616
vt 0.287670 0.349659
vt 0.286936 0.310755
vt 0.285050 0.308397
vt 0.327803 0.306199
vt 0.327722 0.348932
vt 0.285204 0.351628
vt 0.284546 0.352380
vt 0.325244 0.352313
vt 0.326332 0.391075
vt 0.288077 0.394805
vt 0.287179 0.355327
vt 0.285268 0.353002
vt 0.327678 0.350352
vt 0.328237 0.393367
vt 0.285581 0.396830
vt 0.113103 0.047308
vt 0.113268 0.049506
vt 0.284483 0.042546
vt 0.284120 0.082075
vt 0.245716 0.084265
vt 0.245797 0.044977
vt 0.408250 0.383555
vt 0.371316 0.391891
vt 0.285964 0.084453
vt 0.243189 0.086188
vt 0.243941 0.042597
vt 0.287048 0.040595
vt 0.242408 0.086983
vt 0.283499 0.087758
vt 0.283537 0.126540
vt 0.245021 0.128700
vt 0.244952 0.089996
vt 0.243111 0.087619
vt 0.285995 0.085834
vt 0.285379 0.128921
vt 0.242532 0.130617
vt 0.241862 0.131355
vt 0.282918 0.132214
vt 0.282988 0.170995
vt 0.244422 0.173181
vt 0.244406 0.134373
vt 0.242564 0.131992
vt 0.285411 0.130296
vt 0.284833 0.173377
vt 0.241924 0.175102
vt 0.241251 0.175842
vt 0.282370 0.176677
vt 0.282481 0.215526
vt 0.243838 0.217791
vt 0.243802 0.178863
vt 0.241955 0.176481
vt 0.284865 0.174755
vt 0.284331 0.217909
vt 0.241332 0.219721
vt 0.240658 0.220464
vt 0.281864 0.221221
vt 0.281986 0.260147
vt 0.243359 0.262504
vt 0.243131 0.223446
vt 0.241266 0.221053
vt 0.284364 0.219290
vt 0.283840 0.262525
vt 0.240858 0.264442
vt 0.240085 0.265240
vt 0.281391 0.265850
vt 0.281752 0.304762
vt 0.242945 0.307423
vt 0.242669 0.268262
vt 0.240797 0.265878
vt 0.283878 0.263907
vt 0.283623 0.307135
vt 0.240434 0.309389
vt 0.239761 0.310143
vt 0.281204 0.310484
vt 0.281935 0.349400
vt 0.243173 0.352438
vt 0.242391 0.313158
vt 0.240483 0.310778
vt 0.283672 0.308520
vt 0.283829 0.351754
vt 0.240683 0.354429
vt 0.240018 0.355190
vt 0.281307 0.355181
vt 0.282318 0.394538
vt 0.243268 0.398131
vt 0.242663 0.358182
vt 0.240744 0.355822
vt 0.283785 0.353195
vt 0.284249 0.396886
vt 0.240722 0.400179
vt 0.061792 0.227447
vt 0.059057 0.227462
vt 0.240065 0.044561
vt 0.239860 0.083962
vt 0.201649 0.085936
vt 0.201569 0.047049
vt 0.415969 0.346745
vt 0.241705 0.086342
vt 0.199158 0.087833
vt 0.242612 0.042614
vt 0.198388 0.088617
vt 0.239296 0.089528
vt 0.239321 0.128335
vt 0.200927 0.130358
vt 0.200967 0.091713
vt 0.199136 0.089347
vt 0.241792 0.087614
vt 0.241160 0.130717
vt 0.198437 0.132261
vt 0.197767 0.132995
vt 0.238739 0.133905
vt 0.238706 0.172811
vt 0.200161 0.174829
vt 0.200341 0.136095
vt 0.198514 0.133726
vt 0.241243 0.131988
vt 0.240548 0.175201
vt 0.197657 0.176737
vt 0.196981 0.177473
vt 0.238119 0.178401
vt 0.238103 0.217424
vt 0.199398 0.219490
vt 0.199567 0.180587
vt 0.197732 0.178207
vt 0.240630 0.176477
vt 0.239952 0.219822
vt 0.196883 0.221409
vt 0.196205 0.222149
vt 0.237514 0.223036
vt 0.237520 0.262206
vt 0.198804 0.264414
vt 0.198728 0.225237
vt 0.196867 0.222839
vt 0.240035 0.221102
vt 0.239377 0.264599
vt 0.196288 0.266347
vt 0.195510 0.267144
vt 0.236948 0.267835
vt 0.237172 0.307118
vt 0.198339 0.309602
vt 0.198150 0.270268
vt 0.196275 0.267880
vt 0.239464 0.265883
vt 0.239047 0.309505
vt 0.195816 0.311559
vt 0.195139 0.312311
vt 0.236651 0.312761
vt 0.237376 0.352153
vt 0.198046 0.355013
vt 0.197707 0.315389
vt 0.195811 0.312999
vt 0.239146 0.310790
vt 0.239292 0.354552
vt 0.195506 0.357015
vt 0.194722 0.357837
vt 0.236752 0.357930
vt 0.237429 0.397837
vt 0.197678 0.401397
vt 0.197431 0.360972
vt 0.195506 0.358576
vt 0.239287 0.355913
vt 0.239368 0.400226
vt 0.195075 0.403472
vt 0.419968 0.256233
vt 0.419969 0.256946
vt 0.417314 0.256966
vt 0.195891 0.046648
vt 0.195852 0.085642
vt 0.157982 0.087861
vt 0.157854 0.049326
vt 0.419957 0.257600
vt 0.197689 0.087987
vt 0.155513 0.089759
vt 0.156019 0.047001
vt 0.198403 0.044709
vt 0.154750 0.090542
vt 0.195230 0.091258
vt 0.195234 0.129977
vt 0.156941 0.131912
vt 0.157242 0.093510
vt 0.155438 0.091170
vt 0.197719 0.089352
vt 0.197067 0.132357
vt 0.154450 0.133802
vt 0.153777 0.134532
vt 0.194591 0.135623
vt 0.194449 0.174431
vt 0.155829 0.176317
vt 0.156280 0.137549
vt 0.154470 0.135171
vt 0.197093 0.133727
vt 0.196281 0.176829
vt 0.153307 0.178219
vt 0.152625 0.178955
vt 0.193790 0.180116
vt 0.193658 0.219094
vt 0.154810 0.221047
vt 0.155154 0.182001
vt 0.153325 0.179600
vt 0.196304 0.178209
vt 0.195500 0.221503
vt 0.152277 0.222965
vt 0.151593 0.223706
vt 0.192996 0.224813
vt 0.192941 0.264091
vt 0.153989 0.266269
vt 0.154068 0.226728
vt 0.152202 0.224304
vt 0.195523 0.222891
vt 0.194800 0.266499
vt 0.151442 0.268213
vt 0.150654 0.269015
vt 0.192263 0.269800
vt 0.192575 0.309194
vt 0.153254 0.311552
vt 0.153195 0.272117
vt 0.151321 0.269709
vt 0.194781 0.267846
vt 0.194466 0.311615
vt 0.150714 0.313518
vt 0.149978 0.314223
vt 0.191910 0.315032
vt 0.192104 0.354743
vt 0.152612 0.356956
vt 0.152579 0.317301
vt 0.150696 0.314873
vt 0.194455 0.313067
vt 0.194000 0.357184
vt 0.150059 0.358922
vt 0.149371 0.359678
vt 0.191403 0.360530
vt 0.191760 0.401052
vt 0.151574 0.403865
vt 0.152051 0.362871
vt 0.150148 0.360434
vt 0.193979 0.358550
vt 0.193704 0.403508
vt 0.148902 0.405911
vt 0.060402 0.272556
vt 0.057694 0.272559
vt 0.057710 0.271892
vt 0.060397 0.271879
vt 0.152253 0.048906
vt 0.152244 0.087591
vt 0.115145 0.089401
vt 0.116175 0.051699
vt 0.420123 0.212747
vt 0.154058 0.089914
vt 0.112660 0.091235
vt 0.114454 0.049502
vt 0.154724 0.047026
vt 0.060427 0.273236
vt 0.057690 0.273287
vt 0.111888 0.091996
vt 0.151607 0.093109
vt 0.151287 0.131493
vt 0.113053 0.132964
vt 0.114281 0.094936
vt 0.112551 0.092621
vt 0.154083 0.091259
vt 0.153087 0.133888
vt 0.110529 0.134816
vt 0.109842 0.135536
vt 0.150586 0.137118
vt 0.150117 0.175885
vt 0.111345 0.177475
vt 0.112310 0.138581
vt 0.110527 0.136184
vt 0.153098 0.135255
vt 0.151929 0.178304
vt 0.108786 0.179364
vt 0.108092 0.180097
vt 0.149412 0.181581
vt 0.149057 0.220639
vt 0.110041 0.222578
vt 0.110621 0.183178
vt 0.108793 0.180751
vt 0.151942 0.179688
vt 0.150890 0.223057
vt 0.107472 0.224505
vt 0.106779 0.225250
vt 0.148349 0.226381
vt 0.148040 0.265834
vt 0.108840 0.267819
vt 0.109234 0.228281
vt 0.107384 0.225850
vt 0.150904 0.224452
vt 0.149894 0.268265
vt 0.106273 0.269757
vt 0.105529 0.270455
vt 0.147429 0.271695
vt 0.147391 0.311128
vt 0.107922 0.313213
vt 0.108111 0.273559
vt 0.106243 0.271112
vt 0.149969 0.269761
vt 0.149263 0.313570
vt 0.105357 0.315169
vt 0.104665 0.315923
vt 0.146695 0.316888
vt 0.146813 0.356519
vt 0.107384 0.358428
vt 0.107218 0.319062
vt 0.105336 0.316624
vt 0.149240 0.314928
vt 0.148699 0.358972
vt 0.104859 0.360367
vt 0.104127 0.361064
vt 0.145929 0.362427
vt 0.145613 0.403349
vt 0.105520 0.404104
vt 0.106653 0.364171
vt 0.104828 0.361725
vt 0.148558 0.360485
vt 0.147520 0.405914
vt 0.102893 0.405997
vt 0.193848 0.406244
vt 0.148999 0.408652
vt 0.110696 0.051812
vt 0.109492 0.088923
vt 0.072453 0.089708
vt 0.079191 0.058111
vt 0.329554 0.401419
vt 0.329292 0.398636
vt 0.371025 0.394336
vt 0.371445 0.396960
vt 0.111184 0.091262
vt 0.420123 0.211386
vt 0.420129 0.212096
vt 0.417483 0.212134
vt 0.113855 0.049500
vt 0.108712 0.094446
vt 0.107391 0.132362
vt 0.068508 0.133579
vt 0.071408 0.095025
vt 0.109123 0.134785
vt 0.065838 0.135439
vt 0.069755 0.092653
vt 0.111208 0.092686
vt 0.420328 0.081370
vt 0.420598 0.122541
vt 0.106594 0.138124
vt 0.105562 0.176904
vt 0.066137 0.178626
vt 0.067597 0.139221
vt 0.107352 0.179343
vt 0.063507 0.180551
vt 0.065817 0.136765
vt 0.109148 0.136261
vt 0.104827 0.182759
vt 0.104187 0.222045
vt 0.064401 0.224126
vt 0.065339 0.184358
vt 0.106023 0.224495
vt 0.107395 0.180840
vt 0.059810 0.318250
vt 0.057137 0.318280
vt 0.057145 0.317623
vt 0.059800 0.317578
vt 0.103504 0.227959
vt 0.102924 0.267278
vt 0.063020 0.269873
vt 0.063653 0.229915
vt 0.104770 0.269707
vt 0.106080 0.226005
vt 0.243838 0.039954
vt 0.286934 0.037962
vt 0.102173 0.273262
vt 0.102112 0.312808
vt 0.062375 0.315567
vt 0.062327 0.275685
vt 0.103994 0.315228
vt 0.104734 0.271274
vt 0.057395 0.135591
vt 0.060311 0.135800
vt 0.057936 0.181045
vt 0.054988 0.180910
vt 0.101443 0.318683
vt 0.101492 0.357840
vt 0.061891 0.359572
vt 0.061690 0.321335
vt 0.103360 0.360304
vt 0.103980 0.316688
vt 0.100724 0.363764
vt 0.099836 0.403370
vt 0.066466 0.398912
vt 0.061734 0.365249
vt 0.101558 0.405932
vt 0.064602 0.400283
vt 0.059453 0.362735
vt 0.103315 0.361859
vt 0.051817 0.272457
vt 0.054790 0.272517
vt 0.054282 0.318277
vt 0.051363 0.318270
vt 0.101615 0.414648
vt 0.101946 0.411344
vt 0.315267 0.970086
vt 0.333927 0.893668
vt 0.358130 0.887890
vt 0.372640 0.968565
vt 0.554604 0.751369
vt 0.479321 0.748609
vt 0.480805 0.723962
vt 0.548564 0.698293
vt 0.545534 0.799766
vt 0.470595 0.776276
vt 0.526170 0.844809
vt 0.455584 0.804836
vt 0.498533 0.885686
vt 0.435365 0.832036
vt 0.463543 0.921379
vt 0.411188 0.856033
vt 0.421509 0.950102
vt 0.384670 0.875149
vt 0.095743 0.535255
vt 0.158601 0.591482
vt 0.138036 0.619305
vt 0.065437 0.576038
vt 0.122984 0.648874
vt 0.043037 0.622375
vt 0.114856 0.677314
vt 0.030718 0.674116
vt 0.277978 0.458468
vt 0.260792 0.528438
vt 0.235757 0.534497
vt 0.224218 0.461537
vt 0.112416 0.701720
vt 0.042418 0.730493
vt 0.209410 0.547944
vt 0.176264 0.475190
vt 0.183005 0.567240
vt 0.132931 0.500959
vt 0.258878 0.974053
vt 0.263186 0.894554
vt 0.288656 0.896378
vt 0.059928 0.834650
vt 0.134491 0.798714
vt 0.153741 0.825304
vt 0.087746 0.877073
vt 0.122874 0.912912
vt 0.177987 0.849688
vt 0.205495 0.870299
vt 0.163552 0.941831
vt 0.310900 0.893914
vt 0.209004 0.962924
vt 0.234590 0.885613
vt 0.042681 0.786106
vt 0.121619 0.772205
vt 0.115451 0.724635
vt 0.115658 0.748041
vt 0.477863 0.507572
vt 0.419811 0.572029
vt 0.391889 0.551049
vt 0.435708 0.476673
vt 0.334584 0.443032
vt 0.333978 0.527615
vt 0.309591 0.524632
vt 0.481141 0.675291
vt 0.475230 0.651038
vt 0.554581 0.642450
vt 0.513436 0.545954
vt 0.443993 0.597103
vt 0.387881 0.454324
vt 0.362278 0.535834
vt 0.285093 0.529271
vt 0.480805 0.699070
vt 0.540336 0.591265
vt 0.462841 0.624282
vt 0.284893 0.533026
vt 0.262906 0.538142
vt 0.456907 0.770120
vt 0.467268 0.745531
vt 0.449648 0.632390
vt 0.431187 0.607919
vt 0.171465 0.602579
vt 0.152095 0.628245
vt 0.474405 0.723975
vt 0.474405 0.699082
vt 0.124591 0.746066
vt 0.133508 0.767026
vt 0.463012 0.656084
vt 0.193909 0.579696
vt 0.147359 0.790428
vt 0.471468 0.677197
vt 0.217791 0.560862
vt 0.166191 0.814409
vt 0.241194 0.546917
vt 0.310633 0.889637
vt 0.331976 0.884758
vt 0.189108 0.836860
vt 0.308916 0.534910
vt 0.214503 0.856405
vt 0.240859 0.871463
vt 0.266769 0.881614
vt 0.353003 0.875978
vt 0.121526 0.702489
vt 0.119793 0.724758
vt 0.289360 0.887543
vt 0.376431 0.862290
vt 0.330810 0.540184
vt 0.400377 0.843654
vt 0.356101 0.550018
vt 0.422704 0.821095
vt 0.382798 0.565170
vt 0.127245 0.680445
vt 0.441896 0.796018
vt 0.408444 0.584923
vt 0.137118 0.654993
vt 0.308000 0.854997
vt 0.289693 0.841056
vt 0.269817 0.826668
vt 0.248450 0.810640
vt 0.227175 0.793266
vt 0.206964 0.774782
vt 0.188124 0.756060
vt 0.170868 0.738266
vt 0.154134 0.722044
vt 0.324401 0.838451
vt 0.305812 0.821639
vt 0.286454 0.805433
vt 0.266323 0.788833
vt 0.245999 0.771593
vt 0.226038 0.753880
vt 0.206680 0.736312
vt 0.187889 0.719456
vt 0.168303 0.703413
vt 0.342207 0.821551
vt 0.322762 0.802876
vt 0.303331 0.785768
vt 0.283458 0.768676
vt 0.263459 0.751421
vt 0.243522 0.734044
vt 0.223757 0.716782
vt 0.204012 0.699963
vt 0.182749 0.683157
vt 0.198671 0.661769
vt 0.220622 0.679675
vt 0.240823 0.696815
vt 0.260821 0.714085
vt 0.280812 0.731429
vt 0.300768 0.748768
vt 0.320646 0.766106
vt 0.340380 0.783697
vt 0.361015 0.802824
vt 0.216080 0.640463
vt 0.237826 0.659181
vt 0.258080 0.676665
vt 0.278166 0.694052
vt 0.298184 0.711444
vt 0.318158 0.728849
vt 0.338113 0.746291
vt 0.358117 0.763837
vt 0.379622 0.782746
vt 0.234462 0.619899
vt 0.255502 0.639046
vt 0.275508 0.656624
vt 0.295555 0.674029
vt 0.315596 0.691447
vt 0.335568 0.708905
vt 0.355502 0.726348
vt 0.375591 0.743687
vt 0.397269 0.761791
vt 0.413650 0.740803
vt 0.392456 0.723686
vt 0.372784 0.706513
vt 0.353057 0.688972
vt 0.333095 0.671405
vt 0.312927 0.653960
vt 0.292889 0.636716
vt 0.273180 0.619465
vt 0.253054 0.600755
vt 0.428618 0.720964
vt 0.408973 0.704318
vt 0.390203 0.687032
vt 0.370814 0.669122
vt 0.350761 0.651175
vt 0.330252 0.633730
vt 0.309867 0.616866
vt 0.290163 0.600451
vt 0.270951 0.583039
vt 0.287506 0.565814
vt 0.306491 0.580716
vt 0.326938 0.595542
vt 0.348426 0.611768
vt 0.369750 0.629499
vt 0.390259 0.648235
vt 0.409276 0.667232
vt 0.426612 0.685459
vt 0.443241 0.702483
vt 0.420415 0.166777
vt 0.420422 0.167483
vt 0.417792 0.167525
vt 0.198837 0.039293
vt 0.198687 0.036439
vt 0.420417 0.168130
vt 0.370163 0.392014
vt 0.329753 0.395855
vt 0.059436 0.362115
vt 0.057059 0.362221
vt 0.421683 0.346859
vt 0.418555 0.346377
vt 0.421733 0.301986
vt 0.424643 0.302114
vt 0.057091 0.362857
vt 0.060846 0.180500
vt 0.063128 0.136698
vt 0.420609 0.123234
vt 0.418022 0.123288
vt 0.423235 0.167477
vt 0.426119 0.167488
vt 0.420608 0.123871
vt 0.147582 0.408669
vt 0.102788 0.408690
vt 0.155369 0.047005
vt 0.243274 0.042597
vt 0.287713 0.040581
vt 0.332284 0.038945
vt 0.376524 0.038900
vt 0.416888 0.039937
vt 0.419184 0.037776
vt 0.376782 0.033738
vt 0.377090 0.030562
vt 0.418009 0.080923
vt 0.102090 0.408665
vt 0.102225 0.405975
vt 0.285519 0.405204
vt 0.285285 0.402320
vt 0.101449 0.408638
vt 0.420266 0.080189
vt 0.420303 0.080802
vt 0.242486 0.039993
vt 0.416057 0.345471
vt 0.148262 0.408667
vt 0.148212 0.405922
vt 0.155112 0.041739
vt 0.154928 0.038967
vt 0.328437 0.395944
vt 0.285788 0.399455
vt 0.413451 0.345951
vt 0.243189 0.039968
vt 0.414610 0.042189
vt 0.370502 0.389714
vt 0.051719 0.362549
vt 0.054525 0.362352
vt 0.060290 0.404667
vt 0.057889 0.406899
vt 0.377265 0.036337
vt 0.328891 0.393346
vt 0.195249 0.406183
vt 0.194520 0.406221
vt 0.194393 0.403499
vt 0.284917 0.396867
vt 0.061580 0.090873
vt 0.064694 0.091441
vt 0.240048 0.400211
vt 0.053207 0.226552
vt 0.056175 0.226655
vt 0.240613 0.408702
vt 0.240391 0.405763
vt 0.240918 0.402850
vt 0.240201 0.402895
vt 0.332218 0.033457
vt 0.332161 0.030553
vt 0.239538 0.402925
vt 0.155888 0.044436
vt 0.198266 0.042110
vt 0.062672 0.402341
vt 0.063213 0.135331
vt 0.067162 0.092424
vt 0.155259 0.044457
vt 0.285083 0.399503
vt 0.376649 0.036312
vt 0.113459 0.044879
vt 0.113113 0.042253
vt 0.284432 0.399536
vt 0.065818 0.136099
vt 0.375978 0.036289
vt 0.332257 0.036301
vt 0.069782 0.092017
vt 0.410439 0.385713
vt 0.332910 0.036304
vt 0.114255 0.047217
vt 0.154579 0.044490
vt 0.113699 0.047257
vt 0.073910 0.052383
vt 0.287641 0.037940
vt 0.416013 0.346137
vt 0.370719 0.391959
vt 0.329069 0.395906
vt 0.063166 0.135984
vt 0.067226 0.091759
vt 0.412511 0.387849
vt 0.071902 0.050194
vt 0.981436 0.155253
vt 0.966290 0.160404
vt 0.965064 0.147547
vt 0.975534 0.147555
vt 0.963697 0.122943
vt 0.951501 0.122781
vt 0.951376 0.099686
vt 0.962626 0.099428
vt 0.991122 0.136777
vt 0.980734 0.136685
vt 0.975029 0.129881
vt 0.988676 0.125230
vt 0.983760 0.098177
vt 0.970249 0.099090
vt 0.969295 0.062066
vt 0.983230 0.063841
vt 0.943461 0.122806
vt 0.929873 0.120278
vt 0.930156 0.099895
vt 0.943887 0.099813
vt 0.975533 0.143556
vt 0.965346 0.142329
vt 0.971132 0.134860
vt 0.977533 0.139325
vt 0.928596 0.126987
vt 0.940901 0.129748
vt 0.937321 0.134722
vt 0.927554 0.134177
vt 0.985736 0.151313
vt 0.978780 0.145055
vt 0.980762 0.140847
vt 0.990518 0.142921
vt 0.928398 0.064922
vt 0.942533 0.063907
vt 0.964891 0.128105
vt 0.967549 0.132217
vt 0.950298 0.141596
vt 0.944757 0.134466
vt 0.948068 0.131839
vt 0.950509 0.127813
vt 0.950016 0.146772
vt 0.946663 0.158754
vt 0.935304 0.153203
vt 0.941942 0.145716
vt 0.900578 0.022370
vt 0.904868 0.026595
vt 0.904941 0.036383
vt 0.900715 0.040672
vt 0.881498 0.040817
vt 0.881360 0.022514
vt 0.922141 0.040512
vt 0.909230 0.040608
vt 0.909093 0.022306
vt 0.922003 0.022209
vt 0.969700 0.050114
vt 0.984734 0.054707
vt 0.904723 0.018082
vt 0.904423 0.011014
vt 0.904937 0.008882
vt 0.906454 0.007312
vt 0.908568 0.006726
vt 0.917221 0.006661
vt 0.919365 0.007215
vt 0.920964 0.008761
vt 0.921591 0.010885
vt 0.942274 0.141752
vt 0.940421 0.137318
vt 0.927847 0.139956
vt 0.937112 0.138727
vt 0.938949 0.142999
vt 0.931149 0.148817
vt 0.986601 0.049080
vt 0.972334 0.043766
vt 0.981609 0.034743
vt 0.991714 0.038413
vt 0.986367 0.118114
vt 0.971915 0.122533
vt 0.849857 0.041054
vt 0.849719 0.022751
vt 0.949764 0.063309
vt 0.961488 0.062247
vt 0.817016 0.044630
vt 0.818595 0.041289
vt 0.832331 0.041185
vt 0.839118 0.044578
vt 0.846488 0.054553
vt 0.824846 0.054307
vt 0.927224 0.049600
vt 0.941223 0.049396
vt 0.836042 0.022854
vt 0.836461 0.036898
vt 0.814306 0.037063
vt 0.814232 0.027275
vt 0.814787 0.025142
vt 0.816333 0.023572
vt 0.818458 0.022986
vt 0.947680 0.048584
vt 0.960783 0.050930
vt 0.985724 0.029006
vt 0.994083 0.027796
vt 0.941539 0.015422
vt 0.947487 0.025518
vt 0.941753 0.029607
vt 0.932587 0.022988
vt 0.953628 0.022942
vt 0.949196 0.011528
vt 0.963728 0.008376
vt 0.964348 0.021646
vt 0.968390 0.037308
vt 0.953253 0.028103
vt 0.967723 0.026802
vt 0.976050 0.032416
vt 0.976377 0.009581
vt 0.973172 0.021043
vt 0.963067 0.040083
vt 0.960821 0.044122
vt 0.944445 0.033791
vt 0.840845 0.041122
vt 0.929192 0.028878
vt 0.939354 0.033994
vt 0.852656 0.062969
vt 0.853344 0.064659
vt 0.852709 0.065844
vt 0.850920 0.066206
vt 0.838609 0.065636
vt 0.836112 0.065104
vt 0.833544 0.063847
vt 0.831591 0.062202
vt 0.993231 0.023929
vt 0.985137 0.026290
vt 0.978921 0.022771
vt 0.984257 0.012533
vt 0.975041 0.025601
vt 0.981237 0.028399
vt 0.975248 0.146148
vt 0.976408 0.145814
vt 0.976879 0.146912
vt 0.975260 0.144831
vt 0.976389 0.145018
vt 0.976689 0.143959
vt 0.977753 0.144449
vt 0.977098 0.145348
vt 0.977951 0.146064
vt 0.978342 0.138281
vt 0.979249 0.139020
vt 0.978600 0.139931
vt 0.979395 0.137397
vt 0.979930 0.138545
vt 0.981085 0.138195
vt 0.981082 0.139566
vt 0.979964 0.139365
vt 0.979662 0.140428
vt 0.972678 0.125191
vt 0.969990 0.126222
vt 0.969221 0.122911
vt 0.973767 0.127657
vt 0.971420 0.129007
vt 0.973378 0.131269
vt 0.972104 0.133016
vt 0.969518 0.130388
vt 0.967603 0.127185
vt 0.966461 0.122990
vt 0.904942 0.044898
vt 0.904387 0.042773
vt 0.902840 0.041227
vt 0.947856 0.127026
vt 0.948795 0.122937
vt 0.946156 0.130144
vt 0.943794 0.132722
vt 0.942522 0.131070
vt 0.944307 0.128888
vt 0.942032 0.127656
vt 0.942930 0.125328
vt 0.945511 0.126203
vt 0.946096 0.122997
vt 0.902692 0.021783
vt 0.904209 0.020214
vt 0.938596 0.135398
vt 0.938049 0.136499
vt 0.936946 0.136130
vt 0.939624 0.136266
vt 0.938705 0.136982
vt 0.939325 0.137903
vt 0.938242 0.138360
vt 0.937986 0.137297
vt 0.936882 0.137447
vt 0.942429 0.143054
vt 0.941305 0.143140
vt 0.941084 0.142080
vt 0.942326 0.144351
vt 0.941224 0.143937
vt 0.940675 0.144965
vt 0.939683 0.144057
vt 0.940566 0.143416
vt 0.939999 0.142491
vt 0.970995 0.045878
vt 0.968247 0.044194
vt 0.970526 0.041924
vt 0.970268 0.047589
vt 0.967178 0.046538
vt 0.966670 0.049937
vt 0.963637 0.050326
vt 0.964265 0.045468
vt 0.965822 0.042420
vt 0.969281 0.039626
vt 0.839056 0.041596
vt 0.838423 0.042861
vt 0.953618 0.024746
vt 0.951858 0.025134
vt 0.951504 0.023570
vt 0.953475 0.026441
vt 0.951710 0.026184
vt 0.951123 0.027202
vt 0.949184 0.026367
vt 0.950473 0.025634
vt 0.949297 0.024485
vt 0.815672 0.042405
vt 0.814680 0.039635
vt 0.942786 0.034168
vt 0.942277 0.032667
vt 0.943642 0.032201
vt 0.941128 0.034235
vt 0.941250 0.032671
vt 0.939906 0.032174
vt 0.940696 0.030780
vt 0.941693 0.031757
vt 0.942739 0.030817
vt 0.984335 0.028830
vt 0.984885 0.027977
vt 0.985907 0.027865
vt 0.982852 0.028663
vt 0.983987 0.027938
vt 0.982679 0.027683
vt 0.983967 0.026993
vt 0.984790 0.027547
vt 0.985773 0.027250
vt 0.975232 0.021376
vt 0.975224 0.022869
vt 0.973678 0.022762
vt 0.977284 0.021978
vt 0.976467 0.023152
vt 0.977696 0.023686
vt 0.976398 0.024615
vt 0.975608 0.023797
vt 0.974325 0.024253
vt 0.982927 0.154001
vt 0.984373 0.152699
vt 0.991028 0.138841
vt 0.990812 0.140876
vt 0.965109 0.145841
vt 0.965202 0.144105
vt 0.967757 0.099207
vt 0.965217 0.099321
vt 0.948825 0.099737
vt 0.946331 0.099778
vt 0.987115 0.120505
vt 0.987879 0.122872
vt 0.929028 0.124774
vt 0.929455 0.122542
vt 0.950265 0.143354
vt 0.950170 0.145072
vt 0.927666 0.138045
vt 0.927554 0.136128
vt 0.933843 0.151820
vt 0.932468 0.150346
vt 0.944891 0.063730
vt 0.947299 0.063531
vt 0.966737 0.062083
vt 0.964132 0.062138
vt 0.985915 0.051094
vt 0.985392 0.052670
vt 0.945484 0.048909
vt 0.943332 0.049175
vt 0.943900 0.014108
vt 0.946672 0.012667
vt 0.930219 0.026883
vt 0.931348 0.024918
vt 0.966106 0.025202
vt 0.964896 0.023489
vt 0.978189 0.033096
vt 0.980089 0.033800
vt 0.993599 0.025321
vt 0.993836 0.026372
vt 0.978943 0.010380
vt 0.981779 0.011467
vt 0.908963 0.059366
vt 0.906838 0.058811
vt 0.905291 0.057265
vt 0.904736 0.055140
vt 0.921905 0.055011
vt 0.921319 0.057144
vt 0.919749 0.058714
vt 0.917616 0.059301
vt 0.673548 0.596784
vt 0.667128 0.593805
vt 0.671940 0.580537
vt 0.678672 0.582896
vt 0.689815 0.604264
vt 0.679240 0.599437
vt 0.684614 0.584992
vt 0.695610 0.588751
vt 0.688012 0.574337
vt 0.699048 0.577504
vt 0.650488 0.585760
vt 0.660883 0.590836
vt 0.657034 0.598231
vt 0.647125 0.592081
vt 0.734570 0.617401
vt 0.720761 0.623931
vt 0.716475 0.609039
vt 0.731122 0.605583
vt 0.674860 0.569843
vt 0.682074 0.572387
vt 0.671579 0.555507
vt 0.660524 0.553060
vt 0.663171 0.540068
vt 0.674184 0.542258
vt 0.683942 0.615802
vt 0.673935 0.609763
vt 0.654893 0.574590
vt 0.665720 0.578322
vt 0.714538 0.598016
vt 0.729941 0.595410
vt 0.729759 0.583250
vt 0.714236 0.585006
vt 0.714022 0.573919
vt 0.730142 0.570074
vt 0.677591 0.557262
vt 0.685007 0.559729
vt 0.691093 0.561563
vt 0.702374 0.564339
vt 0.697919 0.647918
vt 0.684463 0.649482
vt 0.689232 0.641922
vt 0.679978 0.544440
vt 0.690201 0.541679
vt 0.693742 0.550499
vt 0.705037 0.553179
vt 0.679172 0.644520
vt 0.671493 0.633740
vt 0.677937 0.629149
vt 0.684158 0.639029
vt 0.708504 0.647984
vt 0.717530 0.654315
vt 0.714324 0.658394
vt 0.608265 0.645900
vt 0.601778 0.655025
vt 0.600549 0.657184
vt 0.597256 0.659239
vt 0.594189 0.659980
vt 0.589236 0.650883
vt 0.587928 0.649314
vt 0.587575 0.647315
vt 0.588272 0.645422
vt 0.594758 0.636297
vt 0.668120 0.675351
vt 0.654150 0.665440
vt 0.652818 0.663834
vt 0.652467 0.661776
vt 0.653190 0.659819
vt 0.656371 0.655010
vt 0.661831 0.654254
vt 0.675182 0.665055
vt 0.694642 0.667680
vt 0.701698 0.657259
vt 0.710921 0.663687
vt 0.704421 0.674300
vt 0.712186 0.642832
vt 0.719225 0.631166
vt 0.729857 0.638724
vt 0.721315 0.649312
vt 0.723370 0.671770
vt 0.720510 0.683446
vt 0.669207 0.649597
vt 0.662648 0.650922
vt 0.689867 0.635349
vt 0.685394 0.624995
vt 0.692307 0.623232
vt 0.693836 0.633678
vt 0.744514 0.652609
vt 0.732834 0.659182
vt 0.684059 0.670674
vt 0.676833 0.681512
vt 0.698770 0.633776
vt 0.699097 0.622677
vt 0.696240 0.638288
vt 0.725907 0.666849
vt 0.728854 0.663219
vt 0.734051 0.668134
vt 0.732095 0.670337
vt 0.697509 0.678506
vt 0.689475 0.690555
vt 0.730750 0.674191
vt 0.734193 0.684644
vt 0.705794 0.684365
vt 0.707276 0.686148
vt 0.707668 0.688434
vt 0.706865 0.690610
vt 0.704005 0.695343
vt 0.702222 0.696826
vt 0.699936 0.697217
vt 0.697761 0.696414
vt 0.649933 0.608430
vt 0.641180 0.600146
vt 0.741268 0.680686
vt 0.734957 0.672572
vt 0.736817 0.670296
vt 0.746454 0.674913
vt 0.748450 0.666920
vt 0.737491 0.665825
vt 0.676168 0.627163
vt 0.667104 0.619650
vt 0.668648 0.606257
vt 0.663036 0.602306
vt 0.668742 0.567855
vt 0.657749 0.564881
vt 0.738113 0.623913
vt 0.726780 0.634156
vt 0.635321 0.605191
vt 0.642641 0.615954
vt 0.636788 0.618876
vt 0.630767 0.607897
vt 0.661898 0.616120
vt 0.656221 0.612607
vt 0.745735 0.631370
vt 0.735652 0.642845
vt 0.749084 0.649256
vt 0.753458 0.634620
vt 0.758227 0.632306
vt 0.764366 0.644812
vt 0.664269 0.638979
vt 0.657640 0.629693
vt 0.653476 0.625549
vt 0.648467 0.621313
vt 0.644432 0.636099
vt 0.648400 0.647094
vt 0.629197 0.651308
vt 0.628793 0.639515
vt 0.642343 0.630901
vt 0.639584 0.624622
vt 0.626014 0.622661
vt 0.621269 0.612035
vt 0.613752 0.615259
vt 0.618650 0.625554
vt 0.611982 0.625879
vt 0.607441 0.620123
vt 0.628306 0.634291
vt 0.627439 0.628076
vt 0.765376 0.624819
vt 0.777006 0.632569
vt 0.617538 0.638968
vt 0.612933 0.649218
vt 0.602800 0.638913
vt 0.610072 0.635259
vt 0.770271 0.618580
vt 0.782759 0.619857
vt 0.618602 0.634570
vt 0.619123 0.631097
vt 0.600722 0.632927
vt 0.608193 0.632426
vt 0.612050 0.632027
vt 0.612572 0.629962
vt 0.611960 0.625905
vt 0.607417 0.620089
vt 0.768857 0.611018
vt 0.779851 0.607985
vt 0.768854 0.611007
vt 0.767970 0.609115
vt 0.768111 0.606993
vt 0.769240 0.605209
vt 0.771684 0.602925
vt 0.773456 0.601998
vt 0.775354 0.602217
vt 0.776868 0.603523
vt 0.610612 0.630884
vt 0.611697 0.629466
vt 0.603333 0.624237
vt 0.609027 0.628150
vt 0.608267 0.629506
vt 0.601611 0.627263
vt 0.658063 0.653258
vt 0.660361 0.651762
vt 0.689752 0.637176
vt 0.688384 0.637886
vt 0.688031 0.636257
vt 0.689521 0.639338
vt 0.688204 0.639301
vt 0.687446 0.641141
vt 0.685767 0.640222
vt 0.687154 0.638827
vt 0.685985 0.637583
vt 0.698177 0.635462
vt 0.696766 0.634783
vt 0.697006 0.633387
vt 0.697359 0.636928
vt 0.696233 0.635681
vt 0.695143 0.636604
vt 0.694378 0.635099
vt 0.695713 0.634689
vt 0.695403 0.633364
vt 0.730973 0.672802
vt 0.732310 0.672857
vt 0.732405 0.674034
vt 0.731425 0.671520
vt 0.732532 0.672049
vt 0.733141 0.671053
vt 0.734083 0.671783
vt 0.733162 0.672546
vt 0.733805 0.673482
vt 0.737709 0.667523
vt 0.736536 0.667695
vt 0.736149 0.666410
vt 0.737451 0.669008
vt 0.736423 0.668609
vt 0.735907 0.669640
vt 0.735000 0.668934
vt 0.735790 0.668114
vt 0.735010 0.667180
vt 0.612306 0.627299
vt 0.611148 0.627546
vt 0.610736 0.626535
vt 0.612108 0.628510
vt 0.611104 0.628256
vt 0.610745 0.629028
vt 0.609891 0.628602
vt 0.610482 0.627921
vt 0.609743 0.627282
vt 0.609991 0.631505
vt 0.609325 0.630919
vt 0.609857 0.630324
vt 0.609213 0.632027
vt 0.608800 0.631215
vt 0.607922 0.631353
vt 0.607969 0.630412
vt 0.608774 0.630635
vt 0.609085 0.629882
vt 0.664998 0.592770
vt 0.669846 0.579770
vt 0.662910 0.591772
vt 0.667770 0.579026
vt 0.680707 0.583620
vt 0.675519 0.597718
vt 0.682685 0.584319
vt 0.677406 0.598603
vt 0.670782 0.568437
vt 0.672819 0.569113
vt 0.686069 0.573752
vt 0.684097 0.573095
vt 0.687063 0.560406
vt 0.689089 0.561030
vt 0.675601 0.556601
vt 0.673600 0.556001
vt 0.678094 0.543546
vt 0.676171 0.542786
vt 0.692069 0.548579
vt 0.690655 0.544875
vt 0.682944 0.626222
vt 0.680258 0.627744
vt 0.682694 0.647860
vt 0.680951 0.646179
vt 0.696793 0.622749
vt 0.694534 0.622952
vt 0.709776 0.646251
vt 0.711006 0.644536
vt 0.713168 0.660175
vt 0.699764 0.650836
vt 0.712049 0.661946
vt 0.701675 0.654591
vt 0.718778 0.652625
vt 0.720041 0.650966
vt 0.731485 0.660436
vt 0.730148 0.661774
vt 0.724151 0.670157
vt 0.724974 0.668514
vt 0.739045 0.682175
vt 0.736710 0.683529
vt 0.748000 0.669616
vt 0.747380 0.672283
vt 0.672247 0.608708
vt 0.670488 0.607532
vt 0.658970 0.599465
vt 0.660990 0.600858
vt 0.665524 0.618463
vt 0.663781 0.617292
vt 0.651826 0.609878
vt 0.653943 0.611257
vt 0.655037 0.626869
vt 0.656422 0.628236
vt 0.644339 0.617971
vt 0.646361 0.619765
vt 0.643771 0.634312
vt 0.643074 0.632587
vt 0.637733 0.620982
vt 0.638678 0.622895
vt 0.628644 0.637706
vt 0.628484 0.635976
vt 0.626662 0.624585
vt 0.627117 0.626384
vt 0.618325 0.636044
vt 0.617972 0.637495
vt 0.619062 0.627446
vt 0.619207 0.629328
vt 0.610945 0.634192
vt 0.611584 0.633119
vt 0.612473 0.627288
vt 0.612653 0.628657
vt 0.604586 0.622744
vt 0.605945 0.621329
vt 0.600860 0.630945
vt 0.601120 0.629130
vt 0.740299 0.169161
vt 0.748247 0.173351
vt 0.745429 0.176868
vt 0.737745 0.175514
vt 0.753058 0.181411
vt 0.751087 0.176696
vt 0.758960 0.171694
vt 0.761934 0.179094
vt 0.747090 0.160575
vt 0.755541 0.167259
vt 0.749088 0.182174
vt 0.747713 0.179022
vt 0.737487 0.180664
vt 0.745071 0.180106
vt 0.746436 0.183279
vt 0.739969 0.188173
vt 0.743882 0.192032
vt 0.749007 0.185410
vt 0.753529 0.185764
vt 0.750443 0.195573
vt 0.633563 0.251412
vt 0.627792 0.245898
vt 0.632703 0.236370
vt 0.643466 0.242513
vt 0.627986 0.270527
vt 0.634402 0.265104
vt 0.643300 0.274266
vt 0.632474 0.280466
vt 0.762911 0.184502
vt 0.762911 0.196706
vt 0.692206 0.268408
vt 0.680154 0.268408
vt 0.680154 0.259650
vt 0.692206 0.259650
vt 0.636700 0.260272
vt 0.651196 0.267071
vt 0.652180 0.268059
vt 0.649129 0.270081
vt 0.636191 0.256021
vt 0.650568 0.247040
vt 0.653924 0.248846
vt 0.652261 0.250148
vt 0.673947 0.253732
vt 0.661099 0.251770
vt 0.664418 0.244155
vt 0.675364 0.246793
vt 0.656299 0.276198
vt 0.654391 0.276478
vt 0.716599 0.197784
vt 0.722909 0.205598
vt 0.721268 0.206424
vt 0.714667 0.205480
vt 0.706761 0.203542
vt 0.645617 0.260323
vt 0.659277 0.264778
vt 0.673281 0.264487
vt 0.674561 0.273659
vt 0.662993 0.275102
vt 0.715171 0.211455
vt 0.706879 0.215589
vt 0.647116 0.235898
vt 0.635178 0.231210
vt 0.636443 0.227370
vt 0.649063 0.230863
vt 0.721623 0.208975
vt 0.725033 0.209620
vt 0.718095 0.218883
vt 0.646357 0.278732
vt 0.634645 0.284335
vt 0.692207 0.259650
vt 0.700827 0.259650
vt 0.702337 0.260068
vt 0.703443 0.261212
vt 0.703849 0.262777
vt 0.703848 0.268576
vt 0.703443 0.270140
vt 0.702337 0.271284
vt 0.700827 0.271703
vt 0.692207 0.271703
vt 0.722799 0.222642
vt 0.731264 0.213644
vt 0.736502 0.220380
vt 0.725413 0.225823
vt 0.673492 0.257428
vt 0.659009 0.256107
vt 0.654410 0.239701
vt 0.658128 0.241595
vt 0.660823 0.234579
vt 0.657208 0.233461
vt 0.657056 0.223632
vt 0.661663 0.224121
vt 0.666927 0.236193
vt 0.677585 0.238395
vt 0.637496 0.221434
vt 0.649824 0.222869
vt 0.679621 0.225649
vt 0.667995 0.224673
vt 0.668646 0.213639
vt 0.680154 0.213044
vt 0.637611 0.214826
vt 0.650493 0.214115
vt 0.737456 0.232253
vt 0.725105 0.232055
vt 0.724504 0.238998
vt 0.735994 0.243536
vt 0.726935 0.254352
vt 0.719058 0.244835
vt 0.636231 0.207137
vt 0.648862 0.204184
vt 0.658283 0.213971
vt 0.662465 0.213873
vt 0.677552 0.197096
vt 0.666174 0.200316
vt 0.661097 0.188331
vt 0.671464 0.182531
vt 0.655939 0.202701
vt 0.660292 0.201762
vt 0.633738 0.199642
vt 0.645956 0.195676
vt 0.641631 0.185802
vt 0.629559 0.188749
vt 0.627792 0.177860
vt 0.638524 0.178562
vt 0.714232 0.259483
vt 0.711907 0.247350
vt 0.651935 0.193106
vt 0.655990 0.191025
vt 0.701652 0.247421
vt 0.699901 0.259650
vt 0.685414 0.255541
vt 0.692852 0.245678
vt 0.646579 0.183250
vt 0.649927 0.180955
vt 0.653892 0.177749
vt 0.661565 0.169225
vt 0.643753 0.173939
vt 0.642351 0.175888
vt 0.640557 0.173967
vt 0.641724 0.172640
vt 0.645497 0.170402
vt 0.645864 0.160575
vt 0.628880 0.172690
vt 0.637534 0.175358
vt 0.681740 0.252770
vt 0.680445 0.251112
vt 0.680154 0.249030
vt 0.680942 0.247080
vt 0.683488 0.243705
vt 0.685145 0.242411
vt 0.687228 0.242119
vt 0.689178 0.242907
vt 0.642743 0.169752
vt 0.640468 0.161160
vt 0.638482 0.172181
vt 0.631541 0.167188
vt 0.635024 0.163972
vt 0.639755 0.170761
vt 0.648278 0.285237
vt 0.636590 0.288943
vt 0.675995 0.283266
vt 0.664647 0.284384
vt 0.720373 0.195547
vt 0.729683 0.199316
vt 0.658591 0.262245
vt 0.673269 0.262331
vt 0.732751 0.190532
vt 0.721999 0.190461
vt 0.722043 0.183708
vt 0.732796 0.183779
vt 0.658196 0.284602
vt 0.655948 0.284598
vt 0.649581 0.293224
vt 0.638046 0.294887
vt 0.638545 0.300044
vt 0.650345 0.299801
vt 0.649157 0.308506
vt 0.638090 0.306561
vt 0.676654 0.290386
vt 0.665133 0.290895
vt 0.658824 0.291642
vt 0.656628 0.292014
vt 0.665544 0.300612
vt 0.676707 0.301836
vt 0.673398 0.316610
vt 0.662941 0.312596
vt 0.659562 0.300164
vt 0.657792 0.300069
vt 0.721512 0.178073
vt 0.731229 0.173468
vt 0.721913 0.163415
vt 0.716235 0.172546
vt 0.708923 0.171321
vt 0.708572 0.160575
vt 0.657525 0.310831
vt 0.655792 0.310318
vt 0.646250 0.315640
vt 0.636464 0.312705
vt 0.657192 0.322955
vt 0.666327 0.329742
vt 0.658835 0.337893
vt 0.652314 0.329137
vt 0.642486 0.323399
vt 0.633457 0.321098
vt 0.652834 0.319753
vt 0.651205 0.318560
vt 0.647098 0.325581
vt 0.648604 0.326405
vt 0.643932 0.331041
vt 0.642862 0.329914
vt 0.699095 0.171642
vt 0.698744 0.160895
vt 0.639872 0.327909
vt 0.631973 0.327553
vt 0.645783 0.334098
vt 0.645966 0.343332
vt 0.639929 0.341645
vt 0.642660 0.335085
vt 0.692730 0.174691
vt 0.687412 0.165345
vt 0.638813 0.331085
vt 0.632357 0.333147
vt 0.687526 0.177652
vt 0.685490 0.178184
vt 0.683460 0.177626
vt 0.681982 0.176129
vt 0.680685 0.173850
vt 0.680154 0.171814
vt 0.680711 0.169785
vt 0.682209 0.168306
vt 0.641795 0.332728
vt 0.641100 0.331980
vt 0.646021 0.256129
vt 0.634455 0.337408
vt 0.639629 0.333483
vt 0.640269 0.334146
vt 0.635816 0.339028
vt 0.746380 0.177451
vt 0.745922 0.178307
vt 0.745044 0.177964
vt 0.747134 0.178177
vt 0.746409 0.178728
vt 0.746864 0.179471
vt 0.746002 0.179830
vt 0.745840 0.178963
vt 0.744936 0.179045
vt 0.749280 0.183203
vt 0.748357 0.183332
vt 0.748146 0.182472
vt 0.749266 0.184278
vt 0.748310 0.183987
vt 0.747919 0.184869
vt 0.747064 0.184157
vt 0.747778 0.183572
vt 0.747279 0.182835
vt 0.658240 0.258516
vt 0.654569 0.257778
vt 0.656230 0.254579
vt 0.658160 0.259754
vt 0.654331 0.259930
vt 0.655586 0.263362
vt 0.653126 0.265167
vt 0.650419 0.260110
vt 0.650732 0.257031
vt 0.653986 0.252398
vt 0.719985 0.207430
vt 0.720114 0.208361
vt 0.637606 0.174114
vt 0.638569 0.174118
vt 0.638717 0.175118
vt 0.637927 0.173060
vt 0.638730 0.173456
vt 0.639202 0.172733
vt 0.639880 0.173314
vt 0.639203 0.173864
vt 0.639721 0.174634
vt 0.642571 0.170838
vt 0.641642 0.170751
vt 0.641608 0.169841
vt 0.642226 0.171798
vt 0.641479 0.171359
vt 0.641013 0.172069
vt 0.640373 0.171458
vt 0.641052 0.170943
vt 0.640620 0.170187
vt 0.639722 0.331228
vt 0.639659 0.331989
vt 0.638913 0.332046
vt 0.640471 0.331535
vt 0.640113 0.332144
vt 0.640624 0.332529
vt 0.640147 0.333017
vt 0.639780 0.332480
vt 0.639203 0.332844
vt 0.641680 0.334955
vt 0.641763 0.334196
vt 0.642531 0.334149
vt 0.640885 0.334612
vt 0.641261 0.334051
vt 0.640744 0.333655
vt 0.641240 0.333192
vt 0.641613 0.333717
vt 0.642229 0.333373
vt 0.737561 0.177231
vt 0.737456 0.178942
vt 0.742490 0.190834
vt 0.741203 0.189539
vt 0.753313 0.182822
vt 0.753459 0.184265
vt 0.750232 0.175529
vt 0.749285 0.174429
vt 0.756701 0.168683
vt 0.757846 0.170157
vt 0.762626 0.182713
vt 0.762308 0.180909
vt 0.647193 0.271429
vt 0.636232 0.262077
vt 0.645245 0.272808
vt 0.635490 0.263728
vt 0.635478 0.254322
vt 0.647997 0.245502
vt 0.634620 0.252780
vt 0.645606 0.244009
vt 0.673391 0.259302
vt 0.673339 0.260449
vt 0.654412 0.266753
vt 0.656781 0.265638
vt 0.658827 0.250835
vt 0.656438 0.249918
vt 0.649475 0.237063
vt 0.651922 0.238364
vt 0.662411 0.243422
vt 0.660328 0.242584
vt 0.654521 0.232521
vt 0.651735 0.231603
vt 0.665010 0.235768
vt 0.662992 0.235232
vt 0.654668 0.223363
vt 0.652275 0.223101
vt 0.665927 0.224506
vt 0.663831 0.224323
vt 0.653084 0.214029
vt 0.655729 0.213989
vt 0.666678 0.213747
vt 0.664627 0.213824
vt 0.653642 0.203132
vt 0.651264 0.203615
vt 0.664253 0.200839
vt 0.662303 0.201313
vt 0.648040 0.194837
vt 0.650038 0.193975
vt 0.659400 0.189234
vt 0.657707 0.190128
vt 0.651267 0.179933
vt 0.652577 0.178871
vt 0.645050 0.184156
vt 0.643407 0.185012
vt 0.641298 0.176930
vt 0.640023 0.177839
vt 0.644941 0.171622
vt 0.644379 0.172793
vt 0.629609 0.170778
vt 0.630517 0.168959
vt 0.636691 0.162863
vt 0.638514 0.161917
vt 0.651681 0.276937
vt 0.648919 0.277681
vt 0.658646 0.275893
vt 0.660859 0.275551
vt 0.662625 0.284557
vt 0.660487 0.284612
vt 0.650720 0.284821
vt 0.653323 0.284638
vt 0.661039 0.291304
vt 0.663131 0.291051
vt 0.651898 0.292860
vt 0.654246 0.292445
vt 0.661696 0.300306
vt 0.663679 0.300457
vt 0.652742 0.299850
vt 0.655281 0.299943
vt 0.661204 0.311998
vt 0.659418 0.311419
vt 0.651353 0.309094
vt 0.653594 0.309703
vt 0.654306 0.320885
vt 0.655744 0.321957
vt 0.647968 0.316478
vt 0.649608 0.317465
vt 0.651185 0.328118
vt 0.649947 0.327221
vt 0.643997 0.324155
vt 0.645558 0.324865
vt 0.642006 0.329167
vt 0.641014 0.328495
vt 0.644589 0.331975
vt 0.645185 0.332981
vt 0.633597 0.336055
vt 0.632903 0.334626
vt 0.638480 0.340877
vt 0.637101 0.340029
vt 0.683281 0.276878
vt 0.681717 0.276459
vt 0.680573 0.275314
vt 0.680154 0.273751
vt 0.692206 0.273751
vt 0.691787 0.275314
vt 0.690643 0.276459
vt 0.689080 0.276878
vt 0.679535 0.111317
vt 0.684214 0.105059
vt 0.689289 0.108289
vt 0.695006 0.123578
vt 0.688910 0.121211
vt 0.682187 0.122109
vt 0.677290 0.125696
vt 0.661650 0.140270
vt 0.668317 0.132705
vt 0.670190 0.134015
vt 0.665004 0.142951
vt 0.652636 0.122330
vt 0.667083 0.114635
vt 0.665602 0.128391
vt 0.656690 0.134536
vt 0.672774 0.130547
vt 0.670793 0.129096
vt 0.681904 0.132329
vt 0.682108 0.147484
vt 0.672258 0.146025
vt 0.675163 0.135092
vt 0.720789 0.105856
vt 0.702218 0.106953
vt 0.709874 0.087888
vt 0.723591 0.091061
vt 0.714717 0.068614
vt 0.729385 0.069455
vt 0.644282 0.110706
vt 0.655570 0.102493
vt 0.776787 0.096694
vt 0.784247 0.091447
vt 0.790468 0.092530
vt 0.797479 0.102499
vt 0.798274 0.104670
vt 0.797878 0.106946
vt 0.796396 0.108720
vt 0.792587 0.111399
vt 0.790417 0.112194
vt 0.788140 0.111797
vt 0.786366 0.110315
vt 0.691601 0.147378
vt 0.691357 0.131730
vt 0.704367 0.135629
vt 0.709305 0.147202
vt 0.702034 0.085042
vt 0.698171 0.083260
vt 0.703366 0.065925
vt 0.707178 0.066962
vt 0.769591 0.086463
vt 0.765532 0.104608
vt 0.758337 0.094378
vt 0.661409 0.096954
vt 0.664970 0.092858
vt 0.707989 0.127658
vt 0.705906 0.130295
vt 0.748378 0.116673
vt 0.741383 0.121593
vt 0.739210 0.122390
vt 0.736924 0.122000
vt 0.735138 0.120526
vt 0.732610 0.116983
vt 0.733815 0.110999
vt 0.741183 0.106442
vt 0.691683 0.079792
vt 0.684391 0.074757
vt 0.688975 0.065769
vt 0.696811 0.064430
vt 0.751923 0.114180
vt 0.744728 0.103950
vt 0.715238 0.063703
vt 0.729783 0.063239
vt 0.664951 0.072729
vt 0.658710 0.078483
vt 0.650128 0.060741
vt 0.658094 0.064992
vt 0.780704 0.078648
vt 0.762873 0.076910
vt 0.773986 0.069095
vt 0.791552 0.086309
vt 0.785331 0.085226
vt 0.790138 0.072013
vt 0.792309 0.071218
vt 0.794585 0.071614
vt 0.796359 0.073096
vt 0.798417 0.076023
vt 0.799212 0.078193
vt 0.798815 0.080470
vt 0.797333 0.082243
vt 0.681350 0.092396
vt 0.679919 0.080937
vt 0.644816 0.088973
vt 0.633708 0.095740
vt 0.622442 0.070338
vt 0.634516 0.068262
vt 0.754314 0.064740
vt 0.765427 0.056925
vt 0.650570 0.084958
vt 0.654075 0.082287
vt 0.642351 0.059912
vt 0.639276 0.057061
vt 0.639920 0.056280
vt 0.640133 0.065543
vt 0.643787 0.062748
vt 0.656832 0.057258
vt 0.660588 0.064685
vt 0.740877 0.045635
vt 0.751990 0.037819
vt 0.627789 0.047876
vt 0.629741 0.045582
vt 0.636803 0.052406
vt 0.635488 0.054017
vt 0.668953 0.087016
vt 0.673181 0.078293
vt 0.736149 0.033313
vt 0.740975 0.029919
vt 0.743145 0.029124
vt 0.745422 0.029520
vt 0.747196 0.031002
vt 0.689504 0.062882
vt 0.696895 0.059743
vt 0.717027 0.142529
vt 0.709599 0.133373
vt 0.711748 0.130792
vt 0.721929 0.137510
vt 0.635622 0.040360
vt 0.646815 0.034735
vt 0.650920 0.045034
vt 0.641703 0.048588
vt 0.633299 0.057119
vt 0.624306 0.053511
vt 0.741219 0.055350
vt 0.729783 0.053261
vt 0.730208 0.041837
vt 0.733883 0.040135
vt 0.646816 0.052829
vt 0.653337 0.050514
vt 0.654386 0.052462
vt 0.648670 0.054331
vt 0.706948 0.054929
vt 0.703504 0.050745
vt 0.710173 0.055304
vt 0.686398 0.063009
vt 0.690404 0.056836
vt 0.622520 0.060202
vt 0.632319 0.061748
vt 0.733720 0.035021
vt 0.642926 0.061116
vt 0.643458 0.062164
vt 0.636620 0.059894
vt 0.715808 0.055611
vt 0.726975 0.050550
vt 0.659522 0.031240
vt 0.661823 0.042301
vt 0.666697 0.064218
vt 0.665636 0.055384
vt 0.676894 0.054929
vt 0.676172 0.063576
vt 0.741235 0.067889
vt 0.729800 0.065799
vt 0.663523 0.048048
vt 0.664256 0.050136
vt 0.741312 0.082830
vt 0.729876 0.080740
vt 0.676138 0.047058
vt 0.676500 0.049330
vt 0.674922 0.029124
vt 0.675405 0.040916
vt 0.691297 0.048568
vt 0.691222 0.051143
vt 0.694435 0.029124
vt 0.691685 0.041908
vt 0.709022 0.033064
vt 0.703202 0.043859
vt 0.741219 0.099846
vt 0.729783 0.097757
vt 0.713353 0.050435
vt 0.710594 0.047898
vt 0.718177 0.039001
vt 0.722416 0.043181
vt 0.708320 0.062503
vt 0.729950 0.108883
vt 0.790070 0.088083
vt 0.789673 0.090360
vt 0.688152 0.131502
vt 0.688201 0.128071
vt 0.692045 0.128829
vt 0.684945 0.131715
vt 0.684381 0.128426
vt 0.680929 0.129775
vt 0.679286 0.127552
vt 0.683582 0.125496
vt 0.688354 0.124935
vt 0.693341 0.126102
vt 0.673871 0.131782
vt 0.672712 0.132678
vt 0.671776 0.131707
vt 0.674662 0.133277
vt 0.673142 0.133594
vt 0.673242 0.135090
vt 0.671602 0.134715
vt 0.672127 0.133429
vt 0.670944 0.132835
vt 0.667490 0.128187
vt 0.667732 0.129737
vt 0.666282 0.130182
vt 0.669198 0.128430
vt 0.668738 0.129845
vt 0.669994 0.130417
vt 0.669188 0.131597
vt 0.668201 0.130663
vt 0.667194 0.131611
vt 0.645633 0.060656
vt 0.645693 0.061273
vt 0.645392 0.059868
vt 0.644980 0.059118
vt 0.647346 0.056902
vt 0.647230 0.058212
vt 0.648583 0.056720
vt 0.648930 0.059070
vt 0.647386 0.059427
vt 0.647997 0.060546
vt 0.713334 0.125035
vt 0.713226 0.127313
vt 0.711479 0.127354
vt 0.711181 0.125567
vt 0.712677 0.129208
vt 0.711226 0.128519
vt 0.710459 0.129845
vt 0.709237 0.128816
vt 0.710400 0.127803
vt 0.709445 0.126443
vt 0.704544 0.133590
vt 0.706235 0.133599
vt 0.706445 0.135242
vt 0.705060 0.131845
vt 0.706483 0.132514
vt 0.707243 0.131236
vt 0.708446 0.132242
vt 0.707297 0.133185
vt 0.708173 0.134480
vt 0.635338 0.060791
vt 0.634579 0.059653
vt 0.635600 0.058793
vt 0.633915 0.061416
vt 0.633709 0.060018
vt 0.632319 0.060056
vt 0.632663 0.058513
vt 0.633863 0.059053
vt 0.634498 0.057884
vt 0.730712 0.039310
vt 0.731922 0.036868
vt 0.643442 0.049884
vt 0.641159 0.051026
vt 0.639885 0.049699
vt 0.645200 0.051266
vt 0.642401 0.052294
vt 0.643937 0.053860
vt 0.641483 0.055089
vt 0.640322 0.053516
vt 0.638795 0.054981
vt 0.637782 0.053699
vt 0.639314 0.052279
vt 0.638160 0.051044
vt 0.731305 0.114567
vt 0.730331 0.111603
vt 0.703306 0.048499
vt 0.705400 0.048296
vt 0.706070 0.049708
vt 0.703168 0.046215
vt 0.705275 0.046899
vt 0.705810 0.044961
vt 0.708485 0.046427
vt 0.706941 0.047707
vt 0.708465 0.048784
vt 0.714499 0.051930
vt 0.713275 0.052976
vt 0.712151 0.051761
vt 0.715318 0.053611
vt 0.713769 0.054099
vt 0.713863 0.055830
vt 0.712052 0.055732
vt 0.712613 0.054029
vt 0.711086 0.053338
vt 0.688427 0.147407
vt 0.685260 0.147444
vt 0.659879 0.138466
vt 0.658208 0.136575
vt 0.669736 0.145172
vt 0.667332 0.144121
vt 0.670731 0.113489
vt 0.674997 0.112359
vt 0.693680 0.080925
vt 0.682188 0.095950
vt 0.695814 0.082063
vt 0.683160 0.100263
vt 0.698256 0.107260
vt 0.707227 0.087016
vt 0.693837 0.107718
vt 0.704645 0.086086
vt 0.709659 0.067588
vt 0.712156 0.068121
vt 0.698875 0.064765
vt 0.701023 0.065266
vt 0.659502 0.098896
vt 0.657576 0.100717
vt 0.667784 0.088898
vt 0.666474 0.090825
vt 0.648698 0.086320
vt 0.646779 0.087660
vt 0.657283 0.079686
vt 0.655742 0.080954
vt 0.636420 0.067431
vt 0.638286 0.066542
vt 0.723399 0.134784
vt 0.724702 0.132001
vt 0.725758 0.129099
vt 0.714578 0.144258
vt 0.712026 0.145847
vt 0.637988 0.055997
vt 0.636748 0.054999
vt 0.623002 0.057941
vt 0.623573 0.055711
vt 0.631546 0.043749
vt 0.633600 0.041944
vt 0.699888 0.057824
vt 0.703793 0.055356
vt 0.712923 0.063458
vt 0.710617 0.063040
vt 0.655319 0.054144
vt 0.656154 0.055733
vt 0.652436 0.048729
vt 0.651615 0.046908
vt 0.664859 0.051944
vt 0.665338 0.053692
vt 0.662865 0.046186
vt 0.662273 0.044275
vt 0.676770 0.051279
vt 0.676919 0.053146
vt 0.675803 0.045051
vt 0.675532 0.043004
vt 0.691140 0.053221
vt 0.690901 0.055088
vt 0.691312 0.046369
vt 0.691414 0.044149
vt 0.712021 0.034761
vt 0.715408 0.036890
vt 0.725648 0.047964
vt 0.724123 0.045499
vt 0.605696 0.807209
vt 0.591757 0.796018
vt 0.595544 0.791292
vt 0.610454 0.801913
vt 0.685867 0.718942
vt 0.688194 0.709052
vt 0.689889 0.705894
vt 0.692937 0.704007
vt 0.696519 0.703897
vt 0.709398 0.706926
vt 0.707071 0.716817
vt 0.698746 0.721972
vt 0.758283 0.718425
vt 0.761440 0.720121
vt 0.763327 0.723168
vt 0.763437 0.726751
vt 0.762697 0.729901
vt 0.761001 0.733059
vt 0.757953 0.734946
vt 0.754371 0.735056
vt 0.712226 0.725143
vt 0.704818 0.762805
vt 0.710170 0.765904
vt 0.706775 0.781749
vt 0.692660 0.778084
vt 0.694451 0.770470
vt 0.733052 0.773176
vt 0.719541 0.786078
vt 0.630702 0.791315
vt 0.637047 0.801770
vt 0.634723 0.806356
vt 0.626534 0.812260
vt 0.618038 0.811190
vt 0.623337 0.805500
vt 0.626764 0.798761
vt 0.657450 0.757455
vt 0.672789 0.756212
vt 0.672589 0.767493
vt 0.655588 0.765837
vt 0.645951 0.804632
vt 0.659242 0.812516
vt 0.655357 0.818212
vt 0.643258 0.809395
vt 0.641410 0.747315
vt 0.635003 0.743785
vt 0.615265 0.711570
vt 0.617230 0.710480
vt 0.586576 0.822940
vt 0.574894 0.812009
vt 0.575071 0.837061
vt 0.561393 0.827694
vt 0.567359 0.851644
vt 0.551714 0.844763
vt 0.562644 0.869268
vt 0.545168 0.864967
vt 0.558888 0.886516
vt 0.541391 0.884919
vt 0.560063 0.906402
vt 0.541833 0.908583
vt 0.564592 0.927996
vt 0.547524 0.934266
vt 0.574068 0.946361
vt 0.560030 0.957529
vt 0.581617 0.956852
vt 0.573868 0.970585
vt 0.587896 0.961298
vt 0.587862 0.974773
vt 0.649169 0.740731
vt 0.665062 0.730763
vt 0.670832 0.745428
vt 0.655928 0.749481
vt 0.746861 0.786925
vt 0.731929 0.797083
vt 0.752341 0.803879
vt 0.733849 0.806486
vt 0.748332 0.822389
vt 0.730837 0.817828
vt 0.742159 0.839323
vt 0.728126 0.828414
vt 0.725659 0.851162
vt 0.714441 0.838051
vt 0.704238 0.857514
vt 0.702739 0.840779
vt 0.683061 0.852078
vt 0.686782 0.835759
vt 0.668256 0.847711
vt 0.675468 0.832605
vt 0.624830 0.749306
vt 0.605404 0.751126
vt 0.589211 0.700022
vt 0.606676 0.713133
vt 0.608383 0.837833
vt 0.620785 0.849301
vt 0.612064 0.861062
vt 0.596365 0.852432
vt 0.636380 0.816818
vt 0.646817 0.827492
vt 0.640977 0.832540
vt 0.631026 0.820950
vt 0.574404 0.925191
vt 0.577428 0.924492
vt 0.585651 0.940973
vt 0.582488 0.942164
vt 0.685432 0.774878
vt 0.681376 0.772547
vt 0.678029 0.769982
vt 0.676413 0.766086
vt 0.675648 0.759430
vt 0.689296 0.762144
vt 0.586166 0.908132
vt 0.604731 0.905666
vt 0.607479 0.917614
vt 0.588615 0.921917
vt 0.576938 0.856057
vt 0.580338 0.857733
vt 0.577377 0.873062
vt 0.573275 0.871993
vt 0.629928 0.841026
vt 0.619431 0.828720
vt 0.637658 0.766481
vt 0.645991 0.762441
vt 0.608386 0.869170
vt 0.591711 0.862793
vt 0.638740 0.758456
vt 0.637760 0.750863
vt 0.650013 0.754838
vt 0.589356 0.950836
vt 0.587223 0.952089
vt 0.612958 0.936116
vt 0.594557 0.938326
vt 0.572469 0.887387
vt 0.569734 0.887220
vt 0.605310 0.879747
vt 0.588522 0.875852
vt 0.612233 0.816594
vt 0.613435 0.819430
vt 0.598396 0.830878
vt 0.595429 0.829153
vt 0.592710 0.956677
vt 0.591281 0.957335
vt 0.613876 0.950806
vt 0.596789 0.948355
vt 0.573818 0.907237
vt 0.571195 0.906843
vt 0.611808 0.705400
vt 0.601478 0.688192
vt 0.606012 0.685915
vt 0.613947 0.704235
vt 0.703900 0.730297
vt 0.698691 0.753264
vt 0.603772 0.889776
vt 0.585498 0.888269
vt 0.585795 0.844849
vt 0.583849 0.843380
vt 0.594797 0.960534
vt 0.601029 0.971053
vt 0.598633 0.972286
vt 0.593613 0.961144
vt 0.608114 0.964319
vt 0.597954 0.956439
vt 0.658384 0.841268
vt 0.655885 0.838538
vt 0.654854 0.834866
vt 0.655569 0.831235
vt 0.656814 0.828626
vt 0.659083 0.826009
vt 0.662297 0.825107
vt 0.665596 0.826162
vt 0.622922 0.704194
vt 0.622906 0.682277
vt 0.708643 0.725253
vt 0.705596 0.727140
vt 0.700522 0.757287
vt 0.701952 0.760618
vt 0.617938 0.790103
vt 0.622112 0.791215
vt 0.619088 0.796726
vt 0.615276 0.794800
vt 0.616859 0.800970
vt 0.613101 0.798505
vt 0.613427 0.804841
vt 0.620053 0.803073
vt 0.615900 0.808024
vt 0.622616 0.797849
vt 0.626475 0.791460
vt 0.625460 0.762440
vt 0.625757 0.757981
vt 0.630381 0.758012
vt 0.629590 0.763361
vt 0.634432 0.758069
vt 0.633662 0.764833
vt 0.633727 0.752080
vt 0.631820 0.746041
vt 0.629983 0.752908
vt 0.628476 0.748017
vt 0.625531 0.753536
vt 0.656974 0.752078
vt 0.654772 0.753002
vt 0.653625 0.750913
vt 0.653566 0.754113
vt 0.651672 0.752693
vt 0.652368 0.756166
vt 0.655125 0.754660
vt 0.654842 0.757018
vt 0.657465 0.754735
vt 0.634840 0.813889
vt 0.637485 0.811900
vt 0.639197 0.814326
vt 0.639081 0.810440
vt 0.641426 0.811992
vt 0.640487 0.808013
vt 0.637190 0.809879
vt 0.638004 0.807168
vt 0.634298 0.810095
vt 0.591963 0.961634
vt 0.591562 0.960207
vt 0.592882 0.959822
vt 0.591048 0.959300
vt 0.592135 0.958598
vt 0.590038 0.958293
vt 0.590406 0.960137
vt 0.588905 0.959561
vt 0.590006 0.961741
vt 0.594086 0.959260
vt 0.595156 0.958526
vt 0.596039 0.959647
vt 0.595681 0.957705
vt 0.597103 0.958374
vt 0.595896 0.956167
vt 0.594673 0.957650
vt 0.594220 0.956272
vt 0.593405 0.958015
vt 0.613106 0.707468
vt 0.611373 0.708897
vt 0.609633 0.707138
vt 0.610450 0.710424
vt 0.607805 0.709652
vt 0.610135 0.713116
vt 0.612184 0.710290
vt 0.612898 0.712538
vt 0.614220 0.709474
vt 0.616535 0.703397
vt 0.617112 0.705723
vt 0.614959 0.706422
vt 0.617822 0.707183
vt 0.616030 0.708450
vt 0.619314 0.708978
vt 0.618858 0.705859
vt 0.621230 0.706956
vt 0.619577 0.703268
vt 0.643084 0.803557
vt 0.652378 0.764917
vt 0.640161 0.802599
vt 0.649207 0.763775
vt 0.646604 0.742776
vt 0.644014 0.744944
vt 0.629313 0.818255
vt 0.627816 0.815358
vt 0.615356 0.822685
vt 0.617337 0.825787
vt 0.610345 0.813361
vt 0.608202 0.810160
vt 0.602019 0.832996
vt 0.605420 0.835278
vt 0.592133 0.827197
vt 0.589186 0.825178
vt 0.589326 0.847548
vt 0.592909 0.850163
vt 0.580726 0.841042
vt 0.577811 0.838939
vt 0.584026 0.859562
vt 0.587843 0.861306
vt 0.573590 0.854431
vt 0.570443 0.852965
vt 0.581068 0.874007
vt 0.584758 0.874933
vt 0.569651 0.871039
vt 0.566131 0.870131
vt 0.576829 0.887606
vt 0.581261 0.887889
vt 0.565888 0.886990
vt 0.562303 0.886760
vt 0.577961 0.907887
vt 0.582102 0.908277
vt 0.567353 0.906362
vt 0.563649 0.906176
vt 0.581006 0.923729
vt 0.584770 0.922883
vt 0.571086 0.926027
vt 0.567844 0.926944
vt 0.588468 0.940055
vt 0.591415 0.939191
vt 0.579707 0.943361
vt 0.576907 0.944748
vt 0.591584 0.949811
vt 0.594071 0.948968
vt 0.585287 0.953478
vt 0.583441 0.955053
vt 0.611453 0.684047
vt 0.617091 0.682951
vt 0.671629 0.748992
vt 0.672306 0.752571
vt 0.652729 0.821391
vt 0.649998 0.824356
vt 0.599602 0.785290
vt 0.601752 0.781577
vt 0.597605 0.788307
vt 0.591553 0.974310
vt 0.595233 0.973535
vt 0.606008 0.966841
vt 0.603723 0.969040
vt 0.605761 0.754920
vt 0.606034 0.758689
vt 0.606162 0.762437
vt 0.592905 0.695731
vt 0.596908 0.691705
vt 0.550514 0.446731
vt 0.554786 0.441323
vt 0.570323 0.450315
vt 0.566251 0.455660
vt 0.539551 0.468196
vt 0.545284 0.454175
vt 0.560978 0.462988
vt 0.552488 0.474961
vt 0.565943 0.466349
vt 0.556514 0.477981
vt 0.564775 0.421742
vt 0.559048 0.434749
vt 0.543043 0.429099
vt 0.545866 0.415231
vt 0.692416 0.431402
vt 0.675765 0.435009
vt 0.673480 0.420141
vt 0.688962 0.413716
vt 0.579111 0.456293
vt 0.582690 0.466344
vt 0.673136 0.444473
vt 0.689389 0.448571
vt 0.675390 0.462661
vt 0.668010 0.449813
vt 0.537463 0.442286
vt 0.540587 0.435853
vt 0.524037 0.428514
vt 0.522635 0.414137
vt 0.525519 0.448581
vt 0.521963 0.463570
vt 0.510022 0.461116
vt 0.514554 0.446592
vt 0.534031 0.450154
vt 0.529911 0.465260
vt 0.525553 0.441065
vt 0.524784 0.435266
vt 0.511641 0.430404
vt 0.506659 0.417585
vt 0.494874 0.424290
vt 0.503014 0.432806
vt 0.498739 0.435511
vt 0.489543 0.431966
vt 0.514116 0.439623
vt 0.513338 0.436525
vt 0.663211 0.469003
vt 0.659789 0.456447
vt 0.504791 0.445164
vt 0.496896 0.455903
vt 0.490667 0.448507
vt 0.499677 0.443519
vt 0.652867 0.473435
vt 0.649446 0.460879
vt 0.505178 0.439801
vt 0.504715 0.437479
vt 0.645200 0.475524
vt 0.642683 0.475535
vt 0.640498 0.474286
vt 0.639230 0.472111
vt 0.638365 0.468939
vt 0.638355 0.466422
vt 0.639604 0.464236
vt 0.641779 0.462968
vt 0.500713 0.439999
vt 0.500541 0.438502
vt 0.488173 0.438712
vt 0.497549 0.438942
vt 0.497712 0.440328
vt 0.488333 0.441920
vt 0.583722 0.449362
vt 0.591527 0.437111
vt 0.603691 0.444992
vt 0.595538 0.457175
vt 0.583526 0.605501
vt 0.586731 0.604695
vt 0.590401 0.616522
vt 0.587231 0.617493
vt 0.582389 0.431383
vt 0.575062 0.443668
vt 0.685179 0.404600
vt 0.674189 0.409161
vt 0.667833 0.406533
vt 0.666471 0.403252
vt 0.669099 0.396897
vt 0.680089 0.392336
vt 0.610826 0.467430
vt 0.619868 0.456198
vt 0.633418 0.468390
vt 0.622844 0.477860
vt 0.570031 0.601521
vt 0.569062 0.599493
vt 0.584724 0.595200
vt 0.585279 0.598236
vt 0.661233 0.402263
vt 0.666500 0.414690
vt 0.664149 0.417385
vt 0.654938 0.408795
vt 0.590994 0.464082
vt 0.584486 0.468202
vt 0.603491 0.479795
vt 0.606594 0.474187
vt 0.618075 0.483822
vt 0.614692 0.488838
vt 0.572266 0.578572
vt 0.579321 0.577009
vt 0.583003 0.588235
vt 0.574309 0.590720
vt 0.662743 0.394269
vt 0.657798 0.382353
vt 0.673280 0.375928
vt 0.598289 0.505770
vt 0.609144 0.496140
vt 0.616387 0.505842
vt 0.604026 0.513191
vt 0.589810 0.498123
vt 0.598965 0.487133
vt 0.647287 0.487641
vt 0.634854 0.494143
vt 0.650422 0.373195
vt 0.663710 0.362976
vt 0.645062 0.353554
vt 0.641238 0.368872
vt 0.630134 0.370536
vt 0.625145 0.356115
vt 0.655144 0.508759
vt 0.641555 0.512139
vt 0.628663 0.497958
vt 0.623845 0.501098
vt 0.608169 0.522165
vt 0.621316 0.518127
vt 0.623703 0.530100
vt 0.610007 0.531123
vt 0.634659 0.514108
vt 0.629285 0.515683
vt 0.657754 0.527826
vt 0.644237 0.528045
vt 0.642400 0.546271
vt 0.655276 0.549263
vt 0.648845 0.567598
vt 0.636692 0.562357
vt 0.621203 0.376153
vt 0.610435 0.365341
vt 0.637328 0.528636
vt 0.632125 0.529182
vt 0.602191 0.383650
vt 0.617110 0.386855
vt 0.617640 0.394911
vt 0.604235 0.402202
vt 0.635759 0.545063
vt 0.630290 0.544289
vt 0.622512 0.543057
vt 0.609550 0.540729
vt 0.607839 0.547415
vt 0.620012 0.551440
vt 0.613368 0.565333
vt 0.602622 0.558539
vt 0.630766 0.558674
vt 0.626707 0.555620
vt 0.642196 0.580683
vt 0.630972 0.573923
vt 0.609783 0.415351
vt 0.623325 0.408392
vt 0.628655 0.415420
vt 0.618595 0.426850
vt 0.633506 0.592934
vt 0.624227 0.584525
vt 0.624847 0.570815
vt 0.620391 0.568786
vt 0.635972 0.416687
vt 0.634588 0.431850
vt 0.618940 0.580681
vt 0.615044 0.578170
vt 0.608137 0.573425
vt 0.598213 0.564574
vt 0.620560 0.604094
vt 0.613557 0.593900
vt 0.593810 0.568868
vt 0.601882 0.578695
vt 0.593682 0.583741
vt 0.587653 0.573172
vt 0.609754 0.588814
vt 0.606434 0.584510
vt 0.605546 0.611883
vt 0.601015 0.600873
vt 0.651416 0.428637
vt 0.645039 0.414811
vt 0.598592 0.595092
vt 0.596622 0.590185
vt 0.671561 0.415517
vt 0.579207 0.490310
vt 0.587320 0.479300
vt 0.499623 0.436465
vt 0.498894 0.437266
vt 0.498002 0.436676
vt 0.500203 0.437456
vt 0.499274 0.437837
vt 0.499525 0.438720
vt 0.498554 0.438863
vt 0.498602 0.437928
vt 0.497628 0.437834
vt 0.500667 0.441133
vt 0.499648 0.441001
vt 0.499669 0.440064
vt 0.500349 0.442307
vt 0.499408 0.441691
vt 0.498655 0.442497
vt 0.498016 0.441419
vt 0.498948 0.441086
vt 0.498692 0.440172
vt 0.670201 0.413762
vt 0.668348 0.413459
vt 0.581616 0.606221
vt 0.578802 0.604875
vt 0.578956 0.604243
vt 0.569024 0.469758
vt 0.567907 0.468046
vt 0.571627 0.467228
vt 0.571903 0.467927
vt 0.571413 0.466345
vt 0.577350 0.466538
vt 0.574619 0.467156
vt 0.577778 0.466772
vt 0.574166 0.602872
vt 0.576364 0.604156
vt 0.661233 0.402263
vt 0.662670 0.399910
vt 0.663223 0.396984
vt 0.572410 0.593720
vt 0.570889 0.593666
vt 0.571662 0.591147
vt 0.570528 0.596773
vt 0.570021 0.595271
vt 0.569124 0.596487
vt 0.568138 0.593489
vt 0.569496 0.593603
vt 0.566380 0.591196
vt 0.568840 0.591239
vt 0.556449 0.439124
vt 0.572080 0.448014
vt 0.557891 0.436942
vt 0.573672 0.445808
vt 0.564316 0.458156
vt 0.548505 0.449135
vt 0.562535 0.460602
vt 0.546691 0.451608
vt 0.534949 0.447366
vt 0.536152 0.444734
vt 0.542452 0.431407
vt 0.541622 0.433642
vt 0.525823 0.445957
vt 0.525789 0.443448
vt 0.524214 0.430848
vt 0.524473 0.433082
vt 0.514753 0.444228
vt 0.514561 0.441886
vt 0.512148 0.432476
vt 0.512734 0.434504
vt 0.505251 0.441529
vt 0.505118 0.443310
vt 0.503704 0.434399
vt 0.504276 0.435943
vt 0.488386 0.436410
vt 0.488854 0.434155
vt 0.489679 0.446374
vt 0.488932 0.444169
vt 0.585264 0.618103
vt 0.559737 0.480709
vt 0.558207 0.479404
vt 0.582278 0.451548
vt 0.580737 0.453862
vt 0.565041 0.579545
vt 0.567387 0.579259
vt 0.569921 0.578925
vt 0.594097 0.459346
vt 0.592577 0.461655
vt 0.607987 0.471738
vt 0.609385 0.469473
vt 0.586486 0.475728
vt 0.600546 0.484903
vt 0.585323 0.471876
vt 0.602038 0.482423
vt 0.619588 0.481617
vt 0.621161 0.479617
vt 0.611109 0.494041
vt 0.612939 0.491537
vt 0.632780 0.495340
vt 0.630730 0.496610
vt 0.618891 0.504359
vt 0.621395 0.502748
vt 0.636980 0.513435
vt 0.639273 0.512778
vt 0.623976 0.517326
vt 0.626670 0.516509
vt 0.641952 0.528179
vt 0.639661 0.528379
vt 0.626515 0.529892
vt 0.629333 0.529583
vt 0.627776 0.543932
vt 0.625178 0.543531
vt 0.637969 0.545412
vt 0.640163 0.545807
vt 0.632700 0.560095
vt 0.634663 0.561347
vt 0.622336 0.552545
vt 0.624563 0.553996
vt 0.629020 0.572855
vt 0.626984 0.571827
vt 0.615614 0.566529
vt 0.617968 0.567669
vt 0.620843 0.581936
vt 0.622601 0.583209
vt 0.610280 0.575139
vt 0.612661 0.576730
vt 0.611050 0.590513
vt 0.612314 0.592199
vt 0.603413 0.580742
vt 0.604947 0.582682
vt 0.600207 0.598945
vt 0.599402 0.597035
vt 0.594776 0.585947
vt 0.595747 0.588106
vt 0.585722 0.600435
vt 0.586198 0.602569
vt 0.583716 0.590533
vt 0.584269 0.592862
vt 0.475336 0.018232
vt 0.475472 0.035982
vt 0.468856 0.037311
vt 0.458817 0.021752
vt 0.514267 0.150325
vt 0.525618 0.159936
vt 0.472020 0.199038
vt 0.478833 0.180942
vt 0.537156 0.123036
vt 0.542725 0.117467
vt 0.556015 0.117467
vt 0.556015 0.131264
vt 0.542725 0.131264
vt 0.539941 0.130518
vt 0.537902 0.128479
vt 0.537156 0.125695
vt 0.516651 0.129192
vt 0.513293 0.136459
vt 0.472582 0.043551
vt 0.477995 0.042851
vt 0.449027 0.030856
vt 0.464172 0.042813
vt 0.502268 0.131989
vt 0.489505 0.137093
vt 0.489832 0.125978
vt 0.501465 0.136190
vt 0.468093 0.168757
vt 0.449255 0.172202
vt 0.455490 0.186810
vt 0.469681 0.176551
vt 0.471158 0.178205
vt 0.458526 0.190578
vt 0.524686 0.133016
vt 0.537156 0.133595
vt 0.536894 0.136499
vt 0.524763 0.135144
vt 0.508652 0.144154
vt 0.475755 0.174017
vt 0.474402 0.172507
vt 0.536492 0.121176
vt 0.522775 0.123266
vt 0.485027 0.039209
vt 0.491779 0.021924
vt 0.607015 0.117467
vt 0.609799 0.118213
vt 0.611838 0.120251
vt 0.612584 0.123036
vt 0.612584 0.125695
vt 0.611837 0.128479
vt 0.609799 0.130518
vt 0.607014 0.131264
vt 0.518228 0.136348
vt 0.522858 0.141494
vt 0.534830 0.145894
vt 0.470023 0.039475
vt 0.468181 0.040162
vt 0.466742 0.038541
vt 0.471260 0.041498
vt 0.469039 0.041518
vt 0.470037 0.043551
vt 0.467326 0.043350
vt 0.467411 0.041119
vt 0.465365 0.039994
vt 0.476814 0.040762
vt 0.479020 0.040279
vt 0.480374 0.042314
vt 0.475929 0.038488
vt 0.478508 0.038615
vt 0.478555 0.036156
vt 0.481894 0.037207
vt 0.480470 0.039385
vt 0.482775 0.041191
vt 0.537462 0.119570
vt 0.538298 0.115673
vt 0.539440 0.112387
vt 0.522277 0.131840
vt 0.521986 0.129701
vt 0.524368 0.130070
vt 0.519613 0.130513
vt 0.520291 0.128803
vt 0.518593 0.127124
vt 0.520585 0.125123
vt 0.521450 0.127575
vt 0.523653 0.126538
vt 0.520577 0.135595
vt 0.521312 0.137453
vt 0.519496 0.138432
vt 0.522711 0.135224
vt 0.522706 0.137135
vt 0.524569 0.137294
vt 0.523946 0.139403
vt 0.522254 0.138477
vt 0.521021 0.140101
vt 0.470683 0.169758
vt 0.470133 0.172006
vt 0.467819 0.171797
vt 0.472732 0.171020
vt 0.471489 0.172638
vt 0.472923 0.173929
vt 0.471398 0.175246
vt 0.470411 0.173529
vt 0.468458 0.174408
vt 0.475629 0.180770
vt 0.475781 0.178358
vt 0.478140 0.178104
vt 0.473065 0.179722
vt 0.474255 0.177954
vt 0.472653 0.176713
vt 0.474154 0.175352
vt 0.475287 0.176939
vt 0.477072 0.175858
vt 0.455007 0.024507
vt 0.452101 0.027312
vt 0.509006 0.133697
vt 0.505220 0.131955
vt 0.536951 0.125138
vt 0.537156 0.129698
vt 0.480867 0.018751
vt 0.486704 0.020125
vt 0.510522 0.146257
vt 0.512386 0.148315
vt 0.536395 0.139637
vt 0.535739 0.142771
vt 0.452802 0.182220
vt 0.450838 0.177324
vt 0.467233 0.196678
vt 0.462683 0.193965
vt 0.504181 0.137367
vt 0.508318 0.137259
vt 0.579486 0.023312
vt 0.581373 0.020772
vt 0.584248 0.018913
vt 0.587338 0.018232
vt 0.595059 0.018232
vt 0.597538 0.018913
vt 0.598740 0.020772
vt 0.598344 0.023312
vt 0.560587 0.249667
vt 0.549848 0.245104
vt 0.554157 0.236445
vt 0.564208 0.242015
vt 0.568744 0.254969
vt 0.566619 0.253367
vt 0.570473 0.245300
vt 0.572699 0.246451
vt 0.487872 0.307825
vt 0.485568 0.308571
vt 0.480469 0.289287
vt 0.482947 0.288511
vt 0.565203 0.264451
vt 0.563376 0.262880
vt 0.577310 0.236912
vt 0.575322 0.235889
vt 0.583059 0.227996
vt 0.583969 0.229139
vt 0.590331 0.263985
vt 0.576261 0.259585
vt 0.580342 0.250211
vt 0.593500 0.255746
vt 0.554323 0.273114
vt 0.541876 0.269835
vt 0.545868 0.255800
vt 0.557172 0.259291
vt 0.562873 0.282746
vt 0.559813 0.284047
vt 0.478648 0.310814
vt 0.467811 0.314458
vt 0.464002 0.301894
vt 0.475267 0.298479
vt 0.491445 0.288145
vt 0.495733 0.271228
vt 0.507428 0.276755
vt 0.501970 0.288174
vt 0.559879 0.286706
vt 0.566465 0.304902
vt 0.564031 0.307112
vt 0.598423 0.284837
vt 0.586226 0.284855
vt 0.594465 0.278671
vt 0.515896 0.293123
vt 0.507413 0.299648
vt 0.510332 0.286595
vt 0.587724 0.272185
vt 0.598154 0.271733
vt 0.601017 0.266173
vt 0.603724 0.260792
vt 0.480448 0.286979
vt 0.573321 0.269486
vt 0.587650 0.223843
vt 0.588057 0.224594
vt 0.561057 0.225648
vt 0.569592 0.232390
vt 0.597452 0.247403
vt 0.608035 0.253481
vt 0.584889 0.241024
vt 0.610744 0.243391
vt 0.600904 0.241147
vt 0.602801 0.236921
vt 0.612471 0.237691
vt 0.571391 0.215073
vt 0.578809 0.223034
vt 0.589385 0.234653
vt 0.589104 0.343687
vt 0.594572 0.347277
vt 0.594255 0.347903
vt 0.588748 0.344387
vt 0.592442 0.230777
vt 0.593237 0.220057
vt 0.593582 0.220694
vt 0.577427 0.210014
vt 0.584196 0.218307
vt 0.603052 0.331360
vt 0.605170 0.336712
vt 0.597893 0.341865
vt 0.593194 0.337558
vt 0.583133 0.205589
vt 0.589837 0.214235
vt 0.604853 0.231322
vt 0.613366 0.231624
vt 0.597173 0.226189
vt 0.472724 0.327377
vt 0.482889 0.322602
vt 0.488852 0.332127
vt 0.479046 0.338496
vt 0.521943 0.300056
vt 0.512011 0.307373
vt 0.491071 0.318848
vt 0.489334 0.319623
vt 0.495154 0.328653
vt 0.497446 0.327560
vt 0.504045 0.337116
vt 0.501782 0.338445
vt 0.505124 0.323522
vt 0.516862 0.315240
vt 0.522776 0.322711
vt 0.511250 0.332408
vt 0.526162 0.307485
vt 0.487549 0.350075
vt 0.496195 0.342410
vt 0.507915 0.352705
vt 0.500789 0.362166
vt 0.532044 0.315179
vt 0.530936 0.333843
vt 0.521965 0.342171
vt 0.522077 0.234457
vt 0.527746 0.230636
vt 0.534567 0.237364
vt 0.530974 0.242784
vt 0.534524 0.339301
vt 0.527644 0.346033
vt 0.516165 0.346535
vt 0.512881 0.348384
vt 0.537402 0.325677
vt 0.513061 0.228241
vt 0.524441 0.222498
vt 0.525381 0.225598
vt 0.516308 0.230086
vt 0.525249 0.351087
vt 0.524293 0.354199
vt 0.541876 0.336927
vt 0.521928 0.360129
vt 0.515718 0.371156
vt 0.569247 0.314881
vt 0.573418 0.322971
vt 0.571504 0.324032
vt 0.567500 0.316291
vt 0.488099 0.268573
vt 0.485672 0.267772
vt 0.561718 0.320090
vt 0.565515 0.327418
vt 0.556009 0.333114
vt 0.551608 0.324948
vt 0.578233 0.332080
vt 0.584991 0.339429
vt 0.584196 0.340487
vt 0.576480 0.333043
vt 0.590439 0.305373
vt 0.593648 0.313340
vt 0.580923 0.319005
vt 0.576669 0.309936
vt 0.554898 0.297455
vt 0.558120 0.310804
vt 0.547097 0.314719
vt 0.542740 0.301056
vt 0.571392 0.285048
vt 0.478788 0.265493
vt 0.475332 0.277767
vt 0.464132 0.274284
vt 0.468016 0.261794
vt 0.495658 0.305160
vt 0.587807 0.297370
vt 0.573623 0.300275
vt 0.499523 0.314935
vt 0.594431 0.290974
vt 0.515861 0.283282
vt 0.510298 0.289771
vt 0.598025 0.297750
vt 0.600824 0.303119
vt 0.603497 0.308288
vt 0.499607 0.261494
vt 0.512032 0.269072
vt 0.571022 0.336595
vt 0.562961 0.343348
vt 0.607769 0.315274
vt 0.597639 0.321349
vt 0.585597 0.327825
vt 0.610571 0.324941
vt 0.612360 0.330392
vt 0.601119 0.327323
vt 0.580211 0.345407
vt 0.573244 0.353308
vt 0.590131 0.333887
vt 0.505228 0.252959
vt 0.516891 0.261253
vt 0.585552 0.349838
vt 0.579221 0.358044
vt 0.591119 0.353628
vt 0.584862 0.362174
vt 0.613366 0.336213
vt 0.624210 0.205589
vt 0.624210 0.217409
vt 0.623523 0.219678
vt 0.621647 0.221339
vt 0.619084 0.221947
vt 0.618289 0.221947
vt 0.615828 0.221339
vt 0.614026 0.219678
vt 0.613366 0.217409
vt 0.613366 0.205589
vt 0.472992 0.248965
vt 0.479345 0.237939
vt 0.489073 0.244325
vt 0.483084 0.253778
vt 0.521905 0.276393
vt 0.489488 0.256779
vt 0.491151 0.257532
vt 0.495331 0.247813
vt 0.501971 0.238091
vt 0.504190 0.239406
vt 0.497563 0.248890
vt 0.511367 0.244133
vt 0.522807 0.253834
vt 0.526130 0.269004
vt 0.487855 0.226456
vt 0.501081 0.214477
vt 0.508135 0.223921
vt 0.496427 0.234121
vt 0.532009 0.261365
vt 0.537379 0.250936
vt 0.616739 0.238305
vt 0.615053 0.237697
vt 0.613818 0.236036
vt 0.613366 0.233767
vt 0.613366 0.221947
vt 0.623733 0.221947
vt 0.623733 0.233767
vt 0.623246 0.236036
vt 0.621915 0.237697
vt 0.620097 0.238305
vt 0.541876 0.239756
vt 0.515974 0.205589
vt 0.522111 0.216588
vt 0.561404 0.261313
vt 0.564528 0.251865
vt 0.559356 0.260108
vt 0.562542 0.250629
vt 0.570987 0.256672
vt 0.567678 0.266594
vt 0.573484 0.258306
vt 0.570375 0.268425
vt 0.565420 0.283960
vt 0.568294 0.284788
vt 0.485818 0.288318
vt 0.490520 0.306924
vt 0.488709 0.288183
vt 0.493098 0.306034
vt 0.483101 0.309364
vt 0.478979 0.293602
vt 0.480816 0.310111
vt 0.477303 0.296892
vt 0.558447 0.278816
vt 0.556641 0.274873
vt 0.568202 0.244117
vt 0.566135 0.243030
vt 0.575158 0.247706
vt 0.577720 0.248972
vt 0.579763 0.238176
vt 0.582348 0.239558
vt 0.571289 0.233578
vt 0.573183 0.234730
vt 0.585542 0.231040
vt 0.587324 0.232925
vt 0.580250 0.224615
vt 0.581643 0.226256
vt 0.586534 0.221834
vt 0.585407 0.219990
vt 0.589319 0.226826
vt 0.590764 0.228955
vt 0.594684 0.222765
vt 0.595861 0.224618
vt 0.591037 0.216036
vt 0.592163 0.217998
vt 0.486967 0.320685
vt 0.484837 0.321670
vt 0.496817 0.316256
vt 0.493925 0.317581
vt 0.502678 0.325019
vt 0.500083 0.326332
vt 0.490761 0.330946
vt 0.492857 0.329801
vt 0.506475 0.335776
vt 0.508936 0.334216
vt 0.497891 0.341017
vt 0.499743 0.339711
vt 0.520205 0.343990
vt 0.518214 0.345422
vt 0.509354 0.350978
vt 0.511017 0.349556
vt 0.523716 0.356000
vt 0.522947 0.358001
vt 0.525815 0.349501
vt 0.526590 0.347802
vt 0.560216 0.309940
vt 0.563600 0.319089
vt 0.562166 0.308702
vt 0.565502 0.317821
vt 0.573960 0.311269
vt 0.570734 0.301324
vt 0.571491 0.313009
vt 0.568356 0.302975
vt 0.493194 0.270352
vt 0.490668 0.269467
vt 0.480944 0.266208
vt 0.477348 0.279364
vt 0.483217 0.266967
vt 0.478995 0.282659
vt 0.557097 0.295678
vt 0.558724 0.291805
vt 0.567354 0.326371
vt 0.569330 0.325251
vt 0.578392 0.320288
vt 0.575875 0.321626
vt 0.583162 0.329318
vt 0.580646 0.330750
vt 0.574437 0.334225
vt 0.572634 0.335395
vt 0.588180 0.335621
vt 0.586490 0.337514
vt 0.582870 0.342210
vt 0.581565 0.343836
vt 0.586679 0.348176
vt 0.587722 0.346361
vt 0.591621 0.339368
vt 0.590275 0.341478
vt 0.596669 0.343420
vt 0.595582 0.345245
vt 0.593271 0.349925
vt 0.592233 0.351854
vt 0.485019 0.254717
vt 0.487135 0.255708
vt 0.494016 0.258824
vt 0.496911 0.260166
vt 0.500204 0.250134
vt 0.502795 0.251457
vt 0.493048 0.246660
vt 0.490966 0.245510
vt 0.509069 0.242324
vt 0.506617 0.240757
vt 0.499947 0.236823
vt 0.498109 0.235515
vt 0.518351 0.231205
vt 0.520331 0.232639
vt 0.511211 0.227067
vt 0.509561 0.225645
vt 0.523116 0.218709
vt 0.523874 0.220703
vt 0.526703 0.228871
vt 0.525939 0.227178
vt 0.744139 0.351682
vt 0.737653 0.360536
vt 0.735202 0.344956
vt 0.741756 0.344960
vt 0.730933 0.370726
vt 0.728134 0.371880
vt 0.725568 0.344952
vt 0.728510 0.344953
vt 0.718778 0.363378
vt 0.706609 0.360984
vt 0.706584 0.344949
vt 0.717711 0.344950
vt 0.754907 0.344971
vt 0.772759 0.344985
vt 0.789647 0.345008
vt 0.800023 0.345066
vt 0.799920 0.348213
vt 0.789556 0.347053
vt 0.767949 0.257118
vt 0.770141 0.264057
vt 0.758626 0.272619
vt 0.752032 0.264100
vt 0.763271 0.255623
vt 0.733421 0.366813
vt 0.736630 0.373027
vt 0.725410 0.380945
vt 0.777980 0.244747
vt 0.770100 0.250532
vt 0.765585 0.248935
vt 0.761845 0.234767
vt 0.761762 0.232374
vt 0.762620 0.229948
vt 0.764189 0.228139
vt 0.768642 0.224872
vt 0.770502 0.224164
vt 0.772154 0.224749
vt 0.773156 0.226468
vt 0.727518 0.387519
vt 0.732595 0.398286
vt 0.708053 0.404907
vt 0.712781 0.395570
vt 0.712119 0.390552
vt 0.710913 0.387655
vt 0.704390 0.369261
vt 0.716148 0.373033
vt 0.707138 0.384209
vt 0.696668 0.384083
vt 0.791293 0.365863
vt 0.782370 0.358138
vt 0.787393 0.353056
vt 0.797359 0.357497
vt 0.744639 0.390616
vt 0.738672 0.380481
vt 0.780539 0.256335
vt 0.783801 0.305146
vt 0.794155 0.299719
vt 0.795627 0.306602
vt 0.795615 0.308996
vt 0.794699 0.311421
vt 0.793126 0.313225
vt 0.791174 0.314672
vt 0.698018 0.393310
vt 0.707208 0.390167
vt 0.708951 0.393543
vt 0.702023 0.400697
vt 0.764826 0.253785
vt 0.765673 0.251336
vt 0.721827 0.366608
vt 0.721294 0.368524
vt 0.718385 0.366695
vt 0.720767 0.370295
vt 0.717441 0.370175
vt 0.720147 0.372096
vt 0.723114 0.370086
vt 0.724534 0.371521
vt 0.725121 0.369799
vt 0.708808 0.385070
vt 0.708257 0.386748
vt 0.706740 0.386349
vt 0.708198 0.388009
vt 0.706777 0.388382
vt 0.708594 0.389529
vt 0.709081 0.387437
vt 0.709804 0.388680
vt 0.710040 0.386265
vt 0.711026 0.395193
vt 0.711397 0.393873
vt 0.712719 0.393680
vt 0.711399 0.392880
vt 0.712499 0.392070
vt 0.711055 0.391592
vt 0.710715 0.393540
vt 0.710033 0.392572
vt 0.709962 0.394591
vt 0.786183 0.351526
vt 0.787138 0.350156
vt 0.788498 0.351127
vt 0.787648 0.348905
vt 0.789230 0.349023
vt 0.787859 0.347347
vt 0.786538 0.349185
vt 0.786229 0.347792
vt 0.784574 0.348366
vt 0.785284 0.349972
vt 0.730954 0.344954
vt 0.733124 0.344955
vt 0.735690 0.363412
vt 0.722917 0.344951
vt 0.720325 0.344950
vt 0.706009 0.363707
vt 0.705216 0.366590
vt 0.737055 0.375762
vt 0.725967 0.383330
vt 0.737686 0.378273
vt 0.726615 0.385541
vt 0.696655 0.387139
vt 0.697172 0.390422
vt 0.703944 0.402371
vt 0.705783 0.403680
vt 0.777002 0.344989
vt 0.782159 0.344993
vt 0.779962 0.351789
vt 0.780447 0.354039
vt 0.781202 0.356192
vt 0.798423 0.354548
vt 0.799374 0.351286
vt 0.784348 0.344995
vt 0.786153 0.344998
vt 0.787890 0.345002
vt 0.782497 0.345981
vt 0.782954 0.344994
vt 0.778088 0.348040
vt 0.735925 0.367007
vt 0.744147 0.338240
vt 0.737665 0.329372
vt 0.730948 0.319167
vt 0.728147 0.318011
vt 0.718783 0.326516
vt 0.706610 0.328910
vt 0.789574 0.342958
vt 0.799945 0.341922
vt 0.741283 0.277757
vt 0.741008 0.272854
vt 0.747450 0.281619
vt 0.733435 0.323083
vt 0.736649 0.316868
vt 0.725425 0.308940
vt 0.726792 0.284365
vt 0.710306 0.275111
vt 0.708893 0.273710
vt 0.708742 0.271964
vt 0.709893 0.270341
vt 0.714173 0.266850
vt 0.716317 0.265785
vt 0.718881 0.265563
vt 0.721176 0.266243
vt 0.733954 0.273416
vt 0.734368 0.278187
vt 0.727537 0.302361
vt 0.712787 0.294298
vt 0.708042 0.284950
vt 0.732621 0.291579
vt 0.710918 0.302225
vt 0.712125 0.299324
vt 0.704391 0.320629
vt 0.696673 0.305815
vt 0.707139 0.305673
vt 0.716152 0.316856
vt 0.791423 0.324054
vt 0.797568 0.332503
vt 0.787414 0.336938
vt 0.782402 0.331828
vt 0.744677 0.299260
vt 0.738698 0.309410
vt 0.737368 0.289748
vt 0.789283 0.316199
vt 0.787142 0.317269
vt 0.784566 0.317548
vt 0.782245 0.316960
vt 0.775950 0.313809
vt 0.698007 0.296584
vt 0.702005 0.289174
vt 0.708951 0.296332
vt 0.707207 0.299717
vt 0.736256 0.274103
vt 0.738839 0.273898
vt 0.718391 0.323198
vt 0.721301 0.321368
vt 0.721834 0.323285
vt 0.717446 0.319715
vt 0.720774 0.319596
vt 0.720154 0.317793
vt 0.724544 0.318370
vt 0.723123 0.319805
vt 0.725131 0.320093
vt 0.706741 0.303541
vt 0.708239 0.303122
vt 0.708804 0.304809
vt 0.706780 0.301518
vt 0.708221 0.301858
vt 0.708601 0.300349
vt 0.709812 0.301197
vt 0.709084 0.302437
vt 0.710039 0.303615
vt 0.712725 0.296192
vt 0.711401 0.295999
vt 0.711028 0.294678
vt 0.712505 0.297805
vt 0.711404 0.296994
vt 0.711060 0.298283
vt 0.710037 0.297303
vt 0.710719 0.296333
vt 0.709963 0.295282
vt 0.788506 0.338876
vt 0.787153 0.339840
vt 0.786199 0.338467
vt 0.789260 0.340971
vt 0.787664 0.341091
vt 0.787872 0.342654
vt 0.786240 0.342204
vt 0.786552 0.340810
vt 0.784584 0.341625
vt 0.785298 0.340020
vt 0.735703 0.326491
vt 0.706010 0.326186
vt 0.705217 0.323301
vt 0.725983 0.306553
vt 0.737077 0.314132
vt 0.726633 0.304340
vt 0.737710 0.311619
vt 0.696655 0.302761
vt 0.697165 0.299477
vt 0.703927 0.287495
vt 0.705768 0.286181
vt 0.779975 0.338185
vt 0.780465 0.335933
vt 0.781226 0.333776
vt 0.798636 0.335507
vt 0.799428 0.338850
vt 0.782499 0.344005
vt 0.735939 0.322892
vt 0.778091 0.341937
vt 0.865906 0.868220
vt 0.899317 0.855820
vt 0.903988 0.870313
vt 0.871353 0.880458
vt 0.719585 0.979380
vt 0.715526 0.973913
vt 0.719068 0.945740
vt 0.725249 0.940753
vt 0.733968 0.941605
vt 0.727163 0.980538
vt 0.841605 0.864639
vt 0.837492 0.867209
vt 0.819067 0.838224
vt 0.826522 0.833120
vt 0.814840 0.963024
vt 0.811368 0.961660
vt 0.808261 0.956445
vt 0.819913 0.958920
vt 0.842517 0.955199
vt 0.846607 0.965882
vt 0.831463 0.972718
vt 0.823356 0.965424
vt 0.840082 0.948798
vt 0.843602 0.948528
vt 0.818960 0.832763
vt 0.799020 0.866929
vt 0.798570 0.866000
vt 0.723254 0.872832
vt 0.723404 0.859409
vt 0.724080 0.857022
vt 0.725902 0.855281
vt 0.728381 0.854653
vt 0.731197 0.854712
vt 0.733666 0.855382
vt 0.735459 0.857153
vt 0.736095 0.859551
vt 0.735945 0.872974
vt 0.683049 0.919502
vt 0.677121 0.928809
vt 0.666386 0.920467
vt 0.679585 0.915358
vt 0.816648 0.868764
vt 0.819531 0.899983
vt 0.812448 0.895947
vt 0.804944 0.877621
vt 0.805075 0.896138
vt 0.797211 0.885387
vt 0.846668 0.828297
vt 0.881735 0.813255
vt 0.893654 0.841355
vt 0.858752 0.855779
vt 0.786639 0.851633
vt 0.778646 0.863806
vt 0.747060 0.848187
vt 0.754161 0.834273
vt 0.799194 0.830147
vt 0.766325 0.811964
vt 0.692697 0.923326
vt 0.682587 0.931152
vt 0.692491 0.935013
vt 0.684475 0.939434
vt 0.675127 0.935324
vt 0.791399 0.877724
vt 0.789806 0.875344
vt 0.681211 0.943978
vt 0.668982 0.941504
vt 0.768901 0.879758
vt 0.738469 0.870838
vt 0.783127 0.886795
vt 0.780969 0.885561
vt 0.679380 0.952352
vt 0.667136 0.950126
vt 0.764080 0.898806
vt 0.735659 0.898530
vt 0.798927 0.899970
vt 0.790664 0.891929
vt 0.678270 0.962450
vt 0.666608 0.962404
vt 0.763928 0.913947
vt 0.739969 0.918922
vt 0.792929 0.905938
vt 0.784734 0.901300
vt 0.777472 0.899618
vt 0.776389 0.899540
vt 0.789417 0.913474
vt 0.781416 0.911863
vt 0.775329 0.912097
vt 0.774041 0.912323
vt 0.681888 0.969872
vt 0.672359 0.975701
vt 0.766874 0.925913
vt 0.747937 0.933593
vt 0.688249 0.973786
vt 0.687210 0.985054
vt 0.782637 0.940644
vt 0.775220 0.949570
vt 0.789173 0.921773
vt 0.781688 0.923800
vt 0.776061 0.924698
vt 0.774736 0.924798
vt 0.714073 0.983356
vt 0.726133 0.986758
vt 0.725093 0.989046
vt 0.723049 0.990514
vt 0.720548 0.990767
vt 0.713041 0.989546
vt 0.794296 0.931487
vt 0.789990 0.934012
vt 0.787329 0.936463
vt 0.789051 0.938982
vt 0.790970 0.938841
vt 0.792420 0.941172
vt 0.794683 0.934190
vt 0.791996 0.936161
vt 0.793635 0.970325
vt 0.804263 0.967423
vt 0.801530 0.986608
vt 0.793117 0.985803
vt 0.710163 0.977754
vt 0.797070 0.935899
vt 0.794771 0.939190
vt 0.793394 0.937688
vt 0.795586 0.935515
vt 0.807312 0.987509
vt 0.809422 0.988229
vt 0.813748 0.942809
vt 0.820927 0.944472
vt 0.819862 0.953478
vt 0.810392 0.951750
vt 0.907551 0.902268
vt 0.877662 0.902750
vt 0.853180 0.877968
vt 0.848427 0.882972
vt 0.822068 0.895869
vt 0.828197 0.876306
vt 0.842288 0.889955
vt 0.834247 0.899221
vt 0.841153 0.904237
vt 0.849407 0.897721
vt 0.854228 0.905650
vt 0.846049 0.909795
vt 0.858992 0.889150
vt 0.855487 0.892348
vt 0.662863 0.910081
vt 0.677136 0.910552
vt 0.877462 0.917679
vt 0.904379 0.922541
vt 0.891978 0.946527
vt 0.872413 0.934764
vt 0.865154 0.903387
vt 0.861178 0.903795
vt 0.663180 0.898684
vt 0.677568 0.899135
vt 0.863208 0.916789
vt 0.867082 0.916809
vt 0.864172 0.931395
vt 0.861789 0.930574
vt 0.669434 0.883222
vt 0.681037 0.891840
vt 0.857427 0.917097
vt 0.850126 0.918151
vt 0.850556 0.927171
vt 0.856904 0.929129
vt 0.852946 0.938505
vt 0.846848 0.933617
vt 0.686261 0.872419
vt 0.690592 0.884944
vt 0.872224 0.961340
vt 0.863197 0.948461
vt 0.856714 0.941797
vt 0.858388 0.943395
vt 0.846265 0.946226
vt 0.852800 0.964224
vt 0.849132 0.952920
vt 0.704286 0.872694
vt 0.703474 0.885006
vt 0.823555 0.991920
vt 0.815048 0.989341
vt 0.819376 0.970782
vt 0.828101 0.976924
vt 0.842634 0.946460
vt 0.845189 0.943033
vt 0.842539 0.939296
vt 0.727319 0.885122
vt 0.722567 0.880295
vt 0.722639 0.872942
vt 0.730284 0.872911
vt 0.732712 0.873556
vt 0.734477 0.875332
vt 0.735107 0.877764
vt 0.735036 0.885163
vt 0.717720 0.885060
vt 0.842617 0.943857
vt 0.841175 0.940926
vt 0.837099 0.940923
vt 0.838389 0.945848
vt 0.722363 0.889911
vt 0.735371 0.924235
vt 0.726560 0.924221
vt 0.721288 0.918644
vt 0.787528 0.945122
vt 0.802291 0.960797
vt 0.791858 0.964978
vt 0.780082 0.953273
vt 0.720217 0.934514
vt 0.714288 0.939727
vt 0.692511 0.934996
vt 0.692709 0.923343
vt 0.715443 0.923541
vt 0.720572 0.929911
vt 0.839729 0.941593
vt 0.840718 0.944649
vt 0.718221 0.922918
vt 0.720374 0.921140
vt 0.821730 0.966909
vt 0.819304 0.965872
vt 0.819949 0.965051
vt 0.820354 0.968758
vt 0.818694 0.966672
vt 0.818066 0.967521
vt 0.816448 0.964721
vt 0.817677 0.965256
vt 0.816855 0.964207
vt 0.718595 0.943106
vt 0.716841 0.940928
vt 0.805756 0.961603
vt 0.806091 0.962676
vt 0.803357 0.962805
vt 0.809054 0.961984
vt 0.807884 0.962702
vt 0.809258 0.962663
vt 0.806693 0.964782
vt 0.806394 0.963702
vt 0.804037 0.965109
vt 0.712586 0.977557
vt 0.714550 0.976159
vt 0.786009 0.943664
vt 0.786921 0.941680
vt 0.787540 0.942218
vt 0.784327 0.942153
vt 0.786346 0.941098
vt 0.785775 0.940480
vt 0.787947 0.939793
vt 0.787497 0.940521
vt 0.788225 0.940074
vt 0.792485 0.936680
vt 0.792089 0.937186
vt 0.791495 0.936773
vt 0.792947 0.937187
vt 0.792440 0.937557
vt 0.792817 0.938135
vt 0.792041 0.938525
vt 0.791944 0.937696
vt 0.791106 0.937615
vt 0.721785 0.887503
vt 0.720088 0.885729
vt 0.843620 0.952292
vt 0.844483 0.952015
vt 0.844591 0.954372
vt 0.843912 0.949908
vt 0.844435 0.950650
vt 0.844314 0.949736
vt 0.846160 0.951359
vt 0.845322 0.951723
vt 0.846848 0.953596
vt 0.842807 0.944571
vt 0.842127 0.944707
vt 0.841966 0.944101
vt 0.842843 0.945415
vt 0.842075 0.945193
vt 0.841712 0.945893
vt 0.841117 0.945280
vt 0.841681 0.944892
vt 0.841341 0.944359
vt 0.829172 0.975483
vt 0.830287 0.974071
vt 0.793117 0.968521
vt 0.792512 0.966732
vt 0.805318 0.987189
vt 0.803418 0.986895
vt 0.811372 0.988579
vt 0.813221 0.988940
vt 0.805459 0.832587
vt 0.791779 0.855716
vt 0.812150 0.833222
vt 0.795707 0.860742
vt 0.833549 0.832014
vt 0.846865 0.861758
vt 0.840313 0.830547
vt 0.852649 0.858814
vt 0.833852 0.870133
vt 0.818239 0.850015
vt 0.830813 0.873123
vt 0.817484 0.860806
vt 0.801010 0.871403
vt 0.802863 0.874899
vt 0.786807 0.871311
vt 0.783093 0.867263
vt 0.793486 0.880858
vt 0.795356 0.883361
vt 0.773204 0.881647
vt 0.777250 0.883590
vt 0.786153 0.888667
vt 0.788640 0.890372
vt 0.780341 0.899994
vt 0.782736 0.900555
vt 0.772666 0.899361
vt 0.768488 0.899190
vt 0.771125 0.912848
vt 0.767755 0.913433
vt 0.777572 0.911778
vt 0.779570 0.911711
vt 0.778255 0.924494
vt 0.780118 0.924206
vt 0.772219 0.924814
vt 0.769520 0.925072
vt 0.778523 0.952060
vt 0.776897 0.950823
vt 0.788269 0.935527
vt 0.789152 0.934713
vt 0.794853 0.934801
vt 0.795120 0.935238
vt 0.793323 0.940500
vt 0.794106 0.939852
vt 0.809064 0.954800
vt 0.809769 0.953223
vt 0.856655 0.874583
vt 0.860866 0.871211
vt 0.844198 0.887969
vt 0.846190 0.885672
vt 0.853192 0.894504
vt 0.851205 0.896282
vt 0.862503 0.886024
vt 0.866659 0.882898
vt 0.873193 0.903141
vt 0.868980 0.903264
vt 0.856126 0.904919
vt 0.858425 0.904301
vt 0.861021 0.916827
vt 0.859116 0.916930
vt 0.870168 0.916975
vt 0.873650 0.917259
vt 0.866627 0.932306
vt 0.869391 0.933425
vt 0.858379 0.929508
vt 0.859984 0.929982
vt 0.861547 0.946551
vt 0.859957 0.944908
vt 0.854086 0.939483
vt 0.855341 0.940569
vt 0.850670 0.964775
vt 0.848588 0.965328
vt 0.845585 0.943982
vt 0.845942 0.945041
vt 0.840331 0.941628
vt 0.840790 0.941395
vt 0.839408 0.947783
vt 0.838838 0.946811
vt 0.819895 0.955135
vt 0.819905 0.956943
vt 0.955624 0.883693
vt 0.958872 0.882948
vt 0.962697 0.897636
vt 0.959676 0.898650
vt 0.938156 0.888578
vt 0.946967 0.885889
vt 0.950930 0.901167
vt 0.941724 0.902694
vt 0.952393 0.917517
vt 0.942948 0.917011
vt 0.976804 0.878144
vt 0.967415 0.880832
vt 0.962897 0.866722
vt 0.971786 0.862935
vt 0.935624 0.990137
vt 0.939237 0.975814
vt 0.953560 0.979427
vt 0.949947 0.993750
vt 0.964641 0.917438
vt 0.961450 0.917498
vt 0.943045 0.874250
vt 0.934406 0.878094
vt 0.928775 0.867868
vt 0.936870 0.862057
vt 0.951645 0.870985
vt 0.954832 0.869833
vt 0.954471 0.851452
vt 0.962497 0.845729
vt 0.921904 0.985122
vt 0.928584 0.971947
vt 0.921070 0.859518
vt 0.928035 0.851813
vt 0.945149 0.857108
vt 0.947175 0.855968
vt 0.940919 0.837256
vt 0.947325 0.829472
vt 0.908749 0.973772
vt 0.918999 0.964730
vt 0.928604 0.817954
vt 0.925054 0.827480
vt 0.910791 0.823854
vt 0.908372 0.814498
vt 0.934334 0.844854
vt 0.935427 0.843636
vt 0.902262 0.955618
vt 0.914760 0.954002
vt 0.916361 0.843095
vt 0.909710 0.851365
vt 0.897168 0.840617
vt 0.905849 0.836121
vt 0.905010 0.937058
vt 0.916877 0.941301
vt 0.920864 0.835969
vt 0.921691 0.834483
vt 0.909872 0.829978
vt 0.909586 0.830740
vt 0.906895 0.829978
vt 0.907023 0.829360
vt 0.906383 0.824685
vt 0.901152 0.817851
vt 0.914099 0.923089
vt 0.923474 0.930167
vt 0.918172 0.918949
vt 0.920513 0.917587
vt 0.923163 0.917672
vt 0.925412 0.919183
vt 0.926098 0.919977
vt 0.927339 0.922505
vt 0.927239 0.925370
vt 0.925823 0.927805
vt 0.895525 0.825595
vt 0.903113 0.828211
vt 0.902938 0.828821
vt 0.895204 0.826617
vt 0.972941 0.917524
vt 0.982492 0.918223
vt 0.978082 0.939613
vt 0.969175 0.935961
vt 0.895542 0.836739
vt 0.904039 0.833981
vt 0.972432 0.992645
vt 0.968578 0.978385
vt 0.980372 0.969720
vt 0.988970 0.981732
vt 0.980535 0.893812
vt 0.971022 0.895348
vt 0.940391 0.930296
vt 0.949461 0.933259
vt 0.941810 0.947183
vt 0.933278 0.944266
vt 0.961459 0.934500
vt 0.957962 0.934331
vt 0.962990 0.963517
vt 0.956792 0.955594
vt 0.932861 0.964082
vt 0.939438 0.959277
vt 0.940814 0.960574
vt 0.935487 0.967172
vt 0.944769 0.971028
vt 0.946211 0.962067
vt 0.984331 0.954312
vt 0.997675 0.958341
vt 0.951516 0.951707
vt 0.947842 0.949797
vt 0.982067 0.944381
vt 0.982184 0.941697
vt 0.983693 0.939574
vt 0.986188 0.938580
vt 0.989423 0.938218
vt 0.992178 0.938630
vt 0.994397 0.940349
vt 0.995484 0.942914
vt 0.944132 0.957776
vt 0.942098 0.955985
vt 0.938069 0.954493
vt 0.929866 0.955559
vt 0.906934 0.826365
vt 0.905595 0.826873
vt 0.904814 0.825644
vt 0.907129 0.827903
vt 0.905803 0.827771
vt 0.905684 0.828992
vt 0.904436 0.828623
vt 0.904926 0.827495
vt 0.903745 0.826852
vt 0.906320 0.831386
vt 0.905134 0.830724
vt 0.905552 0.829557
vt 0.905399 0.832716
vt 0.904511 0.831501
vt 0.903157 0.832210
vt 0.902788 0.830443
vt 0.904195 0.830482
vt 0.904298 0.829190
vt 0.944071 0.962064
vt 0.944088 0.960429
vt 0.945646 0.960163
vt 0.942248 0.961500
vt 0.943013 0.960256
vt 0.941900 0.959577
vt 0.942973 0.958669
vt 0.943729 0.959526
vt 0.944933 0.958802
vt 0.939807 0.954828
vt 0.939583 0.956256
vt 0.938149 0.956447
vt 0.941050 0.955315
vt 0.940401 0.956460
vt 0.941263 0.957111
vt 0.940414 0.958158
vt 0.939778 0.957180
vt 0.938641 0.958029
vt 0.961868 0.882257
vt 0.965578 0.896699
vt 0.964719 0.881561
vt 0.968350 0.895915
vt 0.956656 0.899669
vt 0.952596 0.884399
vt 0.953723 0.900551
vt 0.949712 0.885119
vt 0.945796 0.873138
vt 0.948680 0.872055
vt 0.960382 0.867763
vt 0.957691 0.868792
vt 0.939471 0.860381
vt 0.942281 0.858721
vt 0.952189 0.853007
vt 0.949763 0.854492
vt 0.930139 0.849517
vt 0.932255 0.847180
vt 0.939139 0.839375
vt 0.937316 0.841487
vt 0.919475 0.838376
vt 0.917971 0.840761
vt 0.923995 0.829852
vt 0.922883 0.832169
vt 0.907461 0.834408
vt 0.908679 0.832592
vt 0.910697 0.826063
vt 0.910391 0.828079
vt 0.896889 0.822632
vt 0.898776 0.820073
vt 0.894819 0.833394
vt 0.894784 0.829959
vt 0.970285 0.917434
vt 0.967526 0.917410
vt 0.955321 0.917599
vt 0.958363 0.917575
vt 0.964119 0.934710
vt 0.966689 0.935178
vt 0.952241 0.933990
vt 0.955111 0.934298
vt 0.955020 0.954000
vt 0.953260 0.952729
vt 0.944017 0.948271
vt 0.946043 0.949123
vt 0.938373 0.968954
vt 0.941517 0.970166
vt 0.931329 0.961344
vt 0.930366 0.958546
vt 0.794927 0.783952
vt 0.788831 0.777711
vt 0.789254 0.700553
vt 0.795501 0.695049
vt 0.898775 0.675442
vt 0.910946 0.675442
vt 0.916708 0.681203
vt 0.916708 0.751619
vt 0.910946 0.757380
vt 0.898775 0.757380
vt 0.815893 0.710602
vt 0.810075 0.702233
vt 0.830582 0.699178
vt 0.829165 0.708999
vt 0.767709 0.782715
vt 0.780293 0.778379
vt 0.781961 0.785313
vt 0.771226 0.791745
vt 0.916708 0.763141
vt 0.916708 0.771307
vt 0.904536 0.771307
vt 0.901655 0.770535
vt 0.899546 0.768427
vt 0.898775 0.765546
vt 0.800734 0.785636
vt 0.789031 0.783891
vt 0.799362 0.682495
vt 0.794118 0.668520
vt 0.830980 0.662256
vt 0.829700 0.677809
vt 0.777898 0.800420
vt 0.786911 0.791282
vt 0.798753 0.795421
vt 0.792957 0.809981
vt 0.767709 0.695191
vt 0.780738 0.699758
vt 0.922466 0.757538
vt 0.943673 0.758121
vt 0.943673 0.772048
vt 0.830137 0.800264
vt 0.830990 0.816320
vt 0.787769 0.686384
vt 0.779164 0.676654
vt 0.922469 0.675442
vt 0.916708 0.669681
vt 0.916708 0.662256
vt 0.943821 0.662256
vt 0.943821 0.675442
vt 0.957497 0.666458
vt 0.953258 0.678944
vt 0.809784 0.776103
vt 0.816017 0.767919
vt 0.830001 0.769142
vt 0.831274 0.779085
vt 0.836763 0.766880
vt 0.840982 0.776218
vt 0.830858 0.788918
vt 0.830764 0.789765
vt 0.852866 0.812322
vt 0.847270 0.796870
vt 0.865920 0.785368
vt 0.877294 0.797478
vt 0.843667 0.761769
vt 0.851213 0.769080
vt 0.843950 0.785433
vt 0.844310 0.786862
vt 0.877725 0.767034
vt 0.893085 0.773773
vt 0.857906 0.776308
vt 0.859091 0.777697
vt 0.972224 0.677072
vt 0.962761 0.686256
vt 0.847279 0.755468
vt 0.856818 0.760134
vt 0.966936 0.695440
vt 0.979935 0.693227
vt 0.981953 0.710260
vt 0.968767 0.710272
vt 0.865905 0.763195
vt 0.867823 0.763737
vt 0.849394 0.744202
vt 0.860218 0.745287
vt 0.898775 0.747570
vt 0.882092 0.746135
vt 0.880601 0.722399
vt 0.896510 0.718617
vt 0.848445 0.728373
vt 0.858941 0.725523
vt 0.869649 0.745692
vt 0.871494 0.745726
vt 0.843706 0.703532
vt 0.837903 0.711855
vt 0.868470 0.724062
vt 0.870221 0.723899
vt 0.981971 0.729518
vt 0.968784 0.729530
vt 0.844373 0.719205
vt 0.853115 0.713456
vt 0.956679 0.752996
vt 0.965039 0.764135
vt 0.801155 0.691953
vt 0.830070 0.687768
vt 0.830290 0.690020
vt 0.812020 0.763689
vt 0.803345 0.769210
vt 0.803707 0.709093
vt 0.812172 0.714888
vt 0.898775 0.668017
vt 0.899546 0.665136
vt 0.901655 0.663027
vt 0.904536 0.662256
vt 0.854840 0.684691
vt 0.863129 0.671213
vt 0.885572 0.692926
vt 0.872081 0.701783
vt 0.849909 0.693259
vt 0.848593 0.695497
vt 0.863461 0.707134
vt 0.860899 0.708636
vt 0.964402 0.741949
vt 0.977249 0.747328
vt 0.789653 0.693657
vt 0.917479 0.754521
vt 0.919587 0.756688
vt 0.799452 0.697798
vt 0.800830 0.700080
vt 0.798438 0.698782
vt 0.805021 0.700267
vt 0.803638 0.701546
vt 0.807276 0.703775
vt 0.804962 0.706209
vt 0.802425 0.702784
vt 0.801274 0.704192
vt 0.919588 0.676214
vt 0.917479 0.678322
vt 0.804770 0.778212
vt 0.803298 0.776919
vt 0.806916 0.774566
vt 0.799101 0.780920
vt 0.800452 0.778542
vt 0.797963 0.780046
vt 0.800900 0.774382
vt 0.802047 0.775712
vt 0.804618 0.772091
vt 0.782533 0.692183
vt 0.783858 0.689854
vt 0.785756 0.690977
vt 0.784878 0.693046
vt 0.785590 0.687943
vt 0.786818 0.689806
vt 0.788826 0.688743
vt 0.789439 0.691153
vt 0.787230 0.691330
vt 0.787223 0.693527
vt 0.784270 0.784491
vt 0.785055 0.786575
vt 0.783148 0.787635
vt 0.786599 0.784029
vt 0.786562 0.786255
vt 0.788765 0.786501
vt 0.788054 0.788942
vt 0.786094 0.787817
vt 0.784798 0.789602
vt 0.786012 0.777802
vt 0.786442 0.700408
vt 0.783177 0.778022
vt 0.783609 0.700145
vt 0.812590 0.765585
vt 0.814026 0.766904
vt 0.813971 0.711400
vt 0.812699 0.712754
vt 0.776547 0.679393
vt 0.774231 0.682292
vt 0.772206 0.685289
vt 0.800679 0.688771
vt 0.800083 0.685622
vt 0.775434 0.797671
vt 0.773245 0.794760
vt 0.800167 0.788969
vt 0.799519 0.792233
vt 0.831381 0.782078
vt 0.831215 0.785360
vt 0.830161 0.796792
vt 0.830400 0.793297
vt 0.845159 0.790195
vt 0.846118 0.793531
vt 0.842126 0.779013
vt 0.843091 0.782115
vt 0.853449 0.771306
vt 0.855692 0.773750
vt 0.863521 0.782790
vt 0.861271 0.780242
vt 0.859700 0.761273
vt 0.862743 0.762276
vt 0.874347 0.765742
vt 0.871063 0.764674
vt 0.874970 0.745799
vt 0.878515 0.745922
vt 0.863193 0.745489
vt 0.866334 0.745616
vt 0.861903 0.724860
vt 0.865107 0.724400
vt 0.877117 0.723075
vt 0.873655 0.723547
vt 0.829777 0.684458
vt 0.829628 0.681134
vt 0.830581 0.693248
vt 0.830703 0.696302
vt 0.851531 0.690479
vt 0.853162 0.687640
vt 0.845317 0.700944
vt 0.846960 0.698241
vt 0.869119 0.703712
vt 0.866264 0.705473
vt 0.855621 0.711797
vt 0.858221 0.710205
vt 0.768988 0.489917
vt 0.760366 0.496457
vt 0.760471 0.479910
vt 0.769092 0.486261
vt 0.756773 0.544037
vt 0.751820 0.536992
vt 0.776857 0.498750
vt 0.788353 0.510704
vt 0.782474 0.534096
vt 0.767461 0.536984
vt 0.736195 0.481196
vt 0.751272 0.480596
vt 0.751099 0.495652
vt 0.736062 0.494955
vt 0.783100 0.478092
vt 0.792670 0.465908
vt 0.823622 0.476364
vt 0.809859 0.481450
vt 0.751698 0.435927
vt 0.756373 0.429379
vt 0.728874 0.537022
vt 0.743586 0.535401
vt 0.743382 0.540857
vt 0.729819 0.543943
vt 0.825516 0.490770
vt 0.812500 0.489168
vt 0.812539 0.487167
vt 0.825804 0.486806
vt 0.825804 0.443315
vt 0.837405 0.443315
vt 0.842831 0.448742
vt 0.842831 0.480199
vt 0.837405 0.485626
vt 0.825804 0.485626
vt 0.786678 0.460570
vt 0.775446 0.471019
vt 0.766874 0.436228
vt 0.780603 0.438908
vt 0.803169 0.389079
vt 0.791253 0.398381
vt 0.790849 0.397891
vt 0.802542 0.388288
vt 0.809567 0.494609
vt 0.822365 0.500788
vt 0.848258 0.390947
vt 0.842831 0.385520
vt 0.842831 0.379761
vt 0.886200 0.379761
vt 0.888913 0.380488
vt 0.890900 0.382475
vt 0.891627 0.385188
vt 0.891627 0.385520
vt 0.890900 0.388234
vt 0.888913 0.390220
vt 0.886200 0.390947
vt 0.848258 0.443315
vt 0.842831 0.437888
vt 0.842831 0.429367
vt 0.878581 0.429367
vt 0.881294 0.430094
vt 0.883281 0.432081
vt 0.884008 0.434794
vt 0.884008 0.437888
vt 0.883281 0.440602
vt 0.881294 0.442588
vt 0.878581 0.443315
vt 0.842831 0.497298
vt 0.842831 0.491053
vt 0.848258 0.485626
vt 0.886849 0.485626
vt 0.889562 0.486353
vt 0.891548 0.488339
vt 0.892275 0.491053
vt 0.892275 0.491871
vt 0.891548 0.494585
vt 0.889562 0.496571
vt 0.886849 0.497298
vt 0.807612 0.487085
vt 0.807585 0.489069
vt 0.825804 0.429367
vt 0.754198 0.418230
vt 0.743037 0.407063
vt 0.792789 0.379761
vt 0.784451 0.395136
vt 0.759381 0.549017
vt 0.750199 0.542084
vt 0.782752 0.431648
vt 0.769246 0.427023
vt 0.792625 0.404897
vt 0.808824 0.400427
vt 0.746230 0.425183
vt 0.734121 0.418754
vt 0.741117 0.567045
vt 0.753867 0.555327
vt 0.784779 0.580795
vt 0.791071 0.598754
vt 0.825804 0.390947
vt 0.837405 0.390947
vt 0.842831 0.396374
vt 0.825804 0.385188
vt 0.826531 0.382475
vt 0.828517 0.380488
vt 0.831230 0.379761
vt 0.791972 0.578448
vt 0.803362 0.590537
vt 0.803043 0.590818
vt 0.791766 0.578650
vt 0.732689 0.553164
vt 0.745743 0.547623
vt 0.831230 0.497298
vt 0.828517 0.496571
vt 0.826531 0.494585
vt 0.825804 0.491871
vt 0.759110 0.424385
vt 0.786839 0.401289
vt 0.787217 0.401727
vt 0.750212 0.430617
vt 0.787968 0.574387
vt 0.787795 0.574573
vt 0.769998 0.546822
vt 0.784720 0.541975
vt 0.811471 0.579119
vt 0.794311 0.571326
vt 0.743648 0.437284
vt 0.728874 0.434879
vt 0.730596 0.427478
vt 0.743594 0.431538
vt 0.845545 0.444042
vt 0.843558 0.446028
vt 0.777336 0.474021
vt 0.775024 0.477983
vt 0.773689 0.476678
vt 0.780018 0.476487
vt 0.776339 0.479133
vt 0.777763 0.480290
vt 0.772503 0.483180
vt 0.773670 0.480863
vt 0.771537 0.482351
vt 0.807902 0.485259
vt 0.809527 0.485655
vt 0.809297 0.487198
vt 0.808591 0.483404
vt 0.810037 0.484590
vt 0.811429 0.483368
vt 0.812279 0.485296
vt 0.810664 0.485650
vt 0.810905 0.487224
vt 0.808429 0.492677
vt 0.809879 0.491594
vt 0.811190 0.492863
vt 0.807821 0.490864
vt 0.809419 0.490532
vt 0.809243 0.489001
vt 0.810843 0.489033
vt 0.810539 0.490580
vt 0.812115 0.491001
vt 0.845545 0.391674
vt 0.843558 0.393660
vt 0.764782 0.545521
vt 0.764325 0.543937
vt 0.768467 0.543824
vt 0.759613 0.544928
vt 0.761544 0.543862
vt 0.759386 0.543881
vt 0.763547 0.540779
vt 0.763930 0.542403
vt 0.767613 0.540404
vt 0.843558 0.482913
vt 0.845545 0.484899
vt 0.767784 0.429794
vt 0.763850 0.429621
vt 0.764313 0.428126
vt 0.766951 0.432989
vt 0.763455 0.431075
vt 0.763066 0.432629
vt 0.759136 0.429583
vt 0.761199 0.429640
vt 0.759367 0.428583
vt 0.744058 0.429249
vt 0.746002 0.429617
vt 0.745828 0.431618
vt 0.744920 0.427130
vt 0.746531 0.428281
vt 0.747855 0.426737
vt 0.749174 0.428528
vt 0.747363 0.429405
vt 0.748020 0.431319
vt 0.745681 0.540860
vt 0.745762 0.542953
vt 0.743722 0.543237
vt 0.747938 0.541282
vt 0.747169 0.543240
vt 0.749027 0.544240
vt 0.747553 0.546067
vt 0.746247 0.544374
vt 0.744505 0.545484
vt 0.790403 0.404085
vt 0.790857 0.402179
vt 0.792775 0.402336
vt 0.788653 0.403024
vt 0.789722 0.401646
vt 0.788534 0.400546
vt 0.789818 0.399474
vt 0.790631 0.400905
vt 0.792271 0.400173
vt 0.787185 0.395528
vt 0.786936 0.397559
vt 0.784895 0.397666
vt 0.789302 0.396509
vt 0.788209 0.397965
vt 0.789491 0.399072
vt 0.788208 0.400157
vt 0.787302 0.398785
vt 0.785735 0.399659
vt 0.794177 0.574264
vt 0.792016 0.574216
vt 0.791699 0.572035
vt 0.793340 0.576611
vt 0.791622 0.575597
vt 0.790578 0.577049
vt 0.789313 0.575762
vt 0.790705 0.574689
vt 0.789652 0.573067
vt 0.785459 0.578267
vt 0.787582 0.578589
vt 0.787589 0.580710
vt 0.786481 0.576241
vt 0.788067 0.577299
vt 0.789154 0.575919
vt 0.790414 0.577210
vt 0.788950 0.578223
vt 0.789910 0.579948
vt 0.757159 0.496164
vt 0.757291 0.480168
vt 0.754073 0.495899
vt 0.754227 0.480392
vt 0.788556 0.462448
vt 0.790572 0.464213
vt 0.824799 0.494217
vt 0.823689 0.497539
vt 0.824699 0.479784
vt 0.825375 0.483273
vt 0.774263 0.496047
vt 0.771658 0.493064
vt 0.783087 0.536727
vt 0.783854 0.539349
vt 0.749071 0.536284
vt 0.746350 0.535780
vt 0.781914 0.434055
vt 0.781212 0.436488
vt 0.749030 0.436530
vt 0.746369 0.436997
vt 0.732816 0.421629
vt 0.731623 0.424519
vt 0.757454 0.422285
vt 0.755822 0.420240
vt 0.731573 0.550116
vt 0.730642 0.547040
vt 0.757523 0.551179
vt 0.755687 0.553268
vt 0.805422 0.392653
vt 0.807374 0.396402
vt 0.796444 0.382275
vt 0.799649 0.385188
vt 0.809195 0.583265
vt 0.806426 0.587025
vt 0.799434 0.593802
vt 0.795485 0.596540
vt 0.863389 0.570023
vt 0.858070 0.582069
vt 0.849174 0.567847
vt 0.862173 0.567981
vt 0.957031 0.505290
vt 0.965076 0.513479
vt 0.964979 0.524279
vt 0.915724 0.523839
vt 0.911675 0.522715
vt 0.908730 0.519717
vt 0.907679 0.515649
vt 0.907703 0.512966
vt 0.908827 0.508918
vt 0.911824 0.505973
vt 0.915893 0.504922
vt 0.991452 0.505597
vt 0.973266 0.505435
vt 0.965221 0.497245
vt 0.965688 0.445026
vt 0.966812 0.440977
vt 0.969809 0.438032
vt 0.973877 0.436981
vt 0.983947 0.437071
vt 0.987996 0.438195
vt 0.990940 0.441192
vt 0.991992 0.445261
vt 0.835590 0.593969
vt 0.848630 0.586911
vt 0.864729 0.626156
vt 0.852483 0.634448
vt 0.869887 0.550854
vt 0.870228 0.534996
vt 0.904368 0.524510
vt 0.895966 0.537470
vt 0.821033 0.536082
vt 0.824821 0.532498
vt 0.869041 0.634006
vt 0.859428 0.643835
vt 0.860628 0.533842
vt 0.857524 0.549649
vt 0.828492 0.525880
vt 0.826506 0.510128
vt 0.876735 0.573759
vt 0.892908 0.577784
vt 0.900756 0.601963
vt 0.889793 0.612012
vt 0.915232 0.535863
vt 0.903279 0.542535
vt 0.902483 0.541308
vt 0.913914 0.533654
vt 0.964445 0.584106
vt 0.972634 0.576061
vt 0.990821 0.576224
vt 0.990711 0.588544
vt 0.989587 0.592593
vt 0.986590 0.595537
vt 0.982521 0.596589
vt 0.964335 0.596426
vt 0.883894 0.627677
vt 0.873770 0.622449
vt 0.903980 0.549897
vt 0.918901 0.548416
vt 0.956400 0.575916
vt 0.912616 0.595964
vt 0.908567 0.594840
vt 0.905623 0.591843
vt 0.904572 0.587774
vt 0.904609 0.583571
vt 0.905733 0.579522
vt 0.908731 0.576577
vt 0.912799 0.575526
vt 0.885758 0.657743
vt 0.888850 0.641204
vt 0.925417 0.643784
vt 0.938581 0.656134
vt 0.889928 0.631715
vt 0.876397 0.630913
vt 0.898430 0.619959
vt 0.907645 0.608012
vt 0.945565 0.621986
vt 0.928662 0.627190
vt 0.991283 0.524514
vt 0.964590 0.567872
vt 0.931217 0.635071
vt 0.947407 0.637252
vt 0.946297 0.642345
vt 0.930767 0.637508
vt 0.828261 0.581302
vt 0.840949 0.573563
vt 0.897533 0.544532
vt 0.898338 0.545733
vt 0.813411 0.513858
vt 0.820422 0.527416
vt 0.816225 0.531420
vt 0.802738 0.522140
vt 0.924847 0.633925
vt 0.924421 0.636195
vt 0.868113 0.650825
vt 0.875614 0.639021
vt 0.961100 0.504238
vt 0.964097 0.501294
vt 0.861454 0.551051
vt 0.862149 0.556304
vt 0.860031 0.556032
vt 0.865771 0.551461
vt 0.864158 0.556499
vt 0.866272 0.556602
vt 0.863320 0.562827
vt 0.862845 0.559902
vt 0.861872 0.562707
vt 0.896593 0.542530
vt 0.898469 0.541825
vt 0.899277 0.543497
vt 0.896031 0.540235
vt 0.898257 0.540429
vt 0.898811 0.538278
vt 0.900968 0.539609
vt 0.899591 0.541055
vt 0.900876 0.542454
vt 0.901584 0.548739
vt 0.902307 0.546703
vt 0.904463 0.547092
vt 0.899775 0.547354
vt 0.901143 0.545956
vt 0.899953 0.544559
vt 0.901549 0.543527
vt 0.902287 0.545256
vt 0.904141 0.544611
vt 0.960468 0.574865
vt 0.963466 0.571920
vt 0.892568 0.621979
vt 0.891120 0.620744
vt 0.895052 0.618028
vt 0.887215 0.624720
vt 0.888378 0.622455
vt 0.886274 0.623902
vt 0.888353 0.618172
vt 0.889761 0.619509
vt 0.892071 0.615245
vt 0.871276 0.632571
vt 0.872670 0.634532
vt 0.870878 0.636100
vt 0.873715 0.631558
vt 0.874205 0.633921
vt 0.876616 0.633710
vt 0.876356 0.636386
vt 0.874034 0.635593
vt 0.873066 0.637765
vt 0.813997 0.539615
vt 0.813989 0.536407
vt 0.816425 0.536327
vt 0.816845 0.538756
vt 0.814765 0.533675
vt 0.816810 0.534715
vt 0.817974 0.532908
vt 0.819544 0.534444
vt 0.817913 0.535741
vt 0.819135 0.537563
vt 0.827578 0.528521
vt 0.825291 0.528018
vt 0.825464 0.525641
vt 0.826351 0.530675
vt 0.824635 0.529399
vt 0.823269 0.530945
vt 0.821823 0.529294
vt 0.823692 0.528226
vt 0.822759 0.526218
vt 0.930433 0.629855
vt 0.928470 0.631225
vt 0.926793 0.629460
vt 0.931237 0.632510
vt 0.929020 0.632742
vt 0.929040 0.634809
vt 0.926969 0.634430
vt 0.927577 0.632504
vt 0.925584 0.631678
vt 0.924538 0.641020
vt 0.926696 0.640025
vt 0.928057 0.642049
vt 0.924253 0.638527
vt 0.926384 0.638527
vt 0.926541 0.636516
vt 0.928604 0.636940
vt 0.927827 0.638882
vt 0.929798 0.639853
vt 0.854803 0.583746
vt 0.846370 0.569867
vt 0.851663 0.585360
vt 0.843634 0.571768
vt 0.863831 0.534417
vt 0.867030 0.534832
vt 0.916993 0.539889
vt 0.918123 0.544105
vt 0.907957 0.527166
vt 0.911087 0.530275
vt 0.872446 0.572750
vt 0.867957 0.571467
vt 0.902895 0.604096
vt 0.905212 0.606095
vt 0.867672 0.624818
vt 0.870659 0.623572
vt 0.865058 0.648655
vt 0.862190 0.646303
vt 0.889585 0.634931
vt 0.889219 0.638078
vt 0.800422 0.526516
vt 0.798468 0.531013
vt 0.797067 0.535755
vt 0.817674 0.512142
vt 0.822060 0.510979
vt 0.946814 0.626957
vt 0.947342 0.632042
vt 0.944373 0.647217
vt 0.941712 0.651741
vt 0.976476 0.359814
vt 0.971980 0.366178
vt 0.968329 0.365130
vt 0.971749 0.357239
vt 0.977173 0.374496
vt 0.985585 0.371978
vt 0.984251 0.389192
vt 0.979136 0.384159
vt 0.947181 0.363263
vt 0.946232 0.355347
vt 0.927246 0.304841
vt 0.917131 0.305207
vt 0.914584 0.304622
vt 0.912670 0.302842
vt 0.911903 0.300344
vt 0.911679 0.294143
vt 0.921794 0.293777
vt 0.927022 0.298640
vt 0.966024 0.387073
vt 0.969741 0.380759
vt 0.973470 0.386452
vt 0.972871 0.392905
vt 0.967732 0.370272
vt 0.971227 0.372795
vt 0.947607 0.371042
vt 0.947530 0.368495
vt 0.948100 0.377222
vt 0.949933 0.384540
vt 0.945980 0.386124
vt 0.942481 0.379145
vt 0.926657 0.288550
vt 0.910481 0.261001
vt 0.925821 0.265411
vt 0.971263 0.370432
vt 0.964920 0.378122
vt 0.962050 0.384908
vt 0.939835 0.365228
vt 0.936709 0.357946
vt 0.972987 0.375799
vt 0.975997 0.384259
vt 0.975602 0.384425
vt 0.975134 0.368997
vt 0.981128 0.363886
vt 0.978473 0.392540
vt 0.976535 0.386741
vt 0.976950 0.386587
vt 0.979170 0.392307
vt 0.930775 0.259645
vt 0.917478 0.250395
vt 0.940326 0.245656
vt 0.940904 0.257549
vt 0.941032 0.389662
vt 0.936246 0.383854
vt 0.941219 0.373088
vt 0.940965 0.370073
vt 0.931204 0.378408
vt 0.932736 0.380025
vt 0.926126 0.386656
vt 0.924041 0.384979
vt 0.927864 0.374745
vt 0.922510 0.368446
vt 0.935946 0.394897
vt 0.930169 0.390000
vt 0.914272 0.376291
vt 0.920244 0.381778
vt 0.912173 0.392369
vt 0.905094 0.388043
vt 0.931104 0.401865
vt 0.924212 0.398020
vt 0.955654 0.245615
vt 0.952717 0.258199
vt 0.965429 0.262662
vt 0.974194 0.252466
vt 0.988487 0.266341
vt 0.975410 0.273203
vt 0.927494 0.410457
vt 0.919893 0.408062
vt 0.919172 0.395645
vt 0.916765 0.394631
vt 0.898797 0.401729
vt 0.906265 0.404320
vt 0.903505 0.416963
vt 0.895432 0.415719
vt 0.914433 0.406561
vt 0.911296 0.405762
vt 0.925784 0.418168
vt 0.917839 0.416958
vt 0.917276 0.431090
vt 0.925076 0.431063
vt 0.925806 0.441638
vt 0.917581 0.443256
vt 0.994648 0.284455
vt 0.979806 0.284445
vt 0.911967 0.416920
vt 0.908988 0.417068
vt 0.979793 0.303566
vt 0.994634 0.303577
vt 0.992142 0.324366
vt 0.978152 0.319412
vt 0.911511 0.430811
vt 0.908521 0.430596
vt 0.902858 0.430285
vt 0.894452 0.430137
vt 0.894851 0.446080
vt 0.903026 0.444919
vt 0.906478 0.456984
vt 0.898442 0.459986
vt 0.911376 0.444003
vt 0.908564 0.444275
vt 0.928883 0.451112
vt 0.921147 0.454499
vt 0.968699 0.330805
vt 0.981205 0.338795
vt 0.962035 0.349824
vt 0.959228 0.336273
vt 0.932505 0.457665
vt 0.925095 0.462373
vt 0.915176 0.455615
vt 0.911986 0.455897
vt 0.942450 0.351004
vt 0.943025 0.337177
vt 0.920304 0.465929
vt 0.918062 0.467772
vt 0.913728 0.471032
vt 0.906467 0.475797
vt 0.939974 0.467035
vt 0.932795 0.472350
vt 0.916661 0.488129
vt 0.922834 0.481422
vt 0.933759 0.490216
vt 0.932308 0.499891
vt 0.928619 0.475830
vt 0.926567 0.477726
vt 0.948674 0.478925
vt 0.940247 0.481548
vt 0.949607 0.484810
vt 0.942388 0.484744
vt 0.920488 0.347810
vt 0.926066 0.335145
vt 0.936758 0.484857
vt 0.935659 0.486464
vt 0.912429 0.341844
vt 0.910820 0.339812
vt 0.910481 0.337263
vt 0.911504 0.334881
vt 0.913826 0.331947
vt 0.915924 0.330386
vt 0.918524 0.330078
vt 0.920928 0.331107
vt 0.939904 0.486718
vt 0.939259 0.487917
vt 0.938860 0.491069
vt 0.942480 0.497228
vt 0.946863 0.493306
vt 0.941611 0.489273
vt 0.942268 0.488045
vt 0.948467 0.490687
vt 0.927425 0.291048
vt 0.929338 0.292828
vt 0.931885 0.293413
vt 0.967305 0.376514
vt 0.968231 0.376971
vt 0.966740 0.378672
vt 0.969638 0.374628
vt 0.969354 0.375840
vt 0.970276 0.374844
vt 0.969730 0.377786
vt 0.969018 0.377374
vt 0.968422 0.379578
vt 0.971293 0.368887
vt 0.972532 0.368860
vt 0.972667 0.370140
vt 0.971532 0.367491
vt 0.972675 0.367957
vt 0.973228 0.366894
vt 0.974275 0.367810
vt 0.973345 0.368561
vt 0.973917 0.369668
vt 0.974102 0.385572
vt 0.974897 0.386027
vt 0.974567 0.386862
vt 0.974808 0.384908
vt 0.975293 0.385586
vt 0.975963 0.385200
vt 0.976266 0.385943
vt 0.975501 0.386101
vt 0.975598 0.386928
vt 0.976911 0.384007
vt 0.977068 0.384855
vt 0.976305 0.385062
vt 0.977946 0.383945
vt 0.977678 0.384877
vt 0.978549 0.385297
vt 0.977797 0.386097
vt 0.977303 0.385389
vt 0.976611 0.385805
vt 0.942638 0.485961
vt 0.941694 0.486174
vt 0.941324 0.485275
vt 0.942588 0.487069
vt 0.941728 0.486845
vt 0.941451 0.487645
vt 0.940682 0.487214
vt 0.941176 0.486549
vt 0.940516 0.485937
vt 0.938794 0.489869
vt 0.939757 0.489747
vt 0.940053 0.490682
vt 0.938942 0.488837
vt 0.939783 0.489120
vt 0.940081 0.488336
vt 0.940845 0.488783
vt 0.940312 0.489442
vt 0.940959 0.490050
vt 0.963392 0.385556
vt 0.964713 0.386288
vt 0.974375 0.375339
vt 0.975767 0.374914
vt 0.978107 0.361057
vt 0.979638 0.362420
vt 0.967837 0.368502
vt 0.968036 0.366798
vt 0.974717 0.392981
vt 0.976592 0.392905
vt 0.982655 0.390485
vt 0.980931 0.391492
vt 0.947703 0.373223
vt 0.947859 0.375313
vt 0.947309 0.364867
vt 0.947429 0.366605
vt 0.941744 0.377275
vt 0.941364 0.375196
vt 0.940430 0.366725
vt 0.940795 0.368325
vt 0.933858 0.381209
vt 0.935029 0.382479
vt 0.929018 0.376066
vt 0.930132 0.377281
vt 0.927427 0.387709
vt 0.928780 0.388825
vt 0.921535 0.382909
vt 0.922800 0.383968
vt 0.922542 0.397129
vt 0.920847 0.396345
vt 0.913674 0.393217
vt 0.915206 0.393959
vt 0.916257 0.407016
vt 0.918087 0.407510
vt 0.907910 0.404847
vt 0.909583 0.405320
vt 0.915950 0.416798
vt 0.913978 0.416811
vt 0.905251 0.417117
vt 0.907082 0.417138
vt 0.906579 0.430455
vt 0.904696 0.430344
vt 0.913513 0.430947
vt 0.915431 0.431047
vt 0.913507 0.443796
vt 0.915601 0.443554
vt 0.904776 0.444681
vt 0.906618 0.444469
vt 0.919249 0.455102
vt 0.917238 0.455435
vt 0.908226 0.456436
vt 0.910066 0.456096
vt 0.921822 0.464705
vt 0.923420 0.463500
vt 0.915220 0.469993
vt 0.916654 0.468908
vt 0.929969 0.474651
vt 0.931353 0.473497
vt 0.924075 0.480155
vt 0.925314 0.478927
vt 0.938917 0.482579
vt 0.937751 0.483697
vt 0.934344 0.488908
vt 0.934967 0.487668
vt 0.949035 0.488765
vt 0.949444 0.486814
vt 0.945552 0.494769
vt 0.944083 0.496037
vt 0.946064 0.292900
vt 0.948611 0.293485
vt 0.950525 0.295265
vt 0.951292 0.297763
vt 0.951334 0.298918
vt 0.950749 0.301466
vt 0.948969 0.303379
vt 0.946471 0.304146
vt 0.849205 0.210975
vt 0.849091 0.183806
vt 0.852034 0.183797
vt 0.852378 0.210812
vt 0.827262 0.301653
vt 0.834742 0.309047
vt 0.834760 0.312261
vt 0.827367 0.319741
vt 0.817398 0.319799
vt 0.817294 0.301710
vt 0.859281 0.213675
vt 0.891558 0.215687
vt 0.891320 0.217206
vt 0.849049 0.156575
vt 0.852232 0.156727
vt 0.834656 0.294173
vt 0.817049 0.259293
vt 0.818024 0.255569
vt 0.820730 0.252831
vt 0.824443 0.251813
vt 0.826975 0.251799
vt 0.830699 0.252773
vt 0.833436 0.255480
vt 0.834454 0.259192
vt 0.831789 0.183864
vt 0.830664 0.176540
vt 0.838484 0.172414
vt 0.839565 0.183843
vt 0.859115 0.234406
vt 0.858979 0.223722
vt 0.892458 0.224673
vt 0.900765 0.233913
vt 0.798222 0.216385
vt 0.808244 0.216169
vt 0.808425 0.217732
vt 0.798357 0.219211
vt 0.869567 0.203270
vt 0.875300 0.195992
vt 0.905054 0.203656
vt 0.894927 0.209215
vt 0.855658 0.319578
vt 0.842240 0.319655
vt 0.842136 0.301567
vt 0.855554 0.301490
vt 0.897862 0.216608
vt 0.908827 0.217636
vt 0.908371 0.220678
vt 0.897639 0.218288
vt 0.834846 0.327135
vt 0.835025 0.358137
vt 0.834050 0.361861
vt 0.831344 0.364599
vt 0.827631 0.365617
vt 0.825099 0.365631
vt 0.821375 0.364657
vt 0.818637 0.361950
vt 0.817620 0.358238
vt 0.842471 0.234202
vt 0.842648 0.223680
vt 0.842273 0.213824
vt 0.814350 0.216895
vt 0.814139 0.215464
vt 0.876452 0.308806
vt 0.883846 0.301326
vt 0.893814 0.301269
vt 0.893919 0.319357
vt 0.883950 0.319415
vt 0.876471 0.312021
vt 0.804470 0.231957
vt 0.813000 0.224010
vt 0.825886 0.196880
vt 0.831913 0.203962
vt 0.811169 0.209524
vt 0.802512 0.203985
vt 0.838596 0.195265
vt 0.830681 0.191240
vt 0.859145 0.153842
vt 0.891180 0.150244
vt 0.891428 0.151760
vt 0.870297 0.190398
vt 0.862522 0.194879
vt 0.861544 0.183771
vt 0.868498 0.183755
vt 0.869485 0.164217
vt 0.894786 0.158211
vt 0.904525 0.163697
vt 0.875257 0.171468
vt 0.858926 0.133008
vt 0.900992 0.133245
vt 0.892313 0.142752
vt 0.858801 0.143794
vt 0.797723 0.151243
vt 0.797865 0.148428
vt 0.807901 0.149942
vt 0.807737 0.151524
vt 0.868972 0.301412
vt 0.869077 0.319500
vt 0.876366 0.293932
vt 0.876164 0.258952
vt 0.877139 0.255228
vt 0.879845 0.252490
vt 0.883558 0.251472
vt 0.886090 0.251458
vt 0.889814 0.252432
vt 0.892552 0.255139
vt 0.893570 0.258851
vt 0.897733 0.150834
vt 0.897510 0.149161
vt 0.908281 0.146987
vt 0.908698 0.150028
vt 0.894141 0.357796
vt 0.893166 0.361520
vt 0.890459 0.364258
vt 0.886747 0.365276
vt 0.884215 0.365290
vt 0.880491 0.364316
vt 0.877753 0.361609
vt 0.876735 0.357897
vt 0.876556 0.326894
vt 0.842179 0.133212
vt 0.842393 0.143799
vt 0.813689 0.152193
vt 0.813882 0.150749
vt 0.842067 0.153733
vt 0.812494 0.143627
vt 0.803953 0.135685
vt 0.825640 0.171040
vt 0.801722 0.163935
vt 0.810732 0.158208
vt 0.831677 0.163704
vt 0.835674 0.297886
vt 0.838412 0.300592
vt 0.863562 0.205146
vt 0.862155 0.203682
vt 0.866447 0.201280
vt 0.857120 0.207708
vt 0.858899 0.205184
vt 0.856117 0.206534
vt 0.859720 0.200554
vt 0.860938 0.202198
vt 0.863940 0.198329
vt 0.838528 0.320673
vt 0.835821 0.323411
vt 0.844395 0.207956
vt 0.842557 0.205487
vt 0.845369 0.206761
vt 0.837926 0.205576
vt 0.839274 0.204082
vt 0.834929 0.201851
vt 0.837315 0.198801
vt 0.840439 0.202566
vt 0.841607 0.200886
vt 0.812581 0.211481
vt 0.811033 0.212894
vt 0.809413 0.211543
vt 0.813551 0.213438
vt 0.811751 0.214071
vt 0.812199 0.215828
vt 0.810305 0.216059
vt 0.810450 0.214201
vt 0.808472 0.213836
vt 0.810639 0.222194
vt 0.811983 0.220376
vt 0.813999 0.221439
vt 0.809117 0.220054
vt 0.811047 0.219189
vt 0.810445 0.217372
vt 0.812356 0.217107
vt 0.812392 0.218970
vt 0.814397 0.219086
vt 0.896775 0.211552
vt 0.894977 0.212971
vt 0.893307 0.211383
vt 0.897753 0.214066
vt 0.895580 0.214408
vt 0.895683 0.216424
vt 0.893650 0.216121
vt 0.894171 0.214235
vt 0.892224 0.213512
vt 0.891534 0.221974
vt 0.893657 0.220945
vt 0.895066 0.222943
vt 0.891205 0.219507
vt 0.893312 0.219464
vt 0.893415 0.217482
vt 0.895451 0.217828
vt 0.894754 0.219779
vt 0.896770 0.220691
vt 0.872685 0.300394
vt 0.875391 0.297657
vt 0.866370 0.166221
vt 0.862063 0.163834
vt 0.863466 0.162362
vt 0.863875 0.169186
vt 0.860852 0.165325
vt 0.862471 0.172647
vt 0.859638 0.166978
vt 0.856001 0.161002
vt 0.858795 0.162343
vt 0.857001 0.159821
vt 0.875538 0.323182
vt 0.872801 0.320475
vt 0.837141 0.168873
vt 0.840316 0.165065
vt 0.841489 0.166747
vt 0.834736 0.165786
vt 0.839100 0.163576
vt 0.837735 0.162067
vt 0.844238 0.159634
vt 0.842407 0.162127
vt 0.845223 0.160828
vt 0.808966 0.156166
vt 0.810567 0.154806
vt 0.812141 0.156221
vt 0.807958 0.153892
vt 0.809962 0.153496
vt 0.809796 0.151620
vt 0.811712 0.151838
vt 0.811278 0.153615
vt 0.813105 0.154241
vt 0.813498 0.146202
vt 0.811492 0.147271
vt 0.810135 0.145451
vt 0.813922 0.148545
vt 0.811912 0.148677
vt 0.811893 0.150552
vt 0.809967 0.150298
vt 0.810558 0.148466
vt 0.808608 0.147601
vt 0.893153 0.156053
vt 0.894789 0.154476
vt 0.896659 0.155887
vt 0.892080 0.153929
vt 0.894020 0.153220
vt 0.893503 0.151331
vt 0.895537 0.151028
vt 0.895457 0.153071
vt 0.897598 0.153331
vt 0.894919 0.144510
vt 0.893529 0.146495
vt 0.891394 0.145464
vt 0.896669 0.146722
vt 0.894635 0.147657
vt 0.895342 0.149615
vt 0.893300 0.149964
vt 0.893189 0.147978
vt 0.891069 0.147938
vt 0.845700 0.183818
vt 0.842550 0.183830
vt 0.827760 0.195180
vt 0.829343 0.193249
vt 0.871735 0.192420
vt 0.873388 0.194334
vt 0.855422 0.183787
vt 0.858562 0.183778
vt 0.859119 0.217111
vt 0.842483 0.217179
vt 0.859026 0.220457
vt 0.842596 0.220462
vt 0.798899 0.211868
vt 0.800483 0.207760
vt 0.801567 0.228034
vt 0.799631 0.223701
vt 0.907139 0.207977
vt 0.908305 0.212654
vt 0.906752 0.225495
vt 0.904089 0.229835
vt 0.829311 0.174569
vt 0.827595 0.172749
vt 0.873351 0.173138
vt 0.871705 0.175063
vt 0.870274 0.177095
vt 0.858858 0.147066
vt 0.842363 0.147039
vt 0.858964 0.150413
vt 0.842251 0.150342
vt 0.799617 0.160000
vt 0.798374 0.155736
vt 0.799131 0.143948
vt 0.801059 0.139614
vt 0.908128 0.155003
vt 0.906560 0.159540
vt 0.904427 0.137483
vt 0.906734 0.142181
s 0
usemtl Luxurious_White_Marble
f 1/1/1 2/2/1 4/3/1 3/4/1
f 13/17/1 14/18/1 16/19/1 15/20/1
f 23/29/1 24/30/1 26/31/1 25/32/1
f 33/42/1 34/43/1 36/44/1 35/45/1
f 43/55/1 44/56/1 46/57/1 45/58/1
f 53/68/1 54/69/1 56/70/1 55/71/1
f 63/81/1 64/82/1 66/83/1 65/84/1
f 73/93/1 74/94/1 76/95/1 75/96/1
f 83/106/1 84/107/1 86/108/1 85/109/1
f 93/119/1 94/120/1 96/121/1 95/122/1
f 102/128/1 103/129/1 105/130/1 104/131/1
f 111/137/1 112/138/1 114/139/1 113/140/1
f 120/146/1 121/147/1 123/148/1 122/149/1
f 129/155/1 130/156/1 132/157/1 131/158/1
f 138/164/1 139/165/1 141/166/1 140/167/1
f 147/173/1 148/174/1 150/175/1 149/176/1
f 156/183/1 157/184/1 159/185/1 158/186/1
f 166/194/1 167/195/1 169/196/1 168/197/1
f 175/203/1 176/204/1 178/205/1 177/206/1
f 184/212/1 185/213/1 187/214/1 186/215/1
f 193/221/1 194/222/1 196/223/1 195/224/1
f 202/230/1 203/231/1 205/232/1 204/233/1
f 211/239/1 212/240/1 214/241/1 213/242/1
f 220/248/1 221/249/1 223/250/1 222/251/1
f 229/258/1 230/259/1 232/260/1 231/261/1
f 239/269/1 240/270/1 242/271/1 241/272/1
f 248/278/1 249/279/1 251/280/1 250/281/1
f 257/287/1 258/288/1 260/289/1 259/290/1
f 266/296/1 267/297/1 269/298/1 268/299/1
f 275/305/1 276/306/1 278/307/1 277/308/1
f 284/314/1 285/315/1 287/316/1 286/317/1
f 293/323/1 294/324/1 296/325/1 295/326/1
f 302/333/1 303/334/1 305/335/1 304/336/1
f 312/342/1 313/343/1 315/344/1 314/345/1
f 321/351/1 322/352/1 324/353/1 323/354/1
f 330/360/1 331/361/1 333/362/1 332/363/1
f 339/369/1 340/370/1 342/371/1 341/372/1
f 348/378/1 349/379/1 351/380/1 350/381/1
f 357/387/1 358/388/1 360/389/1 359/390/1
f 366/396/1 367/397/1 369/398/1 368/399/1
f 375/407/1 376/408/1 378/409/1 377/410/1
f 385/417/1 386/418/1 388/419/1 387/420/1
f 394/426/1 395/427/1 397/428/1 396/429/1
f 403/435/1 404/436/1 406/437/1 405/438/1
f 412/444/1 413/445/1 415/446/1 414/447/1
f 421/453/1 422/454/1 424/455/1 423/456/1
f 430/462/1 431/463/1 433/464/1 432/465/1
f 439/471/1 440/472/1 442/473/1 441/474/1
f 448/483/1 449/484/1 451/485/1 450/486/1
f 458/495/1 459/496/1 461/497/1 460/498/1
f 467/504/1 468/505/1 470/506/1 469/507/1
f 476/513/1 477/514/1 479/515/1 478/516/1
f 485/522/1 486/523/1 488/524/1 487/525/1
f 494/531/1 495/532/1 497/533/1 496/534/1
f 503/540/1 504/541/1 506/542/1 505/543/1
f 512/549/1 513/550/1 515/551/1 514/552/1
f 521/559/1 522/560/1 524/561/1 523/562/1
f 531/572/1 532/573/1 534/574/1 533/575/1
f 540/582/1 541/583/1 543/584/1 542/585/1
f 549/590/1 550/591/1 552/592/1 551/593/1
f 558/600/1 559/601/1 561/602/1 560/603/1
f 567/608/1 568/609/1 570/610/1 569/611/1
f 576/618/1 577/619/1 579/620/1 578/621/1
f 585/624/1 586/625/1 588/626/1 587/627/1
f 81/638/1 594/639/1 595/640/1 82/641/1
f 520/642/1 601/643/1 602/644/1 593/645/1
f 447/646/1 600/647/1 601/643/1 520/642/1
f 374/648/1 599/649/1 600/647/1 447/646/1
f 301/650/1 598/651/1 599/649/1 374/648/1
f 228/652/1 597/653/1 598/651/1 301/650/1
f 155/654/1 596/655/1 597/653/1 228/652/1
f 82/641/1 595/640/1 596/655/1 155/654/1
f 237/656/1 607/657/1 606/658/1 164/659/1
f 164/659/1 606/658/1 605/660/1 91/661/1
f 91/661/1 605/660/1 604/662/1 11/663/1
f 529/664/1 611/665/1 610/666/1 456/667/1
f 11/663/1 604/662/1 603/668/1 9/669/1
f 456/667/1 610/666/1 609/670/1 383/671/1
f 383/671/1 609/670/1 608/672/1 310/673/1
f 310/673/1 608/672/1 607/657/1 237/656/1
f 71/674/1 619/675/1 620/676/1 81/638/1
f 21/677/1 614/678/1 615/679/1 31/680/1
f 41/681/1 616/682/1 617/683/1 51/684/1
f 81/638/1 620/676/1 621/685/1 594/639/1
f 61/686/1 618/687/1 619/675/1 71/674/1
f 10/688/1 613/689/1 614/678/1 21/677/1
f 31/680/1 615/679/1 616/682/1 41/681/1
f 603/668/1 622/690/1 612/691/1 9/669/1
f 51/684/1 617/683/1 618/687/1 61/686/1
f 9/669/1 612/691/1 613/689/1 10/688/1
f 557/692/1 627/693/1 626/694/1 548/695/1
f 530/696/1 624/697/1 623/698/1 529/664/1
f 593/645/1 631/699/1 630/700/1 584/701/1
f 566/702/1 628/703/1 627/693/1 557/692/1
f 539/704/1 625/705/1 624/697/1 530/696/1
f 529/664/1 623/698/1 633/706/1 611/665/1
f 602/644/1 632/707/1 631/699/1 593/645/1
f 575/708/1 629/709/1 628/703/1 566/702/1
f 548/695/1 626/694/1 625/705/1 539/704/1
f 584/701/1 630/700/1 629/709/1 575/708/1
f 633/706/3 673/710/3 651/711/3 611/665/3
f 600/647/4 640/712/4 641/713/4 601/643/4
f 629/709/5 669/714/5 668/715/5 628/703/5
f 607/657/3 647/716/3 646/717/3 606/658/3
f 602/644/4 642/718/4 672/719/4 632/707/4
f 601/643/4 641/713/4 642/718/4 602/644/4
f 612/691/2 652/720/2 653/721/2 613/689/2
f 630/700/5 670/722/5 669/714/5 629/709/5
f 608/672/3 648/723/3 647/716/3 607/657/3
f 613/689/2 653/721/2 654/724/2 614/678/2
f 631/699/5 671/725/5 670/722/5 630/700/5
f 609/670/3 649/726/3 648/723/3 608/672/3
f 614/678/2 654/724/2 655/727/2 615/679/2
f 632/707/5 672/719/5 671/725/5 631/699/5
f 610/666/3 650/728/3 649/726/3 609/670/3
f 621/685/4 661/729/4 634/730/4 594/639/4
f 615/679/2 655/727/2 656/731/2 616/682/2
f 623/698/5 663/732/5 673/710/5 633/706/5
f 611/665/3 651/711/3 650/728/3 610/666/3
f 616/682/2 656/731/2 657/733/2 617/683/2
f 617/683/2 657/733/2 658/734/2 618/687/2
f 618/687/2 658/734/2 659/735/2 619/675/2
f 594/639/4 634/730/4 635/736/4 595/640/4
f 603/668/3 643/737/3 662/738/3 622/690/3
f 619/675/2 659/735/2 660/739/2 620/676/2
f 595/640/4 635/736/4 636/740/4 596/655/4
f 624/697/5 664/741/5 663/732/5 623/698/5
f 620/676/2 660/739/2 661/729/2 621/685/2
f 596/655/4 636/740/4 637/742/4 597/653/4
f 625/705/5 665/743/5 664/741/5 624/697/5
f 622/690/2 662/738/2 652/720/2 612/691/2
f 597/653/4 637/742/4 638/744/4 598/651/4
f 626/694/5 666/745/5 665/743/5 625/705/5
f 604/662/3 644/746/3 643/737/3 603/668/3
f 598/651/4 638/744/4 639/747/4 599/649/4
f 627/693/5 667/748/5 666/745/5 626/694/5
f 605/660/3 645/749/3 644/746/3 604/662/3
f 599/649/4 639/747/4 640/712/4 600/647/4
f 628/703/5 668/715/5 667/748/5 627/693/5
f 606/658/3 646/717/3 645/749/3 605/660/3
f 660/739/6 730/750/6 634/730/6 661/729/6
f 660/739/6 659/735/6 723/751/6 730/750/6
f 659/735/6 658/734/6 716/752/6 723/751/6
f 658/734/6 657/733/6 709/753/6 716/752/6
f 657/733/6 656/731/6 702/754/6 709/753/6
f 656/731/6 655/727/6 695/755/6 702/754/6
f 655/727/6 654/724/6 688/756/6 695/755/6
f 654/724/6 653/721/6 681/757/6 688/756/6
f 653/721/6 652/720/6 674/758/6 681/757/6
f 652/720/6 662/738/6 643/737/6 674/758/6
f 635/736/6 634/730/6 730/750/6 731/759/6
f 724/760/6 731/759/6 730/750/6 723/751/6
f 717/761/6 724/760/6 723/751/6 716/752/6
f 710/762/6 717/761/6 716/752/6 709/753/6
f 703/763/6 710/762/6 709/753/6 702/754/6
f 696/764/6 703/763/6 702/754/6 695/755/6
f 689/765/6 696/764/6 695/755/6 688/756/6
f 682/766/6 689/765/6 688/756/6 681/757/6
f 675/767/6 682/766/6 681/757/6 674/758/6
f 644/746/6 675/767/6 674/758/6 643/737/6
f 636/740/6 635/736/6 731/759/6 732/768/6
f 725/769/6 732/768/6 731/759/6 724/760/6
f 718/770/6 725/769/6 724/760/6 717/761/6
f 711/771/6 718/770/6 717/761/6 710/762/6
f 704/772/6 711/771/6 710/762/6 703/763/6
f 697/773/6 704/772/6 703/763/6 696/764/6
f 690/774/6 697/773/6 696/764/6 689/765/6
f 683/775/6 690/774/6 689/765/6 682/766/6
f 676/776/6 683/775/6 682/766/6 675/767/6
f 645/749/6 676/776/6 675/767/6 644/746/6
f 646/717/6 677/777/6 676/776/6 645/749/6
f 677/777/6 684/778/6 683/775/6 676/776/6
f 684/778/6 691/779/6 690/774/6 683/775/6
f 691/779/6 698/780/6 697/773/6 690/774/6
f 698/780/6 705/781/6 704/772/6 697/773/6
f 705/781/6 712/782/6 711/771/6 704/772/6
f 712/782/6 719/783/6 718/770/6 711/771/6
f 719/783/6 726/784/6 725/769/6 718/770/6
f 726/784/6 733/785/6 732/768/6 725/769/6
f 637/742/6 636/740/6 732/768/6 733/785/6
f 647/716/6 678/786/6 677/777/6 646/717/6
f 678/786/6 685/787/6 684/778/6 677/777/6
f 685/787/6 692/788/6 691/779/6 684/778/6
f 692/788/6 699/789/6 698/780/6 691/779/6
f 699/789/6 706/790/6 705/781/6 698/780/6
f 706/790/6 713/791/6 712/782/6 705/781/6
f 713/791/6 720/792/6 719/783/6 712/782/6
f 720/792/6 727/793/6 726/784/6 719/783/6
f 727/793/6 734/794/6 733/785/6 726/784/6
f 638/744/6 637/742/6 733/785/6 734/794/6
f 648/723/6 679/795/6 678/786/6 647/716/6
f 686/796/6 693/797/6 692/788/6 685/787/6
f 693/797/6 700/798/6 699/789/6 692/788/6
f 700/798/6 707/799/6 706/790/6 699/789/6
f 707/799/6 714/800/6 713/791/6 706/790/6
f 714/800/6 721/801/6 720/792/6 713/791/6
f 721/801/6 728/802/6 727/793/6 720/792/6
f 728/802/6 735/803/6 734/794/6 727/793/6
f 639/747/6 638/744/6 734/794/6 735/803/6
f 640/712/6 639/747/6 735/803/6 736/804/6
f 729/805/6 736/804/6 735/803/6 728/802/6
f 722/806/6 729/805/6 728/802/6 721/801/6
f 715/807/6 722/806/6 721/801/6 714/800/6
f 708/808/6 715/807/6 714/800/6 707/799/6
f 701/809/6 708/808/6 707/799/6 700/798/6
f 694/810/6 701/809/6 700/798/6 693/797/6
f 687/811/6 694/810/6 693/797/6 686/796/6
f 649/726/6 680/812/6 679/795/6 648/723/6
f 641/713/6 640/712/6 736/804/6 753/813/6
f 736/804/6 729/805/6 751/814/6 753/813/6
f 729/805/6 722/806/6 749/815/6 751/814/6
f 722/806/6 715/807/6 747/816/6 749/815/6
f 715/807/6 708/808/6 745/817/6 747/816/6
f 708/808/6 701/809/6 743/818/6 745/817/6
f 701/809/6 694/810/6 741/819/6 743/818/6
f 694/810/6 687/811/6 739/820/6 741/819/6
f 650/728/6 737/821/6 680/812/6 649/726/6
f 651/711/6 738/822/6 737/821/6 650/728/6
f 738/822/6 740/823/6 739/820/6 737/821/6
f 740/823/6 742/824/6 741/819/6 739/820/6
f 742/824/6 744/825/6 743/818/6 741/819/6
f 744/825/6 746/826/6 745/817/6 743/818/6
f 746/826/6 748/827/6 747/816/6 745/817/6
f 748/827/6 750/828/6 749/815/6 747/816/6
f 750/828/6 752/829/6 751/814/6 749/815/6
f 752/829/6 754/830/6 753/813/6 751/814/6
f 642/718/6 641/713/6 753/813/6 754/830/6
f 671/725/6 672/719/6 642/718/6 754/830/6
f 671/725/6 754/830/6 752/829/6 670/722/6
f 670/722/6 752/829/6 750/828/6 669/714/6
f 669/714/6 750/828/6 748/827/6 668/715/6
f 668/715/6 748/827/6 746/826/6 667/748/6
f 667/748/6 746/826/6 744/825/6 666/745/6
f 666/745/6 744/825/6 742/824/6 665/743/6
f 665/743/6 742/824/6 740/823/6 664/741/6
f 664/741/6 740/823/6 738/822/6 663/732/6
f 663/732/6 738/822/6 651/711/6 673/710/6
f 679/795/6 686/796/6 685/787/6 678/786/6
f 680/812/6 687/811/6 686/796/6 679/795/6
f 737/821/6 739/820/6 687/811/6 680/812/6
usemtl Realistic_procedural_gold
f 556/5/2 860/6/2 861/7/2 555/8/2
f 2/2/3 6/9/3 8/10/3 4/3/3
f 3/4/4 7/11/4 5/12/4 1/1/4
f 4/3/2 8/10/2 7/11/2 3/4/2
f 1/1/5 5/12/5 6/9/5 2/2/5
f 162/13/4 818/14/4 819/15/4 160/16/4
f 14/18/3 18/21/3 20/22/3 16/19/3
f 15/20/4 19/23/4 17/24/4 13/17/4
f 16/19/2 20/22/2 19/23/2 15/20/2
f 13/17/5 17/24/5 18/21/5 14/18/5
f 20/22/1 22/25/1 12/26/1 19/23/1
f 555/8/2 861/7/2 900/27/2 780/28/2
f 24/30/3 28/33/3 30/34/3 26/31/3
f 25/32/4 29/35/4 27/36/4 23/29/4
f 26/31/2 30/34/2 29/35/2 25/32/2
f 23/29/5 27/36/5 28/33/5 24/30/5
f 30/34/1 32/37/1 22/25/1 29/35/1
f 583/38/2 869/39/2 870/40/2 582/41/2
f 34/43/3 38/46/3 40/47/3 36/44/3
f 35/45/4 39/48/4 37/49/4 33/42/4
f 36/44/2 40/47/2 39/48/2 35/45/2
f 33/42/5 37/49/5 38/46/5 34/43/5
f 40/47/1 42/50/1 32/37/1 39/48/1
f 51/51/2 800/52/2 797/53/2 41/54/2
f 44/56/3 48/59/3 50/60/3 46/57/3
f 45/58/4 49/61/4 47/62/4 43/55/4
f 46/57/2 50/60/2 49/61/2 45/58/2
f 43/55/5 47/62/5 48/59/5 44/56/5
f 50/60/1 52/63/1 42/50/1 49/61/1
f 528/64/2 851/65/2 849/66/2 527/67/2
f 54/69/3 58/72/3 60/73/3 56/70/3
f 55/71/4 59/74/4 57/75/4 53/68/4
f 56/70/2 60/73/2 59/74/2 55/71/2
f 53/68/5 57/75/5 58/72/5 54/69/5
f 60/73/1 62/76/1 52/63/1 59/74/1
f 757/77/4 877/78/4 830/79/4 308/80/4
f 64/82/3 68/85/3 70/86/3 66/83/3
f 65/84/4 69/87/4 67/88/4 63/81/4
f 66/83/2 70/86/2 69/87/2 65/84/2
f 63/81/5 67/88/5 68/85/5 64/82/5
f 70/86/1 72/89/1 62/76/1 69/87/1
f 58/72/5 802/90/5 887/91/5 767/92/5
f 74/94/3 78/97/3 80/98/3 76/95/3
f 75/96/4 79/99/4 77/100/4 73/93/4
f 76/95/2 80/98/2 79/99/2 75/96/2
f 73/93/5 77/100/5 78/97/5 74/94/5
f 447/101/4 841/102/4 835/103/4 374/104/4
f 767/92/5 887/91/5 804/105/5 67/88/5
f 21/110/2 791/111/2 788/112/2 10/113/2
f 84/107/3 88/114/3 90/115/3 86/108/3
f 85/109/4 89/116/4 87/117/4 83/106/4
f 86/108/2 90/115/2 89/116/2 85/109/2
f 83/106/5 87/117/5 88/114/5 84/107/5
f 88/114/1 12/26/1 92/118/1 90/115/1
f 99/123/1 92/118/1 12/26/1 97/124/1
f 94/120/3 98/125/3 100/126/3 96/121/3
f 95/122/4 99/123/4 97/124/4 93/119/4
f 96/121/2 100/126/2 99/123/2 95/122/2
f 93/119/5 97/124/5 98/125/5 94/120/5
f 100/126/1 101/127/1 92/118/1 99/123/1
f 97/124/1 12/26/1 22/25/1 98/125/1
f 98/125/1 22/25/1 101/127/1 100/126/1
f 108/132/1 101/127/1 22/25/1 106/133/1
f 103/129/3 107/134/3 109/135/3 105/130/3
f 104/131/4 108/132/4 106/133/4 102/128/4
f 105/130/2 109/135/2 108/132/2 104/131/2
f 102/128/5 106/133/5 107/134/5 103/129/5
f 109/135/1 110/136/1 101/127/1 108/132/1
f 106/133/1 22/25/1 32/37/1 107/134/1
f 107/134/1 32/37/1 110/136/1 109/135/1
f 117/141/1 110/136/1 32/37/1 115/142/1
f 112/138/3 116/143/3 118/144/3 114/139/3
f 113/140/4 117/141/4 115/142/4 111/137/4
f 114/139/2 118/144/2 117/141/2 113/140/2
f 111/137/5 115/142/5 116/143/5 112/138/5
f 118/144/1 119/145/1 110/136/1 117/141/1
f 115/142/1 32/37/1 42/50/1 116/143/1
f 116/143/1 42/50/1 119/145/1 118/144/1
f 126/150/1 119/145/1 42/50/1 124/151/1
f 121/147/3 125/152/3 127/153/3 123/148/3
f 122/149/4 126/150/4 124/151/4 120/146/4
f 123/148/2 127/153/2 126/150/2 122/149/2
f 120/146/5 124/151/5 125/152/5 121/147/5
f 127/153/1 128/154/1 119/145/1 126/150/1
f 124/151/1 42/50/1 52/63/1 125/152/1
f 125/152/1 52/63/1 128/154/1 127/153/1
f 135/159/1 128/154/1 52/63/1 133/160/1
f 130/156/3 134/161/3 136/162/3 132/157/3
f 131/158/4 135/159/4 133/160/4 129/155/4
f 132/157/2 136/162/2 135/159/2 131/158/2
f 129/155/5 133/160/5 134/161/5 130/156/5
f 136/162/1 137/163/1 128/154/1 135/159/1
f 133/160/1 52/63/1 62/76/1 134/161/1
f 134/161/1 62/76/1 137/163/1 136/162/1
f 144/168/1 137/163/1 62/76/1 142/169/1
f 139/165/3 143/170/3 145/171/3 141/166/3
f 140/167/4 144/168/4 142/169/4 138/164/4
f 141/166/2 145/171/2 144/168/2 140/167/2
f 138/164/5 142/169/5 143/170/5 139/165/5
f 145/171/1 146/172/1 137/163/1 144/168/1
f 142/169/1 62/76/1 72/89/1 143/170/1
f 143/170/1 72/89/1 146/172/1 145/171/1
f 153/177/1 146/172/1 72/89/1 151/178/1
f 148/174/3 152/179/3 154/180/3 150/175/3
f 149/176/4 153/177/4 151/178/4 147/173/4
f 150/175/2 154/180/2 153/177/2 149/176/2
f 147/173/5 151/178/5 152/179/5 148/174/5
f 779/181/2 899/182/2 860/6/2 556/5/2
f 164/187/3 820/188/3 826/189/3 237/190/3
f 157/184/3 161/191/3 163/192/3 159/185/3
f 158/186/4 162/13/4 160/16/4 156/183/4
f 159/185/2 163/192/2 162/13/2 158/186/2
f 156/183/5 160/16/5 161/191/5 157/184/5
f 161/191/1 92/118/1 165/193/1 163/192/1
f 172/198/1 165/193/1 92/118/1 170/199/1
f 167/195/3 171/200/3 173/201/3 169/196/3
f 168/197/4 172/198/4 170/199/4 166/194/4
f 169/196/2 173/201/2 172/198/2 168/197/2
f 166/194/5 170/199/5 171/200/5 167/195/5
f 173/201/1 174/202/1 165/193/1 172/198/1
f 170/199/1 92/118/1 101/127/1 171/200/1
f 171/200/1 101/127/1 174/202/1 173/201/1
f 181/207/1 174/202/1 101/127/1 179/208/1
f 176/204/3 180/209/3 182/210/3 178/205/3
f 177/206/4 181/207/4 179/208/4 175/203/4
f 178/205/2 182/210/2 181/207/2 177/206/2
f 175/203/5 179/208/5 180/209/5 176/204/5
f 182/210/1 183/211/1 174/202/1 181/207/1
f 179/208/1 101/127/1 110/136/1 180/209/1
f 180/209/1 110/136/1 183/211/1 182/210/1
f 190/216/1 183/211/1 110/136/1 188/217/1
f 185/213/3 189/218/3 191/219/3 187/214/3
f 186/215/4 190/216/4 188/217/4 184/212/4
f 187/214/2 191/219/2 190/216/2 186/215/2
f 184/212/5 188/217/5 189/218/5 185/213/5
f 191/219/1 192/220/1 183/211/1 190/216/1
f 188/217/1 110/136/1 119/145/1 189/218/1
f 189/218/1 119/145/1 192/220/1 191/219/1
f 199/225/1 192/220/1 119/145/1 197/226/1
f 194/222/3 198/227/3 200/228/3 196/223/3
f 195/224/4 199/225/4 197/226/4 193/221/4
f 196/223/2 200/228/2 199/225/2 195/224/2
f 193/221/5 197/226/5 198/227/5 194/222/5
f 200/228/1 201/229/1 192/220/1 199/225/1
f 197/226/1 119/145/1 128/154/1 198/227/1
f 198/227/1 128/154/1 201/229/1 200/228/1
f 208/234/1 201/229/1 128/154/1 206/235/1
f 203/231/3 207/236/3 209/237/3 205/232/3
f 204/233/4 208/234/4 206/235/4 202/230/4
f 205/232/2 209/237/2 208/234/2 204/233/2
f 202/230/5 206/235/5 207/236/5 203/231/5
f 209/237/1 210/238/1 201/229/1 208/234/1
f 206/235/1 128/154/1 137/163/1 207/236/1
f 207/236/1 137/163/1 210/238/1 209/237/1
f 217/243/1 210/238/1 137/163/1 215/244/1
f 212/240/3 216/245/3 218/246/3 214/241/3
f 213/242/4 217/243/4 215/244/4 211/239/4
f 214/241/2 218/246/2 217/243/2 213/242/2
f 211/239/5 215/244/5 216/245/5 212/240/5
f 218/246/1 219/247/1 210/238/1 217/243/1
f 215/244/1 137/163/1 146/172/1 216/245/1
f 216/245/1 146/172/1 219/247/1 218/246/1
f 226/252/1 219/247/1 146/172/1 224/253/1
f 221/249/3 225/254/3 227/255/3 223/250/3
f 222/251/4 226/252/4 224/253/4 220/248/4
f 223/250/2 227/255/2 226/252/2 222/251/2
f 220/248/5 224/253/5 225/254/5 221/249/5
f 527/67/4 849/66/4 850/256/4 525/257/4
f 78/97/3 808/262/3 809/263/3 80/98/3
f 230/259/3 234/264/3 236/265/3 232/260/3
f 231/261/4 235/266/4 233/267/4 229/258/4
f 232/260/2 236/265/2 235/266/2 231/261/2
f 229/258/5 233/267/5 234/264/5 230/259/5
f 234/264/1 165/193/1 238/268/1 236/265/1
f 245/273/1 238/268/1 165/193/1 243/274/1
f 240/270/3 244/275/3 246/276/3 242/271/3
f 241/272/4 245/273/4 243/274/4 239/269/4
f 242/271/2 246/276/2 245/273/2 241/272/2
f 239/269/5 243/274/5 244/275/5 240/270/5
f 246/276/1 247/277/1 238/268/1 245/273/1
f 243/274/1 165/193/1 174/202/1 244/275/1
f 244/275/1 174/202/1 247/277/1 246/276/1
f 254/282/1 247/277/1 174/202/1 252/283/1
f 249/279/3 253/284/3 255/285/3 251/280/3
f 250/281/4 254/282/4 252/283/4 248/278/4
f 251/280/2 255/285/2 254/282/2 250/281/2
f 248/278/5 252/283/5 253/284/5 249/279/5
f 255/285/1 256/286/1 247/277/1 254/282/1
f 252/283/1 174/202/1 183/211/1 253/284/1
f 253/284/1 183/211/1 256/286/1 255/285/1
f 263/291/1 256/286/1 183/211/1 261/292/1
f 258/288/3 262/293/3 264/294/3 260/289/3
f 259/290/4 263/291/4 261/292/4 257/287/4
f 260/289/2 264/294/2 263/291/2 259/290/2
f 257/287/5 261/292/5 262/293/5 258/288/5
f 264/294/1 265/295/1 256/286/1 263/291/1
f 261/292/1 183/211/1 192/220/1 262/293/1
f 262/293/1 192/220/1 265/295/1 264/294/1
f 272/300/1 265/295/1 192/220/1 270/301/1
f 267/297/3 271/302/3 273/303/3 269/298/3
f 268/299/4 272/300/4 270/301/4 266/296/4
f 269/298/2 273/303/2 272/300/2 268/299/2
f 266/296/5 270/301/5 271/302/5 267/297/5
f 273/303/1 274/304/1 265/295/1 272/300/1
f 270/301/1 192/220/1 201/229/1 271/302/1
f 271/302/1 201/229/1 274/304/1 273/303/1
f 281/309/1 274/304/1 201/229/1 279/310/1
f 276/306/3 280/311/3 282/312/3 278/307/3
f 277/308/4 281/309/4 279/310/4 275/305/4
f 278/307/2 282/312/2 281/309/2 277/308/2
f 275/305/5 279/310/5 280/311/5 276/306/5
f 282/312/1 283/313/1 274/304/1 281/309/1
f 279/310/1 201/229/1 210/238/1 280/311/1
f 280/311/1 210/238/1 283/313/1 282/312/1
f 290/318/1 283/313/1 210/238/1 288/319/1
f 285/315/3 289/320/3 291/321/3 287/316/3
f 286/317/4 290/318/4 288/319/4 284/314/4
f 287/316/2 291/321/2 290/318/2 286/317/2
f 284/314/5 288/319/5 289/320/5 285/315/5
f 291/321/1 292/322/1 283/313/1 290/318/1
f 288/319/1 210/238/1 219/247/1 289/320/1
f 289/320/1 219/247/1 292/322/1 291/321/1
f 299/327/1 292/322/1 219/247/1 297/328/1
f 294/324/3 298/329/3 300/330/3 296/325/3
f 295/326/4 299/327/4 297/328/4 293/323/4
f 296/325/2 300/330/2 299/327/2 295/326/2
f 293/323/5 297/328/5 298/329/5 294/324/5
f 564/331/2 864/332/2 899/182/2 779/181/2
f 77/100/5 807/337/5 808/262/5 78/97/5
f 303/334/3 307/338/3 309/339/3 305/335/3
f 304/336/4 308/80/4 306/340/4 302/333/4
f 305/335/2 309/339/2 308/80/2 304/336/2
f 302/333/5 306/340/5 307/338/5 303/334/5
f 307/338/1 238/268/1 311/341/1 309/339/1
f 318/346/1 311/341/1 238/268/1 316/347/1
f 313/343/3 317/348/3 319/349/3 315/344/3
f 314/345/4 318/346/4 316/347/4 312/342/4
f 315/344/2 319/349/2 318/346/2 314/345/2
f 312/342/5 316/347/5 317/348/5 313/343/5
f 319/349/1 320/350/1 311/341/1 318/346/1
f 316/347/1 238/268/1 247/277/1 317/348/1
f 317/348/1 247/277/1 320/350/1 319/349/1
f 327/355/1 320/350/1 247/277/1 325/356/1
f 322/352/3 326/357/3 328/358/3 324/353/3
f 323/354/4 327/355/4 325/356/4 321/351/4
f 324/353/2 328/358/2 327/355/2 323/354/2
f 321/351/5 325/356/5 326/357/5 322/352/5
f 328/358/1 329/359/1 320/350/1 327/355/1
f 325/356/1 247/277/1 256/286/1 326/357/1
f 326/357/1 256/286/1 329/359/1 328/358/1
f 336/364/1 329/359/1 256/286/1 334/365/1
f 331/361/3 335/366/3 337/367/3 333/362/3
f 332/363/4 336/364/4 334/365/4 330/360/4
f 333/362/2 337/367/2 336/364/2 332/363/2
f 330/360/5 334/365/5 335/366/5 331/361/5
f 337/367/1 338/368/1 329/359/1 336/364/1
f 334/365/1 256/286/1 265/295/1 335/366/1
f 335/366/1 265/295/1 338/368/1 337/367/1
f 345/373/1 338/368/1 265/295/1 343/374/1
f 340/370/3 344/375/3 346/376/3 342/371/3
f 341/372/4 345/373/4 343/374/4 339/369/4
f 342/371/2 346/376/2 345/373/2 341/372/2
f 339/369/5 343/374/5 344/375/5 340/370/5
f 346/376/1 347/377/1 338/368/1 345/373/1
f 343/374/1 265/295/1 274/304/1 344/375/1
f 344/375/1 274/304/1 347/377/1 346/376/1
f 354/382/1 347/377/1 274/304/1 352/383/1
f 349/379/3 353/384/3 355/385/3 351/380/3
f 350/381/4 354/382/4 352/383/4 348/378/4
f 351/380/2 355/385/2 354/382/2 350/381/2
f 348/378/5 352/383/5 353/384/5 349/379/5
f 355/385/1 356/386/1 347/377/1 354/382/1
f 352/383/1 274/304/1 283/313/1 353/384/1
f 353/384/1 283/313/1 356/386/1 355/385/1
f 363/391/1 356/386/1 283/313/1 361/392/1
f 358/388/3 362/393/3 364/394/3 360/389/3
f 359/390/4 363/391/4 361/392/4 357/387/4
f 360/389/2 364/394/2 363/391/2 359/390/2
f 357/387/5 361/392/5 362/393/5 358/388/5
f 364/394/1 365/395/1 356/386/1 363/391/1
f 361/392/1 283/313/1 292/322/1 362/393/1
f 362/393/1 292/322/1 365/395/1 364/394/1
f 372/400/1 365/395/1 292/322/1 370/401/1
f 367/397/3 371/402/3 373/403/3 369/398/3
f 368/399/4 372/400/4 370/401/4 366/396/4
f 369/398/2 373/403/2 372/400/2 368/399/2
f 366/396/5 370/401/5 371/402/5 367/397/5
f 48/59/5 799/404/5 886/405/5 766/406/5
f 766/406/5 886/405/5 801/411/5 57/75/5
f 376/408/3 380/412/3 382/413/3 378/409/3
f 377/410/4 381/414/4 379/415/4 375/407/4
f 378/409/2 382/413/2 381/414/2 377/410/2
f 375/407/5 379/415/5 380/412/5 376/408/5
f 380/412/1 311/341/1 384/416/1 382/413/1
f 391/421/1 384/416/1 311/341/1 389/422/1
f 386/418/3 390/423/3 392/424/3 388/419/3
f 387/420/4 391/421/4 389/422/4 385/417/4
f 388/419/2 392/424/2 391/421/2 387/420/2
f 385/417/5 389/422/5 390/423/5 386/418/5
f 392/424/1 393/425/1 384/416/1 391/421/1
f 389/422/1 311/341/1 320/350/1 390/423/1
f 390/423/1 320/350/1 393/425/1 392/424/1
f 400/430/1 393/425/1 320/350/1 398/431/1
f 395/427/3 399/432/3 401/433/3 397/428/3
f 396/429/4 400/430/4 398/431/4 394/426/4
f 397/428/2 401/433/2 400/430/2 396/429/2
f 394/426/5 398/431/5 399/432/5 395/427/5
f 401/433/1 402/434/1 393/425/1 400/430/1
f 398/431/1 320/350/1 329/359/1 399/432/1
f 399/432/1 329/359/1 402/434/1 401/433/1
f 409/439/1 402/434/1 329/359/1 407/440/1
f 404/436/3 408/441/3 410/442/3 406/437/3
f 405/438/4 409/439/4 407/440/4 403/435/4
f 406/437/2 410/442/2 409/439/2 405/438/2
f 403/435/5 407/440/5 408/441/5 404/436/5
f 410/442/1 411/443/1 402/434/1 409/439/1
f 407/440/1 329/359/1 338/368/1 408/441/1
f 408/441/1 338/368/1 411/443/1 410/442/1
f 418/448/1 411/443/1 338/368/1 416/449/1
f 413/445/3 417/450/3 419/451/3 415/446/3
f 414/447/4 418/448/4 416/449/4 412/444/4
f 415/446/2 419/451/2 418/448/2 414/447/2
f 412/444/5 416/449/5 417/450/5 413/445/5
f 419/451/1 420/452/1 411/443/1 418/448/1
f 416/449/1 338/368/1 347/377/1 417/450/1
f 417/450/1 347/377/1 420/452/1 419/451/1
f 427/457/1 420/452/1 347/377/1 425/458/1
f 422/454/3 426/459/3 428/460/3 424/455/3
f 423/456/4 427/457/4 425/458/4 421/453/4
f 424/455/2 428/460/2 427/457/2 423/456/2
f 421/453/5 425/458/5 426/459/5 422/454/5
f 428/460/1 429/461/1 420/452/1 427/457/1
f 425/458/1 347/377/1 356/386/1 426/459/1
f 426/459/1 356/386/1 429/461/1 428/460/1
f 436/466/1 429/461/1 356/386/1 434/467/1
f 431/463/3 435/468/3 437/469/3 433/464/3
f 432/465/4 436/466/4 434/467/4 430/462/4
f 433/464/2 437/469/2 436/466/2 432/465/2
f 430/462/5 434/467/5 435/468/5 431/463/5
f 437/469/1 438/470/1 429/461/1 436/466/1
f 434/467/1 356/386/1 365/395/1 435/468/1
f 435/468/1 365/395/1 438/470/1 437/469/1
f 445/475/1 438/470/1 365/395/1 443/476/1
f 440/472/3 444/477/3 446/478/3 442/473/3
f 441/474/4 445/475/4 443/476/4 439/471/4
f 442/473/2 446/478/2 445/475/2 441/474/2
f 439/471/5 443/476/5 444/477/5 440/472/5
f 778/479/2 898/480/2 863/481/2 565/482/2
f 47/62/5 798/487/5 799/404/5 48/59/5
f 449/484/3 453/488/3 455/489/3 451/485/3
f 450/486/4 454/490/4 452/491/4 448/483/4
f 451/485/2 455/489/2 454/490/2 450/486/2
f 448/483/5 452/491/5 453/488/5 449/484/5
f 573/492/2 867/493/2 898/480/2 778/479/2
f 453/488/1 384/416/1 457/494/1 455/489/1
f 464/499/1 457/494/1 384/416/1 462/500/1
f 459/496/3 463/501/3 465/502/3 461/497/3
f 460/498/4 464/499/4 462/500/4 458/495/4
f 461/497/2 465/502/2 464/499/2 460/498/2
f 458/495/5 462/500/5 463/501/5 459/496/5
f 465/502/1 466/503/1 457/494/1 464/499/1
f 462/500/1 384/416/1 393/425/1 463/501/1
f 463/501/1 393/425/1 466/503/1 465/502/1
f 473/508/1 466/503/1 393/425/1 471/509/1
f 468/505/3 472/510/3 474/511/3 470/506/3
f 469/507/4 473/508/4 471/509/4 467/504/4
f 470/506/2 474/511/2 473/508/2 469/507/2
f 467/504/5 471/509/5 472/510/5 468/505/5
f 474/511/1 475/512/1 466/503/1 473/508/1
f 471/509/1 393/425/1 402/434/1 472/510/1
f 472/510/1 402/434/1 475/512/1 474/511/1
f 482/517/1 475/512/1 402/434/1 480/518/1
f 477/514/3 481/519/3 483/520/3 479/515/3
f 478/516/4 482/517/4 480/518/4 476/513/4
f 479/515/2 483/520/2 482/517/2 478/516/2
f 476/513/5 480/518/5 481/519/5 477/514/5
f 483/520/1 484/521/1 475/512/1 482/517/1
f 480/518/1 402/434/1 411/443/1 481/519/1
f 481/519/1 411/443/1 484/521/1 483/520/1
f 491/526/1 484/521/1 411/443/1 489/527/1
f 486/523/3 490/528/3 492/529/3 488/524/3
f 487/525/4 491/526/4 489/527/4 485/522/4
f 488/524/2 492/529/2 491/526/2 487/525/2
f 485/522/5 489/527/5 490/528/5 486/523/5
f 492/529/1 493/530/1 484/521/1 491/526/1
f 489/527/1 411/443/1 420/452/1 490/528/1
f 490/528/1 420/452/1 493/530/1 492/529/1
f 500/535/1 493/530/1 420/452/1 498/536/1
f 495/532/3 499/537/3 501/538/3 497/533/3
f 496/534/4 500/535/4 498/536/4 494/531/4
f 497/533/2 501/538/2 500/535/2 496/534/2
f 494/531/5 498/536/5 499/537/5 495/532/5
f 501/538/1 502/539/1 493/530/1 500/535/1
f 498/536/1 420/452/1 429/461/1 499/537/1
f 499/537/1 429/461/1 502/539/1 501/538/1
f 509/544/1 502/539/1 429/461/1 507/545/1
f 504/541/3 508/546/3 510/547/3 506/542/3
f 505/543/4 509/544/4 507/545/4 503/540/4
f 506/542/2 510/547/2 509/544/2 505/543/2
f 503/540/5 507/545/5 508/546/5 504/541/5
f 510/547/1 511/548/1 502/539/1 509/544/1
f 507/545/1 429/461/1 438/470/1 508/546/1
f 508/546/1 438/470/1 511/548/1 510/547/1
f 518/553/1 511/548/1 438/470/1 516/554/1
f 513/550/3 517/555/3 519/556/3 515/551/3
f 514/552/4 518/553/4 516/554/4 512/549/4
f 515/551/2 519/556/2 518/553/2 514/552/2
f 512/549/5 516/554/5 517/555/5 513/550/5
f 444/477/3 839/557/3 840/558/3 446/478/3
f 155/563/4 817/564/4 811/565/4 82/566/4
f 522/560/3 526/567/3 528/64/3 524/561/3
f 523/562/4 527/67/4 525/257/4 521/559/4
f 524/561/2 528/64/2 527/67/2 523/562/2
f 521/559/5 525/257/5 526/567/5 522/560/5
f 38/46/5 796/568/5 885/569/5 765/570/5
f 525/257/1 755/571/1 457/494/1 526/567/1
f 532/573/3 536/576/3 538/577/3 534/574/3
f 533/575/4 537/578/4 535/579/4 531/572/4
f 534/574/2 538/577/2 537/578/2 533/575/2
f 531/572/5 535/579/5 536/576/5 532/573/5
f 17/24/5 789/580/5 790/581/5 18/21/5
f 535/579/1 457/494/1 466/503/1 536/576/1
f 541/583/3 545/586/3 547/587/3 543/584/3
f 542/585/4 546/588/4 544/589/4 540/582/4
f 543/584/2 547/587/2 546/588/2 542/585/2
f 540/582/5 544/589/5 545/586/5 541/583/5
f 765/570/5 885/569/5 798/487/5 47/62/5
f 544/589/1 466/503/1 475/512/1 545/586/1
f 550/591/3 554/594/3 556/5/3 552/592/3
f 551/593/4 555/8/4 553/595/4 549/590/4
f 552/592/2 556/5/2 555/8/2 551/593/2
f 549/590/5 553/595/5 554/594/5 550/591/5
f 777/596/2 897/597/2 866/598/2 574/599/2
f 553/595/1 475/512/1 484/521/1 554/594/1
f 559/601/3 563/604/3 565/482/3 561/602/3
f 560/603/4 564/331/4 562/605/4 558/600/4
f 561/602/2 565/482/2 564/331/2 560/603/2
f 558/600/5 562/605/5 563/604/5 559/601/5
f 235/266/4 824/606/4 825/607/4 233/267/4
f 562/605/1 484/521/1 493/530/1 563/604/1
f 568/609/3 572/612/3 574/599/3 570/610/3
f 569/611/4 573/492/4 571/613/4 567/608/4
f 570/610/2 574/599/2 573/492/2 569/611/2
f 567/608/5 571/613/5 572/612/5 568/609/5
f 539/614/5 856/615/5 859/616/5 548/617/5
f 571/613/1 493/530/1 502/539/1 572/612/1
f 577/619/3 581/622/3 583/38/3 579/620/3
f 578/621/4 582/41/4 580/623/4 576/618/4
f 579/620/2 583/38/2 582/41/2 578/621/2
f 576/618/5 580/623/5 581/622/5 577/619/5
f 582/41/2 870/40/2 897/597/2 777/596/2
f 580/623/1 502/539/1 511/548/1 581/622/1
f 586/625/3 590/628/3 592/629/3 588/626/3
f 587/627/4 591/630/4 589/631/4 585/624/4
f 588/626/2 592/629/2 591/630/2 587/627/2
f 585/624/5 589/631/5 590/628/5 586/625/5
f 566/632/5 865/633/5 868/634/5 575/635/5
f 520/636/4 848/637/4 841/102/4 447/101/4
f 457/494/1 755/571/1 454/490/1 455/489/1
f 28/33/5 793/831/5 884/832/5 764/833/5
f 237/190/3 826/189/3 832/834/3 310/835/3
f 764/833/5 884/832/5 795/836/5 37/49/5
f 152/179/3 815/837/3 816/838/3 154/180/3
f 776/839/2 896/840/2 869/39/2 583/38/2
f 71/841/2 806/842/2 803/843/2 61/844/2
f 591/630/2 875/845/2 896/840/2 776/839/2
f 547/587/2 857/846/2 858/847/2 546/588/2
f 574/599/2 866/598/2 867/493/2 573/492/2
f 18/21/5 790/581/5 883/848/5 763/849/5
f 41/54/2 797/53/2 794/850/2 31/851/2
f 763/849/5 883/848/5 792/852/5 27/36/5
f 517/555/3 846/853/3 847/854/3 519/556/3
f 381/414/1 382/413/1 384/416/1 756/855/1
f 452/491/1 756/855/1 384/416/1 453/488/1
f 379/415/1 757/77/1 311/341/1 380/412/1
f 308/80/1 309/339/1 311/341/1 757/77/1
f 235/266/1 236/265/1 238/268/1 758/856/1
f 306/340/1 758/856/1 238/268/1 307/338/1
f 162/13/1 163/192/1 165/193/1 759/857/1
f 233/267/1 759/857/1 165/193/1 234/264/1
f 160/16/1 760/858/1 92/118/1 161/191/1
f 89/116/1 90/115/1 92/118/1 760/858/1
f 87/117/1 761/859/1 12/26/1 88/114/1
f 7/11/1 8/10/1 12/26/1 761/859/1
f 10/113/2 788/112/2 787/860/2 9/861/2
f 9/861/3 787/860/3 786/862/3 11/863/3
f 17/24/1 19/23/1 12/26/1 762/864/1
f 6/9/1 762/864/1 12/26/1 8/10/1
f 519/556/3 847/854/3 895/865/3 775/866/3
f 228/867/4 823/868/4 817/564/4 155/563/4
f 27/36/1 29/35/1 22/25/1 763/849/1
f 18/21/1 763/849/1 22/25/1 20/22/1
f 775/866/3 895/865/3 873/869/3 590/628/3
f 6/9/5 785/870/5 882/871/5 762/864/5
f 37/49/1 39/48/1 32/37/1 764/833/1
f 28/33/1 764/833/1 32/37/1 30/34/1
f 308/80/4 830/79/4 831/872/4 306/340/4
f 762/864/5 882/871/5 789/580/5 17/24/5
f 47/62/1 49/61/1 42/50/1 765/570/1
f 38/46/1 765/570/1 42/50/1 40/47/1
f 67/88/5 804/105/5 805/873/5 68/85/5
f 446/478/3 840/558/3 894/874/3 774/875/3
f 57/75/1 59/74/1 52/63/1 766/406/1
f 48/59/1 766/406/1 52/63/1 50/60/1
f 774/875/3 894/874/3 846/853/3 517/555/3
f 37/49/5 795/836/5 796/568/5 38/46/5
f 58/72/1 767/92/1 62/76/1 60/73/1
f 67/88/1 69/87/1 62/76/1 767/92/1
f 310/835/3 832/834/3 838/876/3 383/877/3
f 225/254/3 821/878/3 822/879/3 227/255/3
f 68/85/1 768/880/1 72/89/1 70/86/1
f 77/100/1 79/99/1 72/89/1 768/880/1
f 306/340/4 831/872/4 871/881/4 758/856/4
f 5/12/5 784/882/5 785/870/5 6/9/5
f 152/179/1 151/178/1 72/89/1 769/883/1
f 80/98/1 769/883/1 72/89/1 79/99/1
f 584/884/5 872/885/5 876/886/5 593/887/5
f 7/11/4 783/888/4 784/882/4 5/12/4
f 225/254/1 224/253/1 146/172/1 770/889/1
f 154/180/1 770/889/1 146/172/1 153/177/1
f 373/403/3 834/890/3 893/891/3 773/892/3
f 593/887/4 876/886/4 848/637/4 520/636/4
f 298/329/1 297/328/1 219/247/1 771/893/1
f 227/255/1 771/893/1 219/247/1 226/252/1
f 530/894/5 853/895/5 856/615/5 539/614/5
f 773/892/3 893/891/3 839/557/3 444/477/3
f 371/402/1 370/401/1 292/322/1 772/896/1
f 300/330/1 772/896/1 292/322/1 299/327/1
f 557/897/5 862/898/5 865/633/5 566/632/5
f 301/899/4 829/900/4 823/868/4 228/867/4
f 444/477/1 443/476/1 365/395/1 773/892/1
f 373/403/1 773/892/1 365/395/1 372/400/1
f 300/330/3 828/901/3 892/902/3 772/896/3
f 11/863/3 786/862/3 814/903/3 91/904/3
f 446/478/1 774/875/1 438/470/1 445/475/1
f 517/555/1 516/554/1 438/470/1 774/875/1
f 772/896/3 892/902/3 833/905/3 371/402/3
f 381/414/4 836/906/4 837/907/4 379/415/4
f 519/556/1 775/866/1 511/548/1 518/553/1
f 590/628/1 589/631/1 511/548/1 775/866/1
f 61/844/2 803/843/2 800/52/2 51/51/2
f 592/629/2 874/908/2 875/845/2 591/630/2
f 591/630/1 776/839/1 511/548/1 589/631/1
f 583/38/1 581/622/1 511/548/1 776/839/1
f 538/577/2 854/909/2 855/910/2 537/578/2
f 565/482/2 863/481/2 864/332/2 564/331/2
f 574/599/1 572/612/1 502/539/1 777/596/1
f 582/41/1 777/596/1 502/539/1 580/623/1
f 590/628/3 873/869/3 874/908/3 592/629/3
f 756/855/4 878/911/4 836/906/4 381/414/4
f 573/492/1 778/479/1 493/530/1 571/613/1
f 565/482/1 563/604/1 493/530/1 778/479/1
f 227/255/3 822/879/3 891/912/3 771/893/3
f 31/851/2 794/850/2 791/111/2 21/110/2
f 556/5/1 554/594/1 484/521/1 779/181/1
f 564/331/1 779/181/1 484/521/1 562/605/1
f 761/859/4 881/913/4 783/888/4 7/11/4
f 383/877/3 838/876/3 844/914/3 456/915/3
f 547/587/1 545/586/1 475/512/1 780/28/1
f 555/8/1 780/28/1 475/512/1 553/595/1
f 771/893/3 891/912/3 827/916/3 298/329/3
f 298/329/3 827/916/3 828/901/3 300/330/3
f 538/577/1 536/576/1 466/503/1 781/917/1
f 546/588/1 781/917/1 466/503/1 544/589/1
f 87/117/4 813/918/4 881/913/4 761/859/4
f 160/16/4 819/15/4 880/919/4 760/858/4
f 528/64/1 526/567/1 457/494/1 782/920/1
f 537/578/1 782/920/1 457/494/1 535/579/1
f 783/888/1 786/862/1 787/860/1 784/882/1
f 784/882/1 787/860/1 788/112/1 785/870/1
f 789/580/1 788/112/1 791/111/1 790/581/1
f 792/852/1 791/111/1 794/850/1 793/831/1
f 795/836/1 794/850/1 797/53/1 796/568/1
f 798/487/1 797/53/1 800/52/1 799/404/1
f 801/411/1 800/52/1 803/843/1 802/90/1
f 804/105/1 803/843/1 806/842/1 805/873/1
f 807/337/1 806/842/1 810/921/1 808/262/1
f 808/262/1 810/921/1 811/565/1 809/263/1
f 812/922/1 814/903/1 786/862/1 813/918/1
f 815/837/1 811/565/1 817/564/1 816/838/1
f 818/14/1 820/188/1 814/903/1 819/15/1
f 821/878/1 817/564/1 823/868/1 822/879/1
f 824/606/1 826/189/1 820/188/1 825/607/1
f 827/916/1 823/868/1 829/900/1 828/901/1
f 830/79/1 832/834/1 826/189/1 831/872/1
f 833/905/1 829/900/1 835/103/1 834/890/1
f 836/906/1 838/876/1 832/834/1 837/907/1
f 839/557/1 835/103/1 841/102/1 840/558/1
f 842/923/1 844/914/1 838/876/1 843/924/1
f 844/914/1 845/925/1 850/256/1
f 846/853/1 841/102/1 848/637/1 847/854/1
f 849/66/1 852/926/1 844/914/1 850/256/1
f 851/65/1 853/895/1 852/926/1 849/66/1
f 854/909/1 856/615/1 853/895/1 855/910/1
f 857/846/1 859/616/1 856/615/1 858/847/1
f 860/6/1 862/898/1 859/616/1 861/7/1
f 863/481/1 865/633/1 862/898/1 864/332/1
f 866/598/1 868/634/1 865/633/1 867/493/1
f 869/39/1 872/885/1 868/634/1 870/40/1
f 874/908/1 876/886/1 872/885/1 875/845/1
f 873/869/1 848/637/1 876/886/1 874/908/1
f 845/925/1 844/914/1 842/923/1
f 819/15/1 814/903/1 880/919/1
f 813/918/1 786/862/1 881/913/1
f 783/888/1 881/913/1 786/862/1
f 812/922/1 880/919/1 814/903/1
f 825/607/1 820/188/1 879/927/1
f 818/14/1 879/927/1 820/188/1
f 824/606/1 871/881/1 826/189/1
f 831/872/1 826/189/1 871/881/1
f 837/907/1 832/834/1 877/78/1
f 830/79/1 877/78/1 832/834/1
f 836/906/1 878/911/1 838/876/1
f 843/924/1 838/876/1 878/911/1
f 788/112/1 882/871/1 785/870/1
f 789/580/1 882/871/1 788/112/1
f 791/111/1 883/848/1 790/581/1
f 792/852/1 883/848/1 791/111/1
f 794/850/1 884/832/1 793/831/1
f 795/836/1 884/832/1 794/850/1
f 797/53/1 885/569/1 796/568/1
f 798/487/1 885/569/1 797/53/1
f 800/52/1 886/405/1 799/404/1
f 801/411/1 886/405/1 800/52/1
f 803/843/1 887/91/1 802/90/1
f 804/105/1 887/91/1 803/843/1
f 806/842/1 888/928/1 805/873/1
f 807/337/1 888/928/1 806/842/1
f 815/837/1 889/929/1 811/565/1
f 809/263/1 811/565/1 889/929/1
f 821/878/1 890/930/1 817/564/1
f 816/838/1 817/564/1 890/930/1
f 827/916/1 891/912/1 823/868/1
f 822/879/1 823/868/1 891/912/1
f 833/905/1 892/902/1 829/900/1
f 828/901/1 829/900/1 892/902/1
f 839/557/1 893/891/1 835/103/1
f 834/890/1 835/103/1 893/891/1
f 840/558/1 841/102/1 894/874/1
f 846/853/1 894/874/1 841/102/1
f 873/869/1 895/865/1 848/637/1
f 847/854/1 848/637/1 895/865/1
f 875/845/1 872/885/1 896/840/1
f 869/39/1 896/840/1 872/885/1
f 866/598/1 897/597/1 868/634/1
f 870/40/1 868/634/1 897/597/1
f 867/493/1 865/633/1 898/480/1
f 863/481/1 898/480/1 865/633/1
f 864/332/1 862/898/1 899/182/1
f 860/6/1 899/182/1 862/898/1
f 861/7/1 859/616/1 900/27/1
f 857/846/1 900/27/1 859/616/1
f 858/847/1 856/615/1 901/931/1
f 854/909/1 901/931/1 856/615/1
f 855/910/1 853/895/1 902/932/1
f 851/65/1 902/932/1 853/895/1
f 780/28/2 900/27/2 857/846/2 547/587/2
f 768/880/5 888/928/5 807/337/5 77/100/5
f 81/933/2 810/921/2 806/842/2 71/841/2
f 68/85/5 805/873/5 888/928/5 768/880/5
f 371/402/3 833/905/3 834/890/3 373/403/3
f 82/566/4 811/565/4 810/921/4 81/933/4
f 546/588/2 858/847/2 901/931/2 781/917/2
f 456/915/3 844/914/3 852/926/3 529/934/3
f 758/856/4 871/881/4 824/606/4 235/266/4
f 525/257/4 850/256/4 845/925/4 755/571/4
f 781/917/2 901/931/2 854/909/2 538/577/2
f 548/617/5 859/616/5 862/898/5 557/897/5
f 529/934/5 852/926/5 853/895/5 530/894/5
f 575/635/5 868/634/5 872/885/5 584/884/5
f 755/571/4 845/925/4 842/923/4 454/490/4
f 769/883/3 889/929/3 815/837/3 152/179/3
f 454/490/4 842/923/4 843/924/4 452/491/4
f 80/98/3 809/263/3 889/929/3 769/883/3
f 452/491/4 843/924/4 878/911/4 756/855/4
f 537/578/2 855/910/2 902/932/2 782/920/2
f 27/36/5 792/852/5 793/831/5 28/33/5
f 91/904/3 814/903/3 820/188/3 164/187/3
f 374/104/4 835/103/4 829/900/4 301/899/4
f 379/415/4 837/907/4 877/78/4 757/77/4
f 782/920/2 902/932/2 851/65/2 528/64/2
f 233/267/4 825/607/4 879/927/4 759/857/4
f 770/889/3 890/930/3 821/878/3 225/254/3
f 57/75/5 801/411/5 802/90/5 58/72/5
f 759/857/4 879/927/4 818/14/4 162/13/4
f 89/116/4 812/922/4 813/918/4 87/117/4
f 154/180/3 816/838/3 890/930/3 770/889/3
f 760/858/4 880/919/4 812/922/4 89/116/4
f 912/935/7 905/936/7 974/937/7 916/938/7
f 955/939/1 978/940/1 945/941/1 948/942/1
f 929/943/8 933/944/8 953/945/8 968/946/8
f 904/947/2 949/948/2 1037/949/2 907/950/2
f 981/951/5 994/952/5 903/953/5 944/954/5
f 917/955/1 975/956/1 954/957/1 932/958/1
f 995/959/9 980/960/9 1004/961/9 1016/962/9
f 913/963/2 918/964/2 934/965/2 928/966/2
f 944/954/5 903/953/5 908/967/5 1040/968/5
f 955/939/1 966/969/1 962/970/1 954/957/1 975/956/1 1001/971/1 979/972/1 986/973/1 982/974/1 978/940/1
f 1000/975/10 906/976/10 1021/977/10 1025/978/10
f 994/979/6 997/980/6 970/981/6 969/982/6 904/983/6 903/984/6
f 905/985/6 971/986/6 970/981/6 997/980/6 996/987/6 906/988/6
f 974/937/4 905/936/4 906/976/4 1000/975/4
f 907/950/2 1037/949/2 1045/989/2 1060/990/2
f 906/988/6 996/987/6 995/991/6 1016/992/6 1018/993/6 1019/994/6 1017/995/6 1020/996/6 1022/997/6 1023/998/6 1021/999/6
f 979/972/1 1001/971/1 1024/1000/1 1005/1001/1
f 1017/1002/5 1006/1003/5 1026/1004/5 1020/1005/5
f 1061/1006/11 1044/1007/11 1104/1008/11 910/1009/11
f 969/1010/2 952/1011/2 949/948/2 904/947/2
f 903/984/6 904/983/6 907/1012/6 908/1013/6
f 948/942/1 945/941/1 1041/1014/1 1036/1015/1
f 1082/1016/6 1084/1017/6 1062/1018/6 1061/1019/6 910/1020/6 911/1021/6
f 1040/968/5 908/967/5 909/1022/5 1066/1023/5
f 909/1024/6 1063/1025/6 1062/1018/6 1084/1017/6 1083/1026/6 1099/1027/6 1101/1028/6 1102/1029/6 1100/1030/6
f 1036/1015/1 1041/1014/1 1067/1031/1 1046/1032/1
f 910/1009/12 1104/1008/12 1111/1033/12 1123/1034/12
f 1083/1035/3 1072/1036/3 1089/1037/3 1099/1038/3
f 1070/1039/13 1082/1040/13 911/1041/13 1107/1042/13
f 1047/1043/1 1071/1044/1 1108/1045/1 1103/1046/1
f 1107/1042/14 911/1041/14 1140/1047/14 1127/1048/14
f 1047/1043/1 1058/1049/1 1054/1050/1 1046/1032/1 1067/1031/1 1087/1051/1 1071/1044/1
f 908/1013/6 907/1012/6 1060/1052/6 1063/1025/6 909/1024/6
f 1066/1023/5 909/1022/5 1100/1053/5 1088/1054/5
f 911/1021/6 910/1020/6 1123/1055/6 1125/1056/6 1126/1057/6 1124/1058/6 1139/1059/6 1141/1060/6 1142/1061/6 1140/1062/6
f 1124/1063/15 1113/1064/15 1128/1065/15 1139/1066/15
f 1103/1046/1 1108/1045/1 1129/1067/1 1112/1068/1
f 916/938/16 919/1069/16 921/1070/16 920/1071/16
f 919/1069/17 923/1072/17 924/1073/17 921/1070/17
f 917/955/18 922/1074/18 924/1073/18 923/1072/18
f 922/1074/19 926/1075/19 927/1076/19 924/1073/19
f 918/964/20 925/1077/20 927/1076/20 926/1075/20
f 925/1077/21 920/1071/21 921/1070/21 927/1076/21
f 921/1070/22 924/1073/22 927/1076/22
f 932/958/23 935/1078/23 937/1079/23 936/1080/23
f 935/1078/24 939/1081/24 940/1082/24 937/1079/24
f 933/944/25 938/1083/25 940/1082/25 939/1081/25
f 938/1083/26 942/1084/26 943/1085/26 940/1082/26
f 934/965/27 941/1086/27 943/1085/27 942/1084/27
f 941/1086/28 936/1080/28 937/1079/28 943/1085/28
f 937/1079/29 940/1082/29 943/1085/29
f 952/1011/30 956/1087/30 958/1088/30 957/1089/30
f 956/1087/31 960/1090/31 961/1091/31 958/1088/31
f 953/945/32 959/1092/32 961/1091/32 960/1090/32
f 959/1092/33 963/1093/33 964/1094/33 961/1091/33
f 954/957/34 962/970/34 964/1094/34 963/1093/34
f 962/970/35 966/969/35 967/1095/35 964/1094/35
f 955/939/36 965/1096/36 967/1095/36 966/969/36
f 965/1096/37 957/1089/37 958/1088/37 967/1095/37
f 958/1088/38 961/1091/38 964/1094/38 967/1095/38
f 968/1097/6 972/1098/6 973/1099/6 969/982/6 970/981/6 971/986/6
f 978/940/39 982/974/39 984/1100/39 983/1101/39
f 982/974/40 986/973/40 987/1102/40 984/1100/40
f 979/972/41 985/1103/41 987/1102/41 986/973/41
f 985/1103/42 989/1104/42 990/1105/42 987/1102/42
f 980/960/43 988/1106/43 990/1105/43 989/1104/43
f 988/1106/44 992/1107/44 993/1108/44 990/1105/44
f 981/951/45 991/1109/45 993/1108/45 992/1107/45
f 991/1109/46 983/1101/46 984/1100/46 993/1108/46
f 984/1100/47 987/1102/47 990/1105/47 993/1108/47
f 994/979/6 998/1110/6 999/1111/6 995/991/6 996/987/6 997/980/6
f 1004/961/48 1007/1112/48 1009/1113/48 1008/1114/48
f 1007/1112/49 1011/1115/49 1012/1116/49 1009/1113/49
f 1005/1001/50 1010/1117/50 1012/1116/50 1011/1115/50
f 1010/1117/51 1014/1118/51 1015/1119/51 1012/1116/51
f 1006/1003/52 1013/1120/52 1015/1119/52 1014/1118/52
f 1013/1120/53 1008/1114/53 1009/1113/53 1015/1119/53
f 1009/1113/54 1012/1116/54 1015/1119/54
f 1024/1000/55 1027/1121/55 1029/1122/55 1028/1123/55
f 1027/1121/56 1031/1124/56 1032/1125/56 1029/1122/56
f 1025/978/57 1030/1126/57 1032/1125/57 1031/1124/57
f 1030/1126/58 1034/1127/58 1035/1128/58 1032/1125/58
f 1026/1004/59 1033/1129/59 1035/1128/59 1034/1127/59
f 1033/1129/60 1028/1123/60 1029/1122/60 1035/1128/60
f 1029/1122/61 1032/1125/61 1035/1128/61
f 1044/1007/62 1048/1130/62 1050/1131/62 1049/1132/62
f 1048/1130/63 1052/1133/63 1053/1134/63 1050/1131/63
f 1045/989/64 1051/1135/64 1053/1134/64 1052/1133/64
f 1051/1135/65 1055/1136/65 1056/1137/65 1053/1134/65
f 1046/1032/66 1054/1050/66 1056/1137/66 1055/1136/66
f 1054/1050/67 1058/1049/67 1059/1138/67 1056/1137/67
f 1047/1043/68 1057/1139/68 1059/1138/68 1058/1049/68
f 1057/1139/69 1049/1132/69 1050/1131/69 1059/1138/69
f 1050/1131/70 1053/1134/70 1056/1137/70 1059/1138/70
f 1060/1052/6 1064/1140/6 1065/1141/6 1061/1019/6 1062/1018/6 1063/1025/6
f 1070/1039/71 1073/1142/71 1075/1143/71 1074/1144/71
f 1073/1142/72 1077/1145/72 1078/1146/72 1075/1143/72
f 1071/1044/73 1076/1147/73 1078/1146/73 1077/1145/73
f 1076/1147/74 1080/1148/74 1081/1149/74 1078/1146/74
f 1072/1036/75 1079/1150/75 1081/1149/75 1080/1148/75
f 1079/1150/76 1074/1144/76 1075/1143/76 1081/1149/76
f 1075/1143/77 1078/1146/77 1081/1149/77
f 1082/1016/6 1085/1151/6 1084/1017/6
f 1085/1151/6 1086/1152/6 1084/1017/6
f 1086/1152/6 1083/1026/6 1084/1017/6
f 1087/1051/78 1090/1153/78 1092/1154/78 1091/1155/78
f 1090/1153/79 1094/1156/79 1095/1157/79 1092/1154/79
f 1088/1054/80 1093/1158/80 1095/1157/80 1094/1156/80
f 1093/1158/81 1097/1159/81 1098/1160/81 1095/1157/81
f 1089/1037/82 1096/1161/82 1098/1160/82 1097/1159/82
f 1096/1161/83 1091/1155/83 1092/1154/83 1098/1160/83
f 1092/1154/84 1095/1157/84 1098/1160/84
f 1111/1033/85 1114/1162/85 1116/1163/85 1115/1164/85
f 1114/1162/86 1118/1165/86 1119/1166/86 1116/1163/86
f 1112/1068/87 1117/1167/87 1119/1166/87 1118/1165/87
f 1117/1167/88 1121/1168/88 1122/1169/88 1119/1166/88
f 1113/1064/89 1120/1170/89 1122/1169/89 1121/1168/89
f 1120/1170/90 1115/1164/90 1116/1163/90 1122/1169/90
f 1116/1163/91 1119/1166/91 1122/1169/91
f 1127/1048/92 1130/1171/92 1132/1172/92 1131/1173/92
f 1130/1171/93 1134/1174/93 1135/1175/93 1132/1172/93
f 1128/1065/94 1133/1176/94 1135/1175/94 1134/1174/94
f 1133/1176/95 1137/1177/95 1138/1178/95 1135/1175/95
f 1129/1067/96 1136/1179/96 1138/1178/96 1137/1177/96
f 1136/1179/97 1131/1173/97 1132/1172/97 1138/1178/97
f 1132/1172/98 1135/1175/98 1138/1178/98
f 912/935/99 916/938/99 920/1071/99 914/1180/99
f 914/1180/100 920/1071/100 925/1077/100 915/1181/100
f 915/1181/101 925/1077/101 918/964/101 913/963/101
f 917/955/102 932/958/102 936/1080/102 922/1074/102
f 922/1074/103 936/1080/103 941/1086/103 926/1075/103
f 926/1075/104 941/1086/104 934/965/104 918/964/104
f 933/944/105 929/943/105 931/1182/105 938/1083/105
f 938/1083/106 931/1182/106 930/1183/106 942/1084/106
f 942/1084/107 930/1183/107 928/966/107 934/965/107
f 916/938/108 974/937/108 976/1184/108 919/1069/108
f 919/1069/109 976/1184/109 977/1185/109 923/1072/109
f 923/1072/110 977/1185/110 975/956/110 917/955/110
f 949/948/111 952/1011/111 957/1089/111 951/1186/111
f 951/1186/112 957/1089/112 965/1096/112 950/1187/112
f 950/1187/113 965/1096/113 955/939/113 948/942/113
f 945/941/114 978/940/114 983/1101/114 947/1188/114
f 947/1188/115 983/1101/115 991/1109/115 946/1189/115
f 946/1189/116 991/1109/116 981/951/116 944/954/116
f 952/1011/117 969/1010/117 973/1190/117 956/1087/117
f 956/1087/118 973/1190/118 972/1191/118 960/1090/118
f 960/1090/119 972/1191/119 968/946/119 953/945/119
f 932/958/120 954/957/120 963/1093/120 935/1078/120
f 935/1078/121 963/1093/121 959/1092/121 939/1081/121
f 939/1081/122 959/1092/122 953/945/122 933/944/122
f 980/960/123 995/959/123 999/1192/123 988/1106/123
f 988/1106/124 999/1192/124 998/1193/124 992/1107/124
f 992/1107/125 998/1193/125 994/952/125 981/951/125
f 1001/971/126 975/956/126 977/1185/126 1003/1194/126
f 1003/1194/127 977/1185/127 976/1184/127 1002/1195/127
f 1002/1195/128 976/1184/128 974/937/128 1000/975/128
f 1006/1003/129 1017/1002/129 1019/1196/129 1013/1120/129
f 1013/1120/130 1019/1196/130 1018/1197/130 1008/1114/130
f 1008/1114/131 1018/1197/131 1016/962/131 1004/961/131
f 1005/1001/132 1024/1000/132 1028/1123/132 1010/1117/132
f 1010/1117/133 1028/1123/133 1033/1129/133 1014/1118/133
f 1014/1118/134 1033/1129/134 1026/1004/134 1006/1003/134
f 1025/978/135 1021/977/135 1023/1198/135 1030/1126/135
f 1030/1126/136 1023/1198/136 1022/1199/136 1034/1127/136
f 1034/1127/137 1022/1199/137 1020/1005/137 1026/1004/137
f 1000/975/138 1025/978/138 1031/1124/138 1002/1195/138
f 1002/1195/139 1031/1124/139 1027/1121/139 1003/1194/139
f 1003/1194/140 1027/1121/140 1024/1000/140 1001/971/140
f 1004/961/141 980/960/141 989/1104/141 1007/1112/141
f 1007/1112/142 989/1104/142 985/1103/142 1011/1115/142
f 1011/1115/143 985/1103/143 979/972/143 1005/1001/143
f 944/954/144 1040/968/144 1042/1200/144 946/1189/144
f 946/1189/145 1042/1200/145 1043/1201/145 947/1188/145
f 947/1188/146 1043/1201/146 1041/1014/146 945/941/146
f 1037/949/147 949/948/147 951/1186/147 1039/1202/147
f 1039/1202/103 951/1186/103 950/1187/103 1038/1203/103
f 1038/1203/148 950/1187/148 948/942/148 1036/1015/148
f 1044/1007/149 1061/1006/149 1065/1204/149 1048/1130/149
f 1048/1130/150 1065/1204/150 1064/1205/150 1052/1133/150
f 1052/1133/151 1064/1205/151 1060/990/151 1045/989/151
f 1067/1031/146 1041/1014/146 1043/1201/146 1069/1206/146
f 1069/1206/145 1043/1201/145 1042/1200/145 1068/1207/145
f 1068/1207/144 1042/1200/144 1040/968/144 1066/1023/144
f 1045/989/152 1037/949/152 1039/1202/152 1051/1135/152
f 1051/1135/153 1039/1202/153 1038/1203/153 1055/1136/153
f 1055/1136/154 1038/1203/154 1036/1015/154 1046/1032/154
f 1072/1036/155 1083/1035/155 1086/1208/155 1079/1150/155
f 1079/1150/156 1086/1208/156 1085/1209/156 1074/1144/156
f 1074/1144/157 1085/1209/157 1082/1040/157 1070/1039/157
f 1089/1037/158 1072/1036/158 1080/1148/158 1096/1161/158
f 1096/1161/159 1080/1148/159 1076/1147/159 1091/1155/159
f 1091/1155/160 1076/1147/160 1071/1044/160 1087/1051/160
f 1088/1054/161 1100/1053/161 1102/1210/161 1093/1158/161
f 1093/1158/162 1102/1210/162 1101/1211/162 1097/1159/162
f 1097/1159/163 1101/1211/163 1099/1038/163 1089/1037/163
f 1087/1051/164 1067/1031/164 1069/1206/164 1090/1153/164
f 1090/1153/145 1069/1206/145 1068/1207/145 1094/1156/145
f 1094/1156/165 1068/1207/165 1066/1023/165 1088/1054/165
f 1108/1045/166 1071/1044/166 1077/1145/166 1110/1212/166
f 1110/1212/167 1077/1145/167 1073/1142/167 1109/1213/167
f 1109/1213/168 1073/1142/168 1070/1039/168 1107/1042/168
f 1047/1043/169 1103/1046/169 1105/1214/169 1057/1139/169
f 1057/1139/170 1105/1214/170 1106/1215/170 1049/1132/170
f 1049/1132/171 1106/1215/171 1104/1008/171 1044/1007/171
f 1113/1064/172 1124/1063/172 1126/1216/172 1120/1170/172
f 1120/1170/173 1126/1216/173 1125/1217/173 1115/1164/173
f 1115/1164/174 1125/1217/174 1123/1034/174 1111/1033/174
f 1127/1048/175 1140/1047/175 1142/1218/175 1130/1171/175
f 1130/1171/176 1142/1218/176 1141/1219/176 1134/1174/176
f 1134/1174/177 1141/1219/177 1139/1066/177 1128/1065/177
f 1112/1068/178 1129/1067/178 1137/1177/178 1117/1167/178
f 1117/1167/179 1137/1177/179 1133/1176/179 1121/1168/179
f 1121/1168/180 1133/1176/180 1128/1065/180 1113/1064/180
f 1107/1042/181 1127/1048/181 1131/1173/181 1109/1213/181
f 1109/1213/182 1131/1173/182 1136/1179/182 1110/1212/182
f 1110/1212/183 1136/1179/183 1129/1067/183 1108/1045/183
f 1111/1033/184 1104/1008/184 1106/1215/184 1114/1162/184
f 1114/1162/185 1106/1215/185 1105/1214/185 1118/1165/185
f 1118/1165/186 1105/1214/186 1103/1046/186 1112/1068/186
f 928/1220/6 930/1221/6 931/1222/6 929/1223/6 968/1097/6 971/986/6 905/985/6 912/1224/6 914/1225/6 915/1226/6 913/1227/6
f 1185/1228/1 1176/1229/1 1173/1230/1 1180/1231/1
f 1146/1232/187 1184/1233/187 1181/1234/187 1145/1235/187
f 1145/1235/188 1181/1234/188 1193/1236/188 1148/1237/188
f 1144/1238/189 1177/1239/189 1298/1240/189 1158/1241/189
f 1144/1242/6 1146/1243/6 1145/1244/6 1143/1245/6
f 1180/1231/1 1173/1230/1 1189/1246/1 1192/1247/1
f 1196/1248/190 1149/1249/190 1151/1250/190 1204/1251/190
f 1184/1233/191 1146/1232/191 1159/1252/191 1301/1253/191
f 1143/1254/192 1172/1255/192 1177/1239/192 1144/1238/192
f 1143/1245/6 1145/1244/6 1148/1256/6 1147/1257/6
f 1149/1258/6 1150/1259/6 1152/1260/6 1151/1261/6
f 1147/1257/6 1148/1256/6 1150/1259/6 1149/1258/6
f 1192/1247/1 1189/1246/1 1197/1262/1 1200/1263/1
f 1148/1237/193 1193/1236/193 1201/1264/193 1150/1265/193
f 1208/1266/194 1205/1267/194 1222/1268/194
f 1200/1263/195 1197/1262/195 1205/1269/195 1208/1270/195
f 1150/1265/196 1201/1264/196 1209/1271/196 1152/1272/196
f 1204/1273/197 1151/1274/197 1217/1275/197 1223/1276/197
f 1208/1266/198 1213/1277/198 1254/1278/198 1249/1279/198
f 1152/1280/199 1209/1281/199 1211/1282/199 1210/1283/199 1208/1284/199 1205/1285/199 1207/1286/199 1206/1287/199 1204/1288/199 1151/1289/199
f 1153/1290/6 1233/1291/6 1235/1292/6 1236/1293/6 1234/1294/6 1216/1295/6 1218/1296/6 1152/1297/6
f 1152/1298/200 1209/1299/200 1250/1300/200 1154/1301/200
f 1212/1302/201 1153/1303/201 1155/1304/201 1253/1305/201
f 1154/1301/202 1250/1300/202 1258/1306/202 1156/1307/202
f 1151/1308/6 1152/1297/6 1218/1296/6 1217/1309/6
f 1221/1310/203 1216/1311/203 1234/1312/203 1239/1313/203
f 1253/1305/204 1155/1304/204 1157/1314/204 1261/1315/204
f 1153/1290/6 1152/1297/6 1154/1316/6 1155/1317/6
f 1212/1302/205 1237/1318/205 1233/1319/205 1153/1303/205
f 1208/1266/206 1222/1268/206 1238/1320/206 1213/1277/206
f 1257/1321/1 1262/1322/1 1283/1323/1 1266/1324/1
f 1249/1279/1 1254/1278/1 1262/1322/1 1257/1321/1
f 1155/1317/6 1154/1316/6 1156/1325/6 1157/1326/6
f 1156/1307/207 1258/1306/207 1265/1327/207 1277/1328/207
f 1157/1326/6 1156/1325/6 1277/1329/6 1279/1330/6 1280/1331/6 1278/1332/6 1293/1333/6 1295/1334/6 1296/1335/6 1294/1336/6
f 1158/1241/208 1298/1240/208 1306/1337/208 1160/1338/208
f 1278/1339/209 1267/1340/209 1282/1341/209 1293/1342/209
f 1261/1315/201 1157/1314/201 1294/1343/201 1281/1344/201
f 1301/1253/210 1159/1252/210 1161/1345/210 1309/1346/210
f 1176/1229/1 1185/1228/1 1302/1347/1 1297/1348/1
f 1188/1349/211 1147/1350/211 1149/1249/211 1196/1248/211
f 1146/1243/6 1144/1242/6 1158/1351/6 1159/1352/6
f 1162/1353/212 1314/1354/212 1322/1355/212 1164/1356/212
f 1297/1348/1 1302/1347/1 1310/1357/1 1305/1358/1
f 1160/1338/213 1306/1337/213 1314/1354/213 1162/1353/213
f 1159/1352/6 1158/1351/6 1160/1359/6 1161/1360/6
f 1163/1361/6 1162/1362/6 1164/1363/6 1165/1364/6
f 1161/1360/6 1160/1359/6 1162/1362/6 1163/1361/6
f 1309/1346/214 1161/1345/214 1163/1365/214 1317/1366/214
f 1305/1358/1 1310/1357/1 1318/1367/1 1313/1368/1
f 1325/1369/215 1165/1370/215 1167/1371/215 1333/1372/215
f 1317/1366/216 1163/1365/216 1165/1370/216 1325/1369/216
f 1313/1368/1 1318/1367/1 1326/1373/1 1321/1374/1
f 1164/1356/217 1322/1355/217 1330/1375/217 1166/1376/217
f 1168/1377/218 1338/1378/218 1346/1379/218 1170/1380/218
f 1321/1374/1 1326/1373/1 1334/1381/1 1329/1382/1
f 1166/1376/219 1330/1375/219 1338/1378/219 1168/1377/219
f 1165/1364/6 1164/1363/6 1166/1383/6 1167/1384/6
f 1341/1385/220 1169/1386/220 1171/1387/220 1349/1388/220
f 1167/1384/6 1166/1383/6 1168/1389/6 1169/1390/6
f 1333/1372/221 1167/1371/221 1169/1386/221 1341/1385/221
f 1329/1382/1 1334/1381/1 1342/1391/1 1337/1392/1
f 1349/1388/222 1171/1387/222 1370/1393/222 1374/1394/222
f 1337/1392/223 1342/1391/223 1350/1395/223 1345/1396/223
f 1170/1380/224 1346/1379/224 1357/1397/224 1353/1398/224
f 1169/1390/225 1168/1389/225 1170/1399/225 1171/1400/225
f 1171/1400/6 1170/1399/6 1353/1401/6 1355/1402/6 1356/1403/6 1354/1404/6 1369/1405/6 1371/1406/6 1372/1407/6 1370/1408/6
f 1345/1396/1 1350/1395/1 1373/1409/1 1358/1410/1
f 1354/1411/226 1359/1412/226 1375/1413/226 1369/1414/226
f 1216/1295/6 1219/1415/6 1218/1296/6
f 1219/1415/6 1220/1416/6 1218/1296/6
f 1220/1416/6 1217/1309/6 1218/1296/6
f 1221/1310/227 1224/1417/227 1226/1418/227 1225/1419/227
f 1224/1417/228 1228/1420/228 1229/1421/228 1226/1418/228
f 1222/1268/229 1227/1422/229 1229/1421/229 1228/1420/229
f 1227/1422/230 1231/1423/230 1232/1424/230 1229/1421/230
f 1223/1276/231 1230/1425/231 1232/1424/231 1231/1423/231
f 1230/1425/232 1225/1419/232 1226/1418/232 1232/1424/232
f 1226/1418/233 1229/1421/233 1232/1424/233
f 1237/1318/234 1240/1426/234 1242/1427/234 1241/1428/234
f 1240/1426/235 1244/1429/235 1245/1430/235 1242/1427/235
f 1238/1320/236 1243/1431/236 1245/1430/236 1244/1429/236
f 1243/1431/237 1247/1432/237 1248/1433/237 1245/1430/237
f 1239/1313/238 1246/1434/238 1248/1433/238 1247/1432/238
f 1246/1434/239 1241/1428/239 1242/1427/239 1248/1433/239
f 1242/1427/240 1245/1430/240 1248/1433/240
f 1265/1327/241 1268/1435/241 1270/1436/241 1269/1437/241
f 1268/1435/242 1272/1438/242 1273/1439/242 1270/1436/242
f 1266/1324/243 1271/1440/243 1273/1439/243 1272/1438/243
f 1271/1440/244 1275/1441/244 1276/1442/244 1273/1439/244
f 1267/1340/245 1274/1443/245 1276/1442/245 1275/1441/245
f 1274/1443/246 1269/1437/246 1270/1436/246 1276/1442/246
f 1270/1436/247 1273/1439/247 1276/1442/247
f 1281/1344/248 1284/1444/248 1286/1445/248 1285/1446/248
f 1284/1444/249 1288/1447/249 1289/1448/249 1286/1445/249
f 1282/1341/250 1287/1449/250 1289/1448/250 1288/1447/250
f 1287/1449/251 1291/1450/251 1292/1451/251 1289/1448/251
f 1283/1323/252 1290/1452/252 1292/1451/252 1291/1450/252
f 1290/1452/253 1285/1446/253 1286/1445/253 1292/1451/253
f 1286/1445/254 1289/1448/254 1292/1451/254
f 1357/1397/255 1360/1453/255 1362/1454/255 1361/1455/255
f 1360/1453/256 1364/1456/256 1365/1457/256 1362/1454/256
f 1358/1410/257 1363/1458/257 1365/1457/257 1364/1456/257
f 1363/1458/258 1367/1459/258 1368/1460/258 1365/1457/258
f 1359/1412/259 1366/1461/259 1368/1460/259 1367/1459/259
f 1366/1461/260 1361/1455/260 1362/1454/260 1368/1460/260
f 1362/1454/261 1365/1457/261 1368/1460/261
f 1373/1409/262 1376/1462/262 1378/1463/262 1377/1464/262
f 1376/1462/263 1380/1465/263 1381/1466/263 1378/1463/263
f 1374/1394/264 1379/1467/264 1381/1466/264 1380/1465/264
f 1379/1467/265 1383/1468/265 1384/1469/265 1381/1466/265
f 1375/1413/266 1382/1470/266 1384/1469/266 1383/1468/266
f 1382/1470/267 1377/1464/267 1378/1463/267 1384/1469/267
f 1378/1463/268 1381/1466/268 1384/1469/268
f 1173/1230/269 1176/1229/269 1178/1471/269 1175/1472/269
f 1175/1472/270 1178/1471/270 1179/1473/270 1174/1474/270
f 1174/1474/271 1179/1473/271 1177/1239/271 1172/1255/271
f 1185/1228/272 1180/1231/272 1182/1475/272 1187/1476/272
f 1187/1476/273 1182/1475/273 1183/1477/273 1186/1478/273
f 1186/1478/274 1183/1477/274 1181/1234/274 1184/1233/274
f 1172/1255/275 1188/1349/275 1190/1479/275 1174/1474/275
f 1174/1474/276 1190/1479/276 1191/1480/276 1175/1472/276
f 1175/1472/277 1191/1480/277 1189/1246/277 1173/1230/277
f 1193/1236/278 1181/1234/278 1183/1477/278 1195/1481/278
f 1195/1481/279 1183/1477/279 1182/1475/279 1194/1482/279
f 1194/1482/280 1182/1475/280 1180/1231/280 1192/1247/280
f 1192/1247/281 1200/1263/281 1202/1483/281 1194/1482/281
f 1194/1482/282 1202/1483/282 1203/1484/282 1195/1481/282
f 1195/1481/283 1203/1484/283 1201/1264/283 1193/1236/283
f 1197/1262/284 1189/1246/284 1191/1480/284 1199/1485/284
f 1199/1485/285 1191/1480/285 1190/1479/285 1198/1486/285
f 1198/1486/286 1190/1479/286 1188/1349/286 1196/1248/286
f 1205/1269/287 1197/1262/287 1199/1485/287 1207/1487/287
f 1207/1487/288 1199/1485/288 1198/1486/288 1206/1488/288
f 1206/1488/289 1198/1486/289 1196/1248/289 1204/1251/289
f 1209/1271/290 1201/1264/290 1203/1484/290 1211/1489/290
f 1211/1489/291 1203/1484/291 1202/1483/291 1210/1490/291
f 1210/1490/292 1202/1483/292 1200/1263/292 1208/1270/292
f 1216/1311/293 1221/1310/293 1225/1419/293 1219/1491/293
f 1219/1491/294 1225/1419/294 1230/1425/294 1220/1492/294
f 1220/1492/295 1230/1425/295 1223/1276/295 1217/1275/295
f 1222/1268/296 1205/1267/296 1207/1493/296 1227/1422/296
f 1227/1422/297 1207/1493/297 1206/1494/297 1231/1423/297
f 1231/1423/298 1206/1494/298 1204/1273/298 1223/1276/298
f 1233/1319/299 1237/1318/299 1241/1428/299 1235/1495/299
f 1235/1495/300 1241/1428/300 1246/1434/300 1236/1496/300
f 1236/1496/301 1246/1434/301 1239/1313/301 1234/1312/301
f 1238/1320/302 1222/1268/302 1228/1420/302 1243/1431/302
f 1243/1431/303 1228/1420/303 1224/1417/303 1247/1432/303
f 1247/1432/304 1224/1417/304 1221/1310/304 1239/1313/304
f 1213/1277/305 1238/1320/305 1244/1429/305 1215/1497/305
f 1215/1497/306 1244/1429/306 1240/1426/306 1214/1498/306
f 1214/1498/307 1240/1426/307 1237/1318/307 1212/1302/307
f 1208/1266/308 1249/1279/308 1251/1499/308 1210/1500/308
f 1210/1500/309 1251/1499/309 1252/1501/309 1211/1502/309
f 1211/1502/310 1252/1501/310 1250/1300/310 1209/1299/310
f 1254/1278/311 1213/1277/311 1215/1497/311 1256/1503/311
f 1256/1503/312 1215/1497/312 1214/1498/312 1255/1504/312
f 1255/1504/313 1214/1498/313 1212/1302/313 1253/1305/313
f 1253/1305/314 1261/1315/314 1263/1505/314 1255/1504/314
f 1255/1504/315 1263/1505/315 1264/1506/315 1256/1503/315
f 1256/1503/316 1264/1506/316 1262/1322/316 1254/1278/316
f 1258/1306/317 1250/1300/317 1252/1501/317 1260/1507/317
f 1260/1507/318 1252/1501/318 1251/1499/318 1259/1508/318
f 1259/1508/319 1251/1499/319 1249/1279/319 1257/1321/319
f 1267/1340/320 1278/1339/320 1280/1509/320 1274/1443/320
f 1274/1443/321 1280/1509/321 1279/1510/321 1269/1437/321
f 1269/1437/322 1279/1510/322 1277/1328/322 1265/1327/322
f 1281/1344/323 1294/1343/323 1296/1511/323 1284/1444/323
f 1284/1444/324 1296/1511/324 1295/1512/324 1288/1447/324
f 1288/1447/325 1295/1512/325 1293/1342/325 1282/1341/325
f 1266/1324/326 1283/1323/326 1291/1450/326 1271/1440/326
f 1271/1440/327 1291/1450/327 1287/1449/327 1275/1441/327
f 1275/1441/328 1287/1449/328 1282/1341/328 1267/1340/328
f 1257/1321/329 1266/1324/329 1272/1438/329 1259/1508/329
f 1259/1508/330 1272/1438/330 1268/1435/330 1260/1507/330
f 1260/1507/331 1268/1435/331 1265/1327/331 1258/1306/331
f 1283/1323/332 1262/1322/332 1264/1506/332 1290/1452/332
f 1290/1452/333 1264/1506/333 1263/1505/333 1285/1446/333
f 1285/1446/334 1263/1505/334 1261/1315/334 1281/1344/334
f 1184/1233/335 1301/1253/335 1303/1513/335 1186/1478/335
f 1186/1478/336 1303/1513/336 1304/1514/336 1187/1476/336
f 1187/1476/337 1304/1514/337 1302/1347/337 1185/1228/337
f 1298/1240/338 1177/1239/338 1179/1473/338 1300/1515/338
f 1300/1515/339 1179/1473/339 1178/1471/339 1299/1516/339
f 1299/1516/340 1178/1471/340 1176/1229/340 1297/1348/340
f 1301/1253/341 1309/1346/341 1311/1517/341 1303/1513/341
f 1303/1513/342 1311/1517/342 1312/1518/342 1304/1514/342
f 1304/1514/343 1312/1518/343 1310/1357/343 1302/1347/343
f 1306/1337/344 1298/1240/344 1300/1515/344 1308/1519/344
f 1308/1519/345 1300/1515/345 1299/1516/345 1307/1520/345
f 1307/1520/346 1299/1516/346 1297/1348/346 1305/1358/346
f 1318/1367/347 1310/1357/347 1312/1518/347 1320/1521/347
f 1320/1521/348 1312/1518/348 1311/1517/348 1319/1522/348
f 1319/1522/349 1311/1517/349 1309/1346/349 1317/1366/349
f 1314/1354/350 1306/1337/350 1308/1519/350 1316/1523/350
f 1316/1523/351 1308/1519/351 1307/1520/351 1315/1524/351
f 1315/1524/352 1307/1520/352 1305/1358/352 1313/1368/352
f 1317/1366/353 1325/1369/353 1327/1525/353 1319/1522/353
f 1319/1522/354 1327/1525/354 1328/1526/354 1320/1521/354
f 1320/1521/355 1328/1526/355 1326/1373/355 1318/1367/355
f 1322/1355/356 1314/1354/356 1316/1523/356 1324/1527/356
f 1324/1527/357 1316/1523/357 1315/1524/357 1323/1528/357
f 1323/1528/358 1315/1524/358 1313/1368/358 1321/1374/358
f 1325/1369/359 1333/1372/359 1335/1529/359 1327/1525/359
f 1327/1525/360 1335/1529/360 1336/1530/360 1328/1526/360
f 1328/1526/361 1336/1530/361 1334/1381/361 1326/1373/361
f 1330/1375/362 1322/1355/362 1324/1527/362 1332/1531/362
f 1332/1531/363 1324/1527/363 1323/1528/363 1331/1532/363
f 1331/1532/364 1323/1528/364 1321/1374/364 1329/1382/364
f 1342/1391/365 1334/1381/365 1336/1530/365 1344/1533/365
f 1344/1533/366 1336/1530/366 1335/1529/366 1343/1534/366
f 1343/1534/367 1335/1529/367 1333/1372/367 1341/1385/367
f 1338/1378/368 1330/1375/368 1332/1531/368 1340/1535/368
f 1340/1535/369 1332/1531/369 1331/1532/369 1339/1536/369
f 1339/1536/370 1331/1532/370 1329/1382/370 1337/1392/370
f 1341/1385/371 1349/1388/371 1351/1537/371 1343/1534/371
f 1343/1534/372 1351/1537/372 1352/1538/372 1344/1533/372
f 1344/1533/373 1352/1538/373 1350/1395/373 1342/1391/373
f 1346/1379/374 1338/1378/374 1340/1535/374 1348/1539/374
f 1348/1539/375 1340/1535/375 1339/1536/375 1347/1540/375
f 1347/1540/376 1339/1536/376 1337/1392/376 1345/1396/376
f 1359/1412/377 1354/1411/377 1356/1541/377 1366/1461/377
f 1366/1461/378 1356/1541/378 1355/1542/378 1361/1455/378
f 1361/1455/379 1355/1542/379 1353/1398/379 1357/1397/379
f 1358/1410/380 1373/1409/380 1377/1464/380 1363/1458/380
f 1363/1458/381 1377/1464/381 1382/1470/381 1367/1459/381
f 1367/1459/382 1382/1470/382 1375/1413/382 1359/1412/382
f 1374/1394/383 1370/1393/383 1372/1543/383 1379/1467/383
f 1379/1467/384 1372/1543/384 1371/1544/384 1383/1468/384
f 1383/1468/385 1371/1544/385 1369/1414/385 1375/1413/385
f 1349/1388/386 1374/1394/386 1380/1465/386 1351/1537/386
f 1351/1537/387 1380/1465/387 1376/1462/387 1352/1538/387
f 1352/1538/388 1376/1462/388 1373/1409/388 1350/1395/388
f 1357/1397/389 1346/1379/389 1348/1539/389 1360/1453/389
f 1360/1453/390 1348/1539/390 1347/1540/390 1364/1456/390
f 1364/1456/391 1347/1540/391 1345/1396/391 1358/1410/391
f 1172/1255/392 1143/1254/392 1147/1350/392 1188/1349/392
f 1385/1545/4 1457/1546/4 1429/1547/4 1425/1548/4
f 1461/1549/1 1458/1550/1 1470/1551/1 1465/1552/1
f 1457/1546/4 1385/1545/4 1388/1553/4 1469/1554/4
f 1461/1549/1 1445/1555/1 1430/1556/1 1458/1550/1
f 1426/1557/2 1431/1558/2 1447/1559/2 1441/1560/2
f 1442/1561/3 1446/1562/3 1462/1563/3 1386/1564/3
f 1469/1565/393 1388/1566/393 1390/1567/393 1477/1568/393
f 1387/1569/394 1466/1570/394 1474/1571/394 1389/1572/394
f 1386/1564/3 1462/1563/3 1466/1573/3 1387/1574/3
f 1385/1575/6 1386/1576/6 1387/1577/6 1388/1578/6
f 1465/1579/395 1491/1580/395 1486/1581/395 1473/1582/395
f 1470/1583/396 1478/1584/396 1481/1585/396 1492/1586/396
f 1391/1587/397 1482/1588/397 1516/1589/397 1394/1590/397
f 1473/1582/1 1486/1581/1 1612/1591/1 1607/1592/1
f 1389/1593/398 1392/1594/398 1505/1595/398 1508/1596/398 1387/1597/398
f 1499/1598/399 1491/1580/399 1465/1579/399
f 1485/1599/400 1392/1600/400 1410/1601/400 1611/1602/400
f 1508/1596/401 1507/1603/401 1388/1604/401 1387/1597/401
f 1511/1605/402 1393/1606/402 1395/1607/402 1519/1608/402
f 1388/1604/403 1507/1603/403 1506/1609/403 1391/1610/403 1390/1611/403
f 1389/1572/404 1474/1571/404 1608/1612/404 1409/1613/404
f 1387/1614/405 1466/1615/405 1468/1616/405 1467/1617/405 1465/1618/405 1470/1619/405 1472/1620/405 1471/1621/405 1469/1622/405 1388/1623/405
f 1393/1624/6 1394/1625/6 1396/1626/6 1395/1627/6
f 1391/1587/406 1506/1628/406 1489/1629/406 1482/1588/406
f 1390/1611/6 1391/1610/6 1394/1625/6 1393/1624/6
f 1481/1585/1 1478/1584/1 1512/1630/1 1515/1631/1
f 1523/1632/1 1520/1633/1 1528/1634/1 1531/1635/1
f 1515/1631/1 1512/1630/1 1520/1633/1 1523/1632/1
f 1394/1590/407 1516/1589/407 1524/1636/407 1396/1637/407
f 1519/1608/408 1395/1607/408 1397/1638/408 1527/1639/408
f 1398/1640/409 1532/1641/409 1540/1642/409 1400/1643/409
f 1396/1637/410 1524/1636/410 1532/1641/410 1398/1640/410
f 1527/1639/411 1397/1638/411 1399/1644/411 1535/1645/411
f 1395/1627/6 1396/1626/6 1398/1646/6 1397/1647/6
f 1399/1648/6 1400/1649/6 1402/1650/6 1401/1651/6
f 1535/1645/412 1399/1644/412 1401/1652/412 1543/1653/412
f 1397/1647/6 1398/1646/6 1400/1649/6 1399/1648/6
f 1531/1635/1 1528/1634/1 1536/1654/1 1539/1655/1
f 1402/1656/413 1548/1657/413 1556/1658/413 1404/1659/413
f 1539/1655/1 1536/1654/1 1544/1660/1 1547/1661/1
f 1400/1643/414 1540/1642/414 1548/1657/414 1402/1656/414
f 1543/1653/415 1401/1652/415 1403/1662/415 1551/1663/415
f 1559/1664/416 1405/1665/416 1407/1666/416 1567/1667/416
f 1551/1663/417 1403/1662/417 1405/1665/417 1559/1664/417
f 1401/1651/6 1402/1650/6 1404/1668/6 1403/1669/6
f 1547/1661/1 1544/1660/1 1552/1670/1 1555/1671/1
f 1405/1672/6 1406/1673/6 1408/1674/6 1407/1675/6
f 1403/1669/6 1404/1668/6 1406/1673/6 1405/1672/6
f 1555/1671/1 1552/1670/1 1560/1676/1 1563/1677/1
f 1404/1659/418 1556/1658/418 1564/1678/418 1406/1679/418
f 1571/1680/1 1568/1681/1 1581/1682/1 1596/1683/1
f 1563/1677/1 1560/1676/1 1568/1681/1 1571/1680/1
f 1406/1679/419 1564/1678/419 1572/1684/419 1408/1685/419
f 1567/1667/420 1407/1666/420 1576/1686/420 1579/1687/420
f 1407/1675/6 1408/1674/6 1591/1688/6 1593/1689/6 1594/1690/6 1592/1691/6 1575/1692/6 1577/1693/6 1578/1694/6 1576/1695/6
f 1408/1685/421 1572/1684/421 1595/1696/421 1591/1697/421
f 1580/1698/422 1575/1699/422 1592/1700/422 1597/1701/422
f 1409/1613/423 1608/1612/423 1616/1702/423 1411/1703/423
f 1611/1602/424 1410/1601/424 1412/1704/424 1619/1705/424
f 1392/1594/6 1389/1593/6 1409/1706/6 1410/1707/6
f 1392/1600/425 1485/1599/425 1490/1708/425 1505/1709/425
f 1477/1568/426 1390/1567/426 1393/1606/426 1511/1605/426
f 1412/1710/6 1411/1711/6 1413/1712/6 1414/1713/6
f 1607/1592/1 1612/1591/1 1620/1714/1 1615/1715/1
f 1410/1707/6 1409/1706/6 1411/1711/6 1412/1710/6
f 1411/1703/427 1616/1702/427 1624/1716/427 1413/1717/427
f 1415/1718/428 1632/1719/428 1640/1720/428 1417/1721/428
f 1413/1717/429 1624/1716/429 1632/1719/429 1415/1718/429
f 1619/1705/430 1412/1704/430 1414/1722/430 1627/1723/430
f 1615/1715/1 1620/1714/1 1628/1724/1 1623/1725/1
f 1635/1726/431 1416/1727/431 1418/1728/431 1643/1729/431
f 1627/1723/432 1414/1722/432 1416/1727/432 1635/1726/432
f 1623/1725/1 1628/1724/1 1636/1730/1 1631/1731/1
f 1414/1713/6 1413/1712/6 1415/1732/6 1416/1733/6
f 1418/1734/6 1417/1735/6 1419/1736/6 1420/1737/6
f 1631/1731/1 1636/1730/1 1644/1738/1 1639/1739/1
f 1416/1733/6 1415/1732/6 1417/1735/6 1418/1734/6
f 1417/1721/433 1640/1720/433 1648/1740/433 1419/1741/433
f 1651/1742/434 1420/1743/434 1422/1744/434 1659/1745/434
f 1419/1741/435 1648/1740/435 1656/1746/435 1421/1747/435
f 1643/1729/436 1418/1728/436 1420/1743/436 1651/1742/436
f 1639/1739/1 1644/1738/1 1652/1748/1 1647/1749/1
f 1655/1750/1 1660/1751/1 1668/1752/1 1663/1753/1
f 1647/1749/1 1652/1748/1 1660/1751/1 1655/1750/1
f 1420/1737/6 1419/1736/6 1421/1754/6 1422/1755/6
f 1421/1747/437 1656/1746/437 1664/1756/437 1423/1757/437
f 1667/1758/438 1424/1759/438 1700/1760/438 1687/1761/438
f 1422/1755/6 1421/1754/6 1423/1762/6 1424/1763/6
f 1423/1757/439 1664/1756/439 1671/1764/439 1683/1765/439
f 1659/1745/440 1422/1744/440 1424/1759/440 1667/1758/440
f 1424/1763/6 1423/1762/6 1683/1766/6 1685/1767/6 1686/1768/6 1684/1769/6 1699/1770/6 1701/1771/6 1702/1772/6 1700/1773/6
f 1663/1753/1 1668/1752/1 1689/1774/1 1672/1775/1
f 1470/1583/441 1492/1586/441 1503/1776/441
f 1684/1777/442 1673/1778/442 1688/1779/442 1699/1780/442
f 1429/1547/443 1432/1781/443 1434/1782/443 1433/1783/443
f 1432/1781/444 1436/1784/444 1437/1785/444 1434/1782/444
f 1430/1556/445 1435/1786/445 1437/1785/445 1436/1784/445
f 1435/1786/446 1439/1787/446 1440/1788/446 1437/1785/446
f 1431/1558/447 1438/1789/447 1440/1788/447 1439/1787/447
f 1438/1789/448 1433/1783/448 1434/1782/448 1440/1788/448
f 1434/1782/449 1437/1785/449 1440/1788/449
f 1445/1555/450 1448/1790/450 1450/1791/450 1449/1792/450
f 1448/1790/451 1452/1793/451 1453/1794/451 1450/1791/451
f 1446/1562/452 1451/1795/452 1453/1794/452 1452/1793/452
f 1451/1795/453 1455/1796/453 1456/1797/453 1453/1794/453
f 1447/1559/454 1454/1798/454 1456/1797/454 1455/1796/454
f 1454/1798/455 1449/1792/455 1450/1791/455 1456/1797/455
f 1450/1791/456 1453/1794/456 1456/1797/456
f 1489/1629/457 1493/1799/457 1495/1800/457 1494/1801/457
f 1493/1799/458 1497/1802/458 1498/1803/458 1495/1800/458
f 1490/1708/459 1496/1804/459 1498/1803/459 1497/1802/459
f 1496/1804/460 1500/1805/460 1501/1806/460 1498/1803/460
f 1491/1580/461 1499/1598/461 1501/1806/461 1500/1805/461
f 1499/1598/462 1503/1776/462 1504/1807/462 1501/1806/462
f 1492/1586/463 1502/1808/463 1504/1807/463 1503/1776/463
f 1502/1808/464 1494/1801/464 1495/1800/464 1504/1807/464
f 1495/1800/465 1498/1803/465 1501/1806/465 1504/1807/465
f 1505/1595/6 1509/1809/6 1510/1810/6 1506/1609/6 1507/1603/6 1508/1596/6
f 1579/1687/466 1582/1811/466 1584/1812/466 1583/1813/466
f 1582/1811/467 1586/1814/467 1587/1815/467 1584/1812/467
f 1580/1698/468 1585/1816/468 1587/1815/468 1586/1814/468
f 1585/1816/469 1589/1817/469 1590/1818/469 1587/1815/469
f 1581/1682/470 1588/1819/470 1590/1818/470 1589/1817/470
f 1588/1819/471 1583/1813/471 1584/1812/471 1590/1818/471
f 1584/1812/472 1587/1815/472 1590/1818/472
f 1595/1696/473 1598/1820/473 1600/1821/473 1599/1822/473
f 1598/1820/474 1602/1823/474 1603/1824/474 1600/1821/474
f 1596/1683/475 1601/1825/475 1603/1824/475 1602/1823/475
f 1601/1825/476 1605/1826/476 1606/1827/476 1603/1824/476
f 1597/1701/477 1604/1828/477 1606/1827/477 1605/1826/477
f 1604/1828/478 1599/1822/478 1600/1821/478 1606/1827/478
f 1600/1821/479 1603/1824/479 1606/1827/479
f 1671/1764/480 1674/1829/480 1676/1830/480 1675/1831/480
f 1674/1829/481 1678/1832/481 1679/1833/481 1676/1830/481
f 1672/1775/482 1677/1834/482 1679/1833/482 1678/1832/482
f 1677/1834/483 1681/1835/483 1682/1836/483 1679/1833/483
f 1673/1778/484 1680/1837/484 1682/1836/484 1681/1835/484
f 1680/1837/485 1675/1831/485 1676/1830/485 1682/1836/485
f 1676/1830/486 1679/1833/486 1682/1836/486
f 1687/1761/487 1690/1838/487 1692/1839/487 1691/1840/487
f 1690/1838/488 1694/1841/488 1695/1842/488 1692/1839/488
f 1688/1779/489 1693/1843/489 1695/1842/489 1694/1841/489
f 1693/1843/490 1697/1844/490 1698/1845/490 1695/1842/490
f 1689/1774/491 1696/1846/491 1698/1845/491 1697/1844/491
f 1696/1846/492 1691/1840/492 1692/1839/492 1698/1845/492
f 1692/1839/493 1695/1842/493 1698/1845/493
f 1425/1548/494 1429/1547/494 1433/1783/494 1427/1847/494
f 1427/1847/495 1433/1783/495 1438/1789/495 1428/1848/495
f 1428/1848/496 1438/1789/496 1431/1558/496 1426/1557/496
f 1430/1556/102 1445/1555/102 1449/1792/102 1435/1786/102
f 1435/1786/103 1449/1792/103 1454/1798/103 1439/1787/103
f 1439/1787/104 1454/1798/104 1447/1559/104 1431/1558/104
f 1446/1562/497 1442/1561/497 1444/1849/497 1451/1795/497
f 1451/1795/498 1444/1849/498 1443/1850/498 1455/1796/498
f 1455/1796/499 1443/1850/499 1441/1560/499 1447/1559/499
f 1445/1555/500 1461/1549/500 1463/1851/500 1448/1790/500
f 1448/1790/501 1463/1851/501 1464/1852/501 1452/1793/501
f 1452/1793/502 1464/1852/502 1462/1563/502 1446/1562/502
f 1458/1550/503 1430/1556/503 1436/1784/503 1460/1853/503
f 1460/1853/504 1436/1784/504 1432/1781/504 1459/1854/504
f 1459/1854/505 1432/1781/505 1429/1547/505 1457/1546/505
f 1457/1546/128 1469/1554/128 1471/1855/128 1459/1854/128
f 1459/1854/127 1471/1855/127 1472/1856/127 1460/1853/127
f 1460/1853/126 1472/1856/126 1470/1551/126 1458/1550/126
f 1466/1573/506 1462/1563/506 1464/1852/506 1468/1857/506
f 1468/1857/507 1464/1852/507 1463/1851/507 1467/1858/507
f 1467/1858/508 1463/1851/508 1461/1549/508 1465/1552/508
f 1465/1579/509 1473/1582/509 1475/1859/509 1467/1860/509
f 1467/1860/510 1475/1859/510 1476/1861/510 1468/1862/510
f 1468/1862/511 1476/1861/511 1474/1571/511 1466/1570/511
f 1478/1584/512 1470/1583/512 1472/1863/512 1480/1864/512
f 1480/1864/513 1472/1863/513 1471/1865/513 1479/1866/513
f 1479/1866/514 1471/1865/514 1469/1565/514 1477/1568/514
f 1489/1629/515 1506/1628/515 1510/1867/515 1493/1799/515
f 1493/1799/516 1510/1867/516 1509/1868/516 1497/1802/516
f 1497/1802/517 1509/1868/517 1505/1709/517 1490/1708/517
f 1486/1581/518 1491/1580/518 1500/1805/518 1488/1869/518
f 1488/1869/519 1500/1805/519 1496/1804/519 1487/1870/519
f 1487/1870/520 1496/1804/520 1490/1708/520 1485/1599/520
f 1482/1588/521 1489/1629/521 1494/1801/521 1484/1871/521
f 1484/1871/522 1494/1801/522 1502/1808/522 1483/1872/522
f 1483/1872/523 1502/1808/523 1492/1586/523 1481/1585/523
f 1477/1568/524 1511/1605/524 1513/1873/524 1479/1866/524
f 1479/1866/525 1513/1873/525 1514/1874/525 1480/1864/525
f 1480/1864/526 1514/1874/526 1512/1630/526 1478/1584/526
f 1516/1589/527 1482/1588/527 1484/1871/527 1518/1875/527
f 1518/1875/528 1484/1871/528 1483/1872/528 1517/1876/528
f 1517/1876/529 1483/1872/529 1481/1585/529 1515/1631/529
f 1520/1633/530 1512/1630/530 1514/1874/530 1522/1877/530
f 1522/1877/531 1514/1874/531 1513/1873/531 1521/1878/531
f 1521/1878/532 1513/1873/532 1511/1605/532 1519/1608/532
f 1524/1636/533 1516/1589/533 1518/1875/533 1526/1879/533
f 1526/1879/534 1518/1875/534 1517/1876/534 1525/1880/534
f 1525/1880/535 1517/1876/535 1515/1631/535 1523/1632/535
f 1528/1634/536 1520/1633/536 1522/1877/536 1530/1881/536
f 1530/1881/537 1522/1877/537 1521/1878/537 1529/1882/537
f 1529/1882/538 1521/1878/538 1519/1608/538 1527/1639/538
f 1532/1641/539 1524/1636/539 1526/1879/539 1534/1883/539
f 1534/1883/540 1526/1879/540 1525/1880/540 1533/1884/540
f 1533/1884/541 1525/1880/541 1523/1632/541 1531/1635/541
f 1527/1639/542 1535/1645/542 1537/1885/542 1529/1882/542
f 1529/1882/543 1537/1885/543 1538/1886/543 1530/1881/543
f 1530/1881/544 1538/1886/544 1536/1654/544 1528/1634/544
f 1540/1642/545 1532/1641/545 1534/1883/545 1542/1887/545
f 1542/1887/546 1534/1883/546 1533/1884/546 1541/1888/546
f 1541/1888/547 1533/1884/547 1531/1635/547 1539/1655/547
f 1544/1660/548 1536/1654/548 1538/1886/548 1546/1889/548
f 1546/1889/549 1538/1886/549 1537/1885/549 1545/1890/549
f 1545/1890/550 1537/1885/550 1535/1645/550 1543/1653/550
f 1548/1657/551 1540/1642/551 1542/1887/551 1550/1891/551
f 1550/1891/552 1542/1887/552 1541/1888/552 1549/1892/552
f 1549/1892/553 1541/1888/553 1539/1655/553 1547/1661/553
f 1543/1653/554 1551/1663/554 1553/1893/554 1545/1890/554
f 1545/1890/555 1553/1893/555 1554/1894/555 1546/1889/555
f 1546/1889/556 1554/1894/556 1552/1670/556 1544/1660/556
f 1556/1658/557 1548/1657/557 1550/1891/557 1558/1895/557
f 1558/1895/558 1550/1891/558 1549/1892/558 1557/1896/558
f 1557/1896/559 1549/1892/559 1547/1661/559 1555/1671/559
f 1555/1671/560 1563/1677/560 1565/1897/560 1557/1896/560
f 1557/1896/561 1565/1897/561 1566/1898/561 1558/1895/561
f 1558/1895/562 1566/1898/562 1564/1678/562 1556/1658/562
f 1560/1676/563 1552/1670/563 1554/1894/563 1562/1899/563
f 1562/1899/564 1554/1894/564 1553/1893/564 1561/1900/564
f 1561/1900/565 1553/1893/565 1551/1663/565 1559/1664/565
f 1568/1681/566 1560/1676/566 1562/1899/566 1570/1901/566
f 1570/1901/567 1562/1899/567 1561/1900/567 1569/1902/567
f 1569/1902/568 1561/1900/568 1559/1664/568 1567/1667/568
f 1572/1684/569 1564/1678/569 1566/1898/569 1574/1903/569
f 1574/1903/570 1566/1898/570 1565/1897/570 1573/1904/570
f 1573/1904/571 1565/1897/571 1563/1677/571 1571/1680/571
f 1579/1687/572 1576/1686/572 1578/1905/572 1582/1811/572
f 1582/1811/573 1578/1905/573 1577/1906/573 1586/1814/573
f 1586/1814/574 1577/1906/574 1575/1699/574 1580/1698/574
f 1597/1701/575 1592/1700/575 1594/1907/575 1604/1828/575
f 1604/1828/576 1594/1907/576 1593/1908/576 1599/1822/576
f 1599/1822/577 1593/1908/577 1591/1697/577 1595/1696/577
f 1596/1683/578 1581/1682/578 1589/1817/578 1601/1825/578
f 1601/1825/579 1589/1817/579 1585/1816/579 1605/1826/579
f 1605/1826/580 1585/1816/580 1580/1698/580 1597/1701/580
f 1581/1682/581 1568/1681/581 1570/1901/581 1588/1819/581
f 1588/1819/582 1570/1901/582 1569/1902/582 1583/1813/582
f 1583/1813/583 1569/1902/583 1567/1667/583 1579/1687/583
f 1595/1696/584 1572/1684/584 1574/1903/584 1598/1820/584
f 1598/1820/585 1574/1903/585 1573/1904/585 1602/1823/585
f 1602/1823/586 1573/1904/586 1571/1680/586 1596/1683/586
f 1473/1582/587 1607/1592/587 1609/1909/587 1475/1859/587
f 1475/1859/588 1609/1909/588 1610/1910/588 1476/1861/588
f 1476/1861/589 1610/1910/589 1608/1612/589 1474/1571/589
f 1612/1591/590 1486/1581/590 1488/1869/590 1614/1911/590
f 1614/1911/591 1488/1869/591 1487/1870/591 1613/1912/591
f 1613/1912/592 1487/1870/592 1485/1599/592 1611/1602/592
f 1611/1602/593 1619/1705/593 1621/1913/593 1613/1912/593
f 1613/1912/594 1621/1913/594 1622/1914/594 1614/1911/594
f 1614/1911/595 1622/1914/595 1620/1714/595 1612/1591/595
f 1616/1702/596 1608/1612/596 1610/1910/596 1618/1915/596
f 1618/1915/597 1610/1910/597 1609/1909/597 1617/1916/597
f 1617/1916/598 1609/1909/598 1607/1592/598 1615/1715/598
f 1628/1724/599 1620/1714/599 1622/1914/599 1630/1917/599
f 1630/1917/600 1622/1914/600 1621/1913/600 1629/1918/600
f 1629/1918/601 1621/1913/601 1619/1705/601 1627/1723/601
f 1624/1716/602 1616/1702/602 1618/1915/602 1626/1919/602
f 1626/1919/603 1618/1915/603 1617/1916/603 1625/1920/603
f 1625/1920/604 1617/1916/604 1615/1715/604 1623/1725/604
f 1636/1730/605 1628/1724/605 1630/1917/605 1638/1921/605
f 1638/1921/606 1630/1917/606 1629/1918/606 1637/1922/606
f 1637/1922/607 1629/1918/607 1627/1723/607 1635/1726/607
f 1632/1719/608 1624/1716/608 1626/1919/608 1634/1923/608
f 1634/1923/609 1626/1919/609 1625/1920/609 1633/1924/609
f 1633/1924/610 1625/1920/610 1623/1725/610 1631/1731/610
f 1635/1726/611 1643/1729/611 1645/1925/611 1637/1922/611
f 1637/1922/612 1645/1925/612 1646/1926/612 1638/1921/612
f 1638/1921/613 1646/1926/613 1644/1738/613 1636/1730/613
f 1640/1720/614 1632/1719/614 1634/1923/614 1642/1927/614
f 1642/1927/615 1634/1923/615 1633/1924/615 1641/1928/615
f 1641/1928/616 1633/1924/616 1631/1731/616 1639/1739/616
f 1652/1748/617 1644/1738/617 1646/1926/617 1654/1929/617
f 1654/1929/618 1646/1926/618 1645/1925/618 1653/1930/618
f 1653/1930/619 1645/1925/619 1643/1729/619 1651/1742/619
f 1648/1740/620 1640/1720/620 1642/1927/620 1650/1931/620
f 1650/1931/621 1642/1927/621 1641/1928/621 1649/1932/621
f 1649/1932/622 1641/1928/622 1639/1739/622 1647/1749/622
f 1651/1742/623 1659/1745/623 1661/1933/623 1653/1930/623
f 1653/1930/624 1661/1933/624 1662/1934/624 1654/1929/624
f 1654/1929/625 1662/1934/625 1660/1751/625 1652/1748/625
f 1656/1746/626 1648/1740/626 1650/1931/626 1658/1935/626
f 1658/1935/627 1650/1931/627 1649/1932/627 1657/1936/627
f 1657/1936/628 1649/1932/628 1647/1749/628 1655/1750/628
f 1655/1750/629 1663/1753/629 1665/1937/629 1657/1936/629
f 1657/1936/630 1665/1937/630 1666/1938/630 1658/1935/630
f 1658/1935/631 1666/1938/631 1664/1756/631 1656/1746/631
f 1668/1752/632 1660/1751/632 1662/1934/632 1670/1939/632
f 1670/1939/633 1662/1934/633 1661/1933/633 1669/1940/633
f 1669/1940/634 1661/1933/634 1659/1745/634 1667/1758/634
f 1673/1778/635 1684/1777/635 1686/1941/635 1680/1837/635
f 1680/1837/636 1686/1941/636 1685/1942/636 1675/1831/636
f 1675/1831/637 1685/1942/637 1683/1765/637 1671/1764/637
f 1687/1761/638 1700/1760/638 1702/1943/638 1690/1838/638
f 1690/1838/639 1702/1943/639 1701/1944/639 1694/1841/639
f 1694/1841/640 1701/1944/640 1699/1780/640 1688/1779/640
f 1672/1775/641 1689/1774/641 1697/1844/641 1677/1834/641
f 1677/1834/642 1697/1844/642 1693/1843/642 1681/1835/642
f 1681/1835/643 1693/1843/643 1688/1779/643 1673/1778/643
f 1667/1758/644 1687/1761/644 1691/1840/644 1669/1940/644
f 1669/1940/645 1691/1840/645 1696/1846/645 1670/1939/645
f 1670/1939/646 1696/1846/646 1689/1774/646 1668/1752/646
f 1671/1764/647 1664/1756/647 1666/1938/647 1674/1829/647
f 1674/1829/648 1666/1938/648 1665/1937/648 1678/1832/648
f 1678/1832/649 1665/1937/649 1663/1753/649 1672/1775/649
f 1441/1945/6 1443/1946/6 1444/1947/6 1442/1948/6 1386/1576/6 1385/1575/6 1425/1949/6 1427/1950/6 1428/1951/6 1426/1952/6
f 1470/1583/650 1503/1776/650 1499/1598/650 1465/1579/650
f 1758/1953/1 1731/1954/1 1728/1955/1 1744/1956/1 1755/1957/1 1751/1958/1 1743/1959/1
f 1778/1960/5 1783/1961/5 1767/1962/5 1761/1963/5
f 1705/1964/3 1757/1965/3 1781/1966/3 1777/1967/3
f 1758/1953/1 1743/1959/1 1765/1968/1 1782/1969/1
f 1742/1970/4 1735/1971/4 1762/1972/4 1766/1973/4
f 1703/1974/4 1727/1975/4 1794/1976/4 1706/1977/4
f 1706/1977/4 1794/1976/4 1802/1978/4 1708/1979/4
f 1757/1965/5 1705/1964/5 1711/1980/5 1813/1981/5
f 1703/1982/6 1737/1983/6 1736/1984/6 1861/1985/6 1863/1986/6 1864/1987/6 1862/1988/6 1845/1989/6 1847/1990/6 1848/1991/6 1846/1992/6
f 1736/1993/5 1741/1994/5 1865/1995/5 1861/1996/5
f 1793/1997/1 1798/1998/1 1806/1999/1 1801/2000/1
f 1704/2001/6 1703/1982/6 1706/2002/6 1707/2003/6
f 1731/1954/1 1758/1953/1 1814/2004/1 1809/2005/1
f 1744/1956/1 1728/1955/1 1851/2006/1 1866/2007/1
f 1717/2008/6 1975/2009/6 1977/2010/6 1978/2011/6 1976/2012/6 1958/2013/6 1960/2014/6 1718/2015/6
f 1797/2016/3 1707/2017/3 1709/2018/3 1805/2019/3
f 1707/2003/6 1706/2002/6 1708/2020/6 1709/2021/6
f 1708/1979/4 1802/1978/4 1919/2022/4 1717/2023/4
f 1712/2024/2 1818/2025/2 1828/2026/2 1714/2027/2
f 1705/2028/6 1704/2001/6 1710/2029/6 1711/2030/6
f 1735/2031/6 1738/2032/6 1705/2028/6 1777/2033/6 1779/2034/6 1780/2035/6 1778/2036/6 1761/2037/6 1763/2038/6 1764/2039/6 1762/2040/6
f 1732/2041/3 1704/2042/3 1707/2017/3 1797/2016/3
f 1821/2043/5 1713/2044/5 1715/2045/5 1841/2046/5
f 1711/2030/6 1710/2029/6 1712/2047/6 1713/2048/6
f 1813/1981/5 1711/1980/5 1713/2044/5 1821/2043/5
f 1809/2005/1 1814/2004/1 1822/2049/1 1817/2050/1
f 1826/2051/1 1878/2052/1 1904/2053/1
f 1817/2050/1 1822/2049/1 1842/2054/1 1825/2055/1
f 1714/2027/651 1828/2026/651 1927/2056/651 1719/2057/651
f 1713/2048/6 1712/2047/6 1714/2058/6 1715/2059/6
f 1716/2060/3 1898/2061/3 1905/2062/3 1877/2063/3
f 1704/2042/2 1732/2041/2 1810/2064/2 1710/2065/2
f 1704/2001/6 1705/2028/6 1738/2032/6 1737/1983/6 1703/1982/6
f 1728/1955/1 1731/1954/1 1798/1998/1 1793/1997/1
f 1715/2059/6 1714/2058/6 1716/2066/6 1881/2067/6 1883/2068/6 1884/2069/6 1882/2070/6
f 1805/2019/3 1709/2018/3 1718/2071/3 1922/2072/3
f 1862/2073/4 1867/2074/4 1850/2075/4 1845/2076/4
f 1897/2077/652 1720/2078/652 1930/2079/652 1902/2080/652
f 1716/2060/3 1877/2063/3 1887/2081/3 1881/2082/3
f 1714/2058/6 1719/2083/6 1720/2084/6 1897/2085/6 1899/2086/6
f 1903/2087/1 1931/2088/1 1926/2089/1 1827/2090/1
f 1923/2091/653 1963/2092/653 1981/2093/653
f 1709/2021/6 1708/2020/6 1717/2008/6 1718/2015/6
f 1922/2072/654 1718/2071/654 1725/2094/654 1951/2095/654
f 1710/2065/2 1810/2064/2 1818/2025/2 1712/2024/2
f 1841/2046/5 1715/2045/5 1882/2096/5 1886/2097/5
f 1899/2086/6 1898/2098/6 1716/2066/6 1714/2058/6
f 1826/2051/1 1833/2099/1 1829/2100/1 1825/2055/1 1842/2054/1 1885/2101/1 1878/2052/1
f 1919/2022/4 1980/2102/4 1975/2103/4 1717/2023/4
f 1720/2078/655 1722/2104/655 1938/2105/655 1930/2079/655
f 1721/2106/656 1935/2107/656 1943/2108/656 1723/2109/656
f 1719/2083/6 1721/2110/6 1722/2111/6 1720/2084/6
f 1931/2088/1 1939/2112/1 1934/2113/1 1926/2089/1
f 1721/2110/6 1723/2114/6 1724/2115/6 1722/2111/6
f 1939/2112/1 1947/2116/1 1942/2117/1 1934/2113/1
f 1722/2104/657 1724/2118/657 1946/2119/657 1938/2105/657
f 1723/2109/658 1943/2108/658 1951/2095/658 1725/2094/658
f 1947/2116/1 1955/2120/1 1950/2121/1 1942/2117/1
f 1724/2118/659 1726/2122/659 1954/2123/659 1946/2119/659
f 1726/2122/660 1959/2124/660 1964/2125/660 1954/2123/660
f 1723/2114/6 1725/2126/6 1726/2127/6 1724/2115/6
f 1955/2120/661 1963/2092/661 1923/2091/661 1950/2121/661
f 1979/2128/662 1965/2129/662 1958/2130/662 1976/2131/662
f 1719/2057/663 1927/2056/663 1935/2107/663 1721/2106/663
f 1981/2093/664 1918/2132/664 1923/2091/664
f 1726/2127/6 1725/2126/6 1718/2015/6 1960/2014/6 1959/2133/6
f 1801/2000/665 1806/1999/665 1923/2091/665 1918/2132/665
f 1735/2031/6 1739/2134/6 1740/2135/6 1736/1984/6 1737/1983/6 1738/2032/6
f 1741/1994/666 1745/2136/666 1747/2137/666 1746/2138/666
f 1745/2136/667 1749/2139/667 1750/2140/667 1747/2137/667
f 1742/1970/668 1748/2141/668 1750/2140/668 1749/2139/668
f 1748/2141/669 1752/2142/669 1753/2143/669 1750/2140/669
f 1743/1959/670 1751/1958/670 1753/2143/670 1752/2142/670
f 1751/1958/671 1755/1957/671 1756/2144/671 1753/2143/671
f 1744/1956/672 1754/2145/672 1756/2144/672 1755/1957/672
f 1754/2145/673 1746/2138/673 1747/2137/673 1756/2144/673
f 1747/2137/674 1750/2140/674 1753/2143/674 1756/2144/674
f 1765/1968/675 1768/2146/675 1770/2147/675 1769/2148/675
f 1768/2146/676 1772/2149/676 1773/2150/676 1770/2147/676
f 1766/1973/677 1771/2151/677 1773/2150/677 1772/2149/677
f 1771/2151/678 1775/2152/678 1776/2153/678 1773/2150/678
f 1767/1962/679 1774/2154/679 1776/2153/679 1775/2152/679
f 1774/2154/680 1769/2148/680 1770/2147/680 1776/2153/680
f 1770/2147/681 1773/2150/681 1776/2153/681
f 1781/1966/682 1784/2155/682 1786/2156/682 1785/2157/682
f 1784/2155/683 1788/2158/683 1789/2159/683 1786/2156/683
f 1782/1969/684 1787/2160/684 1789/2159/684 1788/2158/684
f 1787/2160/685 1791/2161/685 1792/2162/685 1789/2159/685
f 1783/1961/686 1790/2163/686 1792/2162/686 1791/2161/686
f 1790/2163/687 1785/2157/687 1786/2156/687 1792/2162/687
f 1786/2156/688 1789/2159/688 1792/2162/688
f 1825/2055/689 1829/2100/689 1831/2164/689 1830/2165/689
f 1829/2100/690 1833/2099/690 1834/2166/690 1831/2164/690
f 1826/2051/691 1832/2167/691 1834/2166/691 1833/2099/691
f 1832/2167/692 1836/2168/692 1837/2169/692 1834/2166/692
f 1827/2090/693 1835/2170/693 1837/2169/693 1836/2168/693
f 1835/2170/694 1839/2171/694 1840/2172/694 1837/2169/694
f 1828/2026/695 1838/2173/695 1840/2172/695 1839/2171/695
f 1838/2173/696 1830/2165/696 1831/2164/696 1840/2172/696
f 1831/2164/697 1834/2166/697 1837/2169/697 1840/2172/697
f 1849/2174/447 1852/2175/447 1854/2176/447 1853/2177/447
f 1852/2175/698 1856/2178/698 1857/2179/698 1854/2176/698
f 1850/2075/443 1855/2180/443 1857/2179/443 1856/2178/443
f 1855/2180/444 1859/2181/444 1860/2182/444 1857/2179/444
f 1851/2006/445 1858/2183/445 1860/2182/445 1859/2181/445
f 1858/2183/446 1853/2177/446 1854/2176/446 1860/2182/446
f 1854/2176/699 1857/2179/699 1860/2182/699
f 1865/1995/679 1868/2184/679 1870/2185/679 1869/2186/679
f 1868/2184/680 1872/2187/680 1873/2188/680 1870/2185/680
f 1866/2007/675 1871/2189/675 1873/2188/675 1872/2187/675
f 1871/2189/676 1875/2190/676 1876/2191/676 1873/2188/676
f 1867/2074/677 1874/2192/677 1876/2191/677 1875/2190/677
f 1874/2192/678 1869/2186/678 1870/2185/678 1876/2191/678
f 1870/2185/700 1873/2188/700 1876/2191/700
f 1885/2101/684 1888/2193/684 1890/2194/684 1889/2195/684
f 1888/2193/685 1892/2196/685 1893/2197/685 1890/2194/685
f 1886/2097/686 1891/2198/686 1893/2197/686 1892/2196/686
f 1891/2198/701 1895/2199/701 1896/2200/701 1893/2197/701
f 1887/2081/682 1894/2201/682 1896/2200/682 1895/2199/682
f 1894/2201/683 1889/2195/683 1890/2194/683 1896/2200/683
f 1890/2194/688 1893/2197/688 1896/2200/688
f 1897/2085/6 1900/2202/6 1899/2086/6
f 1900/2202/6 1901/2203/6 1899/2086/6
f 1901/2203/6 1898/2098/6 1899/2086/6
f 1902/2080/702 1906/2204/702 1908/2205/702 1907/2206/702
f 1906/2204/703 1910/2207/703 1911/2208/703 1908/2205/703
f 1903/2087/704 1909/2209/704 1911/2208/704 1910/2207/704
f 1909/2209/705 1913/2210/705 1914/2211/705 1911/2208/705
f 1904/2053/706 1912/2212/706 1914/2211/706 1913/2210/706
f 1912/2212/707 1916/2213/707 1917/2214/707 1914/2211/707
f 1905/2062/708 1915/2215/708 1917/2214/708 1916/2213/708
f 1915/2215/709 1907/2206/709 1908/2205/709 1917/2214/709
f 1908/2205/710 1911/2208/710 1914/2211/710 1917/2214/710
f 1958/2013/6 1961/2216/6 1960/2014/6
f 1961/2216/6 1962/2217/6 1960/2014/6
f 1962/2217/6 1959/2133/6 1960/2014/6
f 1963/2092/711 1966/2218/711 1968/2219/711 1967/2220/711
f 1966/2218/712 1970/2221/712 1971/2222/712 1968/2219/712
f 1964/2125/713 1969/2223/713 1971/2222/713 1970/2221/713
f 1969/2223/714 1973/2224/714 1974/2225/714 1971/2222/714
f 1965/2129/715 1972/2226/715 1974/2225/715 1973/2224/715
f 1972/2226/716 1967/2220/716 1968/2219/716 1974/2225/716
f 1968/2219/717 1971/2222/717 1974/2225/717
f 1979/2128/718 1982/2227/718 1984/2228/718 1983/2229/718
f 1982/2227/719 1986/2230/719 1987/2231/719 1984/2228/719
f 1980/2102/720 1985/2232/720 1987/2231/720 1986/2230/720
f 1985/2232/721 1989/2233/721 1990/2234/721 1987/2231/721
f 1981/2093/722 1988/2235/722 1990/2234/722 1989/2233/722
f 1988/2235/723 1983/2229/723 1984/2228/723 1990/2234/723
f 1984/2228/724 1987/2231/724 1990/2234/724
f 1741/1994/725 1736/1993/725 1740/2236/725 1745/2136/725
f 1745/2136/726 1740/2236/726 1739/2237/726 1749/2139/726
f 1749/2139/727 1739/2237/727 1735/1971/727 1742/1970/727
f 1783/1961/728 1778/1960/728 1780/2238/728 1790/2163/728
f 1790/2163/729 1780/2238/729 1779/2239/729 1785/2157/729
f 1785/2157/730 1779/2239/730 1777/1967/730 1781/1966/730
f 1782/1969/731 1765/1968/731 1769/2148/731 1787/2160/731
f 1787/2160/145 1769/2148/145 1774/2154/145 1791/2161/145
f 1791/2161/732 1774/2154/732 1767/1962/732 1783/1961/732
f 1766/1973/733 1762/1972/733 1764/2240/733 1771/2151/733
f 1771/2151/734 1764/2240/734 1763/2241/734 1775/2152/734
f 1775/2152/735 1763/2241/735 1761/1963/735 1767/1962/735
f 1742/1970/736 1766/1973/736 1772/2149/736 1748/2141/736
f 1748/2141/737 1772/2149/737 1768/2146/737 1752/2142/737
f 1752/2142/738 1768/2146/738 1765/1968/738 1743/1959/738
f 1781/1966/739 1757/1965/739 1759/2242/739 1784/2155/739
f 1784/2155/740 1759/2242/740 1760/2243/740 1788/2158/740
f 1788/2158/741 1760/2243/741 1758/1953/741 1782/1969/741
f 1732/2041/506 1797/2016/506 1799/2244/506 1734/2245/506
f 1734/2245/507 1799/2244/507 1800/2246/507 1733/2247/507
f 1733/2247/508 1800/2246/508 1798/1998/508 1731/1954/508
f 1794/1976/128 1727/1975/128 1729/2248/128 1796/2249/128
f 1796/2249/127 1729/2248/127 1730/2250/127 1795/2251/127
f 1795/2251/126 1730/2250/126 1728/1955/126 1793/1997/126
f 1793/1997/126 1801/2000/126 1803/2252/126 1795/2251/126
f 1795/2251/127 1803/2252/127 1804/2253/127 1796/2249/127
f 1796/2249/128 1804/2253/128 1802/1978/128 1794/1976/128
f 1797/2016/506 1805/2019/506 1807/2254/506 1799/2244/506
f 1799/2244/507 1807/2254/507 1808/2255/507 1800/2246/507
f 1800/2246/508 1808/2255/508 1806/1999/508 1798/1998/508
f 1814/2004/146 1758/1953/146 1760/2243/146 1816/2256/146
f 1816/2256/145 1760/2243/145 1759/2242/145 1815/2257/145
f 1815/2257/144 1759/2242/144 1757/1965/144 1813/1981/144
f 1810/2064/147 1732/2041/147 1734/2245/147 1812/2258/147
f 1812/2258/103 1734/2245/103 1733/2247/103 1811/2259/103
f 1811/2259/148 1733/2247/148 1731/1954/148 1809/2005/148
f 1822/2049/146 1814/2004/146 1816/2256/146 1824/2260/146
f 1824/2260/145 1816/2256/145 1815/2257/145 1823/2261/145
f 1823/2261/144 1815/2257/144 1813/1981/144 1821/2043/144
f 1818/2025/147 1810/2064/147 1812/2258/147 1820/2262/147
f 1820/2262/103 1812/2258/103 1811/2259/103 1819/2263/103
f 1819/2263/148 1811/2259/148 1809/2005/148 1817/2050/148
f 1821/2043/144 1841/2046/144 1843/2264/144 1823/2261/144
f 1823/2261/145 1843/2264/145 1844/2265/145 1824/2260/145
f 1824/2260/146 1844/2265/146 1842/2054/146 1822/2049/146
f 1828/2026/742 1818/2025/742 1820/2262/742 1838/2173/742
f 1838/2173/743 1820/2262/743 1819/2263/743 1830/2165/743
f 1830/2165/744 1819/2263/744 1817/2050/744 1825/2055/744
f 1845/2076/745 1850/2075/745 1856/2178/745 1847/2266/745
f 1847/2266/495 1856/2178/495 1852/2175/495 1848/2267/495
f 1848/2267/496 1852/2175/496 1849/2174/496 1846/2268/496
f 1867/2074/746 1862/2073/746 1864/2269/746 1874/2192/746
f 1874/2192/734 1864/2269/734 1863/2270/734 1869/2186/734
f 1869/2186/735 1863/2270/735 1861/1996/735 1865/1995/735
f 1866/2007/747 1851/2006/747 1859/2181/747 1871/2189/747
f 1871/2189/127 1859/2181/127 1855/2180/127 1875/2190/127
f 1875/2190/748 1855/2180/748 1850/2075/748 1867/2074/748
f 1727/1975/749 1849/2174/749 1853/2177/749 1729/2248/749
f 1729/2248/103 1853/2177/103 1858/2183/103 1730/2250/103
f 1730/2250/750 1858/2183/750 1851/2006/750 1728/1955/750
f 1865/1995/751 1741/1994/751 1746/2138/751 1868/2184/751
f 1868/2184/752 1746/2138/752 1754/2145/752 1872/2187/752
f 1872/2187/753 1754/2145/753 1744/1956/753 1866/2007/753
f 1878/2052/754 1885/2101/754 1889/2195/754 1880/2271/754
f 1880/2271/755 1889/2195/755 1894/2201/755 1879/2272/755
f 1879/2272/756 1894/2201/756 1887/2081/756 1877/2063/756
f 1886/2097/728 1882/2096/728 1884/2273/728 1891/2198/728
f 1891/2198/729 1884/2273/729 1883/2274/729 1895/2199/729
f 1895/2199/730 1883/2274/730 1881/2082/730 1887/2081/730
f 1841/2046/757 1886/2097/757 1892/2196/757 1843/2264/757
f 1843/2264/758 1892/2196/758 1888/2193/758 1844/2265/758
f 1844/2265/759 1888/2193/759 1885/2101/759 1842/2054/759
f 1905/2062/760 1898/2061/760 1901/2275/760 1915/2215/760
f 1915/2215/761 1901/2275/761 1900/2276/761 1907/2206/761
f 1907/2206/762 1900/2276/762 1897/2077/762 1902/2080/762
f 1877/2063/763 1905/2062/763 1916/2213/763 1879/2272/763
f 1879/2272/764 1916/2213/764 1912/2212/764 1880/2271/764
f 1880/2271/765 1912/2212/765 1904/2053/765 1878/2052/765
f 1826/2051/1 1904/2053/1 1913/2210/1 1832/2167/1
f 1832/2167/1 1913/2210/1 1909/2209/1 1836/2168/1
f 1836/2168/1 1909/2209/1 1903/2087/1 1827/2090/1
f 1981/2093/766 1963/2092/766 1967/2220/766 1988/2235/766
f 1988/2235/767 1967/2220/767 1972/2226/767 1983/2229/767
f 1983/2229/768 1972/2226/768 1965/2129/768 1979/2128/768
f 1805/2019/769 1922/2072/769 1924/2277/769 1807/2254/769
f 1807/2254/770 1924/2277/770 1925/2278/770 1808/2255/770
f 1808/2255/771 1925/2278/771 1923/2091/771 1806/1999/771
f 1919/2022/128 1802/1978/128 1804/2253/128 1921/2279/128
f 1921/2279/127 1804/2253/127 1803/2252/127 1920/2280/127
f 1920/2280/126 1803/2252/126 1801/2000/126 1918/2132/126
f 1827/2090/772 1926/2089/772 1928/2281/772 1835/2170/772
f 1835/2170/773 1928/2281/773 1929/2282/773 1839/2171/773
f 1839/2171/774 1929/2282/774 1927/2056/774 1828/2026/774
f 1931/2088/775 1903/2087/775 1910/2207/775 1933/2283/775
f 1933/2283/776 1910/2207/776 1906/2204/776 1932/2284/776
f 1932/2284/777 1906/2204/777 1902/2080/777 1930/2079/777
f 1926/2089/778 1934/2113/778 1936/2285/778 1928/2281/778
f 1928/2281/779 1936/2285/779 1937/2286/779 1929/2282/779
f 1929/2282/780 1937/2286/780 1935/2107/780 1927/2056/780
f 1939/2112/781 1931/2088/781 1933/2283/781 1941/2287/781
f 1941/2287/782 1933/2283/782 1932/2284/782 1940/2288/782
f 1940/2288/783 1932/2284/783 1930/2079/783 1938/2105/783
f 1934/2113/784 1942/2117/784 1944/2289/784 1936/2285/784
f 1936/2285/785 1944/2289/785 1945/2290/785 1937/2286/785
f 1937/2286/786 1945/2290/786 1943/2108/786 1935/2107/786
f 1947/2116/787 1939/2112/787 1941/2287/787 1949/2291/787
f 1949/2291/788 1941/2287/788 1940/2288/788 1948/2292/788
f 1948/2292/789 1940/2288/789 1938/2105/789 1946/2119/789
f 1942/2117/790 1950/2121/790 1952/2293/790 1944/2289/790
f 1944/2289/791 1952/2293/791 1953/2294/791 1945/2290/791
f 1945/2290/792 1953/2294/792 1951/2095/792 1943/2108/792
f 1955/2120/793 1947/2116/793 1949/2291/793 1957/2295/793
f 1957/2295/794 1949/2291/794 1948/2292/794 1956/2296/794
f 1956/2296/795 1948/2292/795 1946/2119/795 1954/2123/795
f 1964/2125/796 1959/2124/796 1962/2297/796 1969/2223/796
f 1969/2223/797 1962/2297/797 1961/2298/797 1973/2224/797
f 1973/2224/798 1961/2298/798 1958/2130/798 1965/2129/798
f 1922/2072/799 1951/2095/799 1953/2294/799 1924/2277/799
f 1924/2277/800 1953/2294/800 1952/2293/800 1925/2278/800
f 1925/2278/801 1952/2293/801 1950/2121/801 1923/2091/801
f 1963/2092/802 1955/2120/802 1957/2295/802 1966/2218/802
f 1966/2218/803 1957/2295/803 1956/2296/803 1970/2221/803
f 1970/2221/804 1956/2296/804 1954/2123/804 1964/2125/804
f 1980/2102/805 1919/2022/805 1921/2279/805 1985/2232/805
f 1985/2232/806 1921/2279/806 1920/2280/806 1989/2233/806
f 1989/2233/807 1920/2280/807 1918/2132/807 1981/2093/807
f 1975/2103/808 1980/2102/808 1986/2230/808 1977/2299/808
f 1977/2299/809 1986/2230/809 1982/2227/809 1978/2300/809
f 1978/2300/810 1982/2227/810 1979/2128/810 1976/2131/810
f 1727/1975/2 1703/1974/2 1846/2268/2 1849/2174/2
f 2099/2301/811 1995/2302/811 2029/2303/811 2036/2304/811
f 1992/2305/6 2228/2306/6 2230/2307/6 2229/2308/6 2227/2309/6 1993/2310/6 2017/2311/6 2018/2312/6
f 1993/2310/6 2248/2313/6 2250/2314/6 2249/2315/6 2247/2316/6 2244/2317/6 2246/2318/6 2245/2319/6 2243/2320/6 2016/2321/6 2017/2311/6
f 2029/2322/6 1995/2323/6 1996/2324/6 1994/2325/6 2032/2326/6
f 1995/2323/6 1997/2327/6 1998/2328/6 1996/2324/6
f 2038/2329/1 2021/2330/1 2085/2331/1 2095/2332/1 2037/2333/1 2045/2334/1 2049/2335/1
f 2069/2336/2 2228/2337/2 1992/2338/2 2025/2339/2
f 2022/2340/812 1991/2341/812 2231/2342/812 2084/2343/812
f 2080/2344/1 2053/2345/1 2205/2346/1 2216/2347/1
f 2107/2348/813 1997/2349/813 1995/2302/813 2099/2301/813
f 2115/2350/814 1999/2351/814 1997/2349/814 2107/2348/814
f 2123/2352/815 2001/2353/815 1999/2351/815 2115/2350/815
f 2131/2354/816 2003/2355/816 2001/2353/816 2123/2352/816
f 2139/2356/817 2005/2357/817 2003/2355/817 2131/2354/817
f 2147/2358/818 2007/2359/818 2005/2357/818 2139/2356/818
f 2155/2360/819 2009/2361/819 2007/2359/819 2147/2358/819
f 2163/2362/820 2011/2363/820 2009/2361/820 2155/2360/820
f 2171/2364/821 2013/2365/821 2011/2363/821 2163/2362/821
f 2181/2366/822 2236/2367/822 2013/2365/822 2171/2364/822
f 2079/2368/3 1993/2369/3 2227/2370/3 2067/2371/3
f 1997/2327/6 1999/2372/6 2000/2373/6 1998/2328/6
f 1999/2372/6 2001/2374/6 2002/2375/6 2000/2373/6
f 2001/2374/6 2003/2376/6 2004/2377/6 2002/2375/6
f 2003/2376/6 2005/2378/6 2006/2379/6 2004/2377/6
f 2005/2378/6 2007/2380/6 2008/2381/6 2006/2379/6
f 2007/2380/6 2009/2382/6 2010/2383/6 2008/2381/6
f 2009/2382/6 2011/2384/6 2012/2385/6 2010/2383/6
f 2011/2384/6 2013/2386/6 2014/2387/6 2012/2385/6
f 2054/2388/4 2016/2389/4 2243/2390/4 2204/2391/4
f 2112/2392/823 1998/2393/823 2000/2394/823 2120/2395/823
f 2083/2396/824 2232/2397/824 1994/2398/824 2096/2399/824
f 2156/2400/1 2159/2401/1 2167/2402/1 2164/2403/1
f 2032/2326/825 1994/2325/825 2232/2404/825 2234/2405/825 2233/2406/825 2231/2407/825 1991/2408/825 2031/2409/825
f 2152/2410/826 2008/2411/826 2010/2412/826 2160/2413/826
f 2124/2414/1 2127/2415/1 2135/2416/1 2132/2417/1
f 2096/2399/827 1994/2398/827 1996/2418/827 2104/2419/827
f 2052/2420/1 2026/2421/1 2021/2330/1 2038/2329/1
f 2120/2395/828 2000/2394/828 2002/2422/828 2128/2423/828
f 2026/2421/1 2052/2420/1 2058/2424/1 2062/2425/1 2053/2345/1 2080/2344/1 2068/2426/1
f 2164/2403/1 2167/2402/1 2175/2427/1 2172/2428/1
f 2160/2413/829 2010/2412/829 2012/2429/829 2168/2430/829
f 2132/2417/1 2135/2416/1 2143/2431/1 2140/2432/1
f 2128/2423/830 2002/2422/830 2004/2433/830 2136/2434/830
f 2100/2435/1 2103/2436/1 2111/2437/1 2108/2438/1
f 2172/2428/1 2175/2427/1 2193/2439/1 2180/2440/1
f 2037/2333/1 2095/2332/1 2103/2436/1 2100/2435/1
f 2168/2430/831 2012/2429/831 2014/2441/831 2176/2442/831
f 2140/2432/1 2143/2431/1 2151/2443/1 2148/2444/1
f 2203/2445/5 2244/2446/5 2247/2447/5 2215/2448/5
f 2015/2449/6 2030/2450/6 2031/2409/6 1991/2408/6 1992/2305/6 2018/2312/6
f 2136/2434/832 2004/2433/832 2006/2451/832 2144/2452/832
f 2108/2438/1 2111/2437/1 2119/2453/1 2116/2454/1
f 2191/2455/833 2240/2456/833 2235/2457/833 2179/2458/833
f 2104/2419/834 1996/2418/834 1998/2393/834 2112/2392/834
f 2176/2442/835 2014/2441/835 2239/2459/835 2192/2460/835
f 2148/2444/1 2151/2443/1 2159/2401/1 2156/2400/1
f 2013/2386/6 2236/2461/6 2238/2462/6 2237/2463/6 2235/2464/6 2240/2465/6 2242/2466/6 2241/2467/6 2239/2468/6 2014/2387/6
f 2144/2452/836 2006/2451/836 2008/2411/836 2152/2410/836
f 2116/2454/1 2119/2453/1 2127/2415/1 2124/2414/1
f 2025/2339/837 1992/2338/837 1991/2341/837 2022/2340/837
f 2217/2469/3 2248/2470/3 1993/2369/3 2079/2368/3
f 2015/2449/6 2018/2312/6 2017/2311/6 2016/2321/6 2020/2471/6 2019/2472/6
f 2029/2322/6 2032/2326/6 2031/2409/6 2030/2450/6 2034/2473/6 2033/2474/6
f 2035/2475/838 2040/2476/838 2041/2477/838 2039/2478/838
f 2039/2478/839 2041/2477/839 2044/2479/839 2043/2480/839
f 2036/2304/840 2043/2480/840 2044/2479/840 2042/2481/840
f 2042/2481/841 2044/2479/841 2047/2482/841 2046/2483/841
f 2037/2333/842 2046/2483/842 2047/2482/842 2045/2334/842
f 2045/2334/843 2047/2482/843 2050/2484/843 2049/2335/843
f 2038/2329/844 2049/2335/844 2050/2484/844 2048/2485/844
f 2048/2485/845 2050/2484/845 2041/2477/845 2040/2476/845
f 2041/2477/846 2050/2484/846 2047/2482/846 2044/2479/846
f 2051/2486/847 2056/2487/847 2057/2488/847 2055/2489/847
f 2055/2489/848 2057/2488/848 2060/2490/848 2059/2491/848
f 2052/2420/849 2059/2491/849 2060/2490/849 2058/2424/849
f 2058/2424/850 2060/2490/850 2063/2492/850 2062/2425/850
f 2053/2345/851 2062/2425/851 2063/2492/851 2061/2493/851
f 2061/2493/852 2063/2492/852 2066/2494/852 2065/2495/852
f 2054/2388/853 2065/2495/853 2066/2494/853 2064/2496/853
f 2064/2496/854 2066/2494/854 2057/2488/854 2056/2487/854
f 2057/2488/855 2066/2494/855 2063/2492/855 2060/2490/855
f 2067/2371/856 2071/2497/856 2072/2498/856 2070/2499/856
f 2070/2499/857 2072/2498/857 2075/2500/857 2074/2501/857
f 2068/2426/858 2074/2501/858 2075/2500/858 2073/2502/858
f 2073/2502/859 2075/2500/859 2078/2503/859 2077/2504/859
f 2069/2336/860 2077/2504/860 2078/2503/860 2076/2505/860
f 2076/2505/861 2078/2503/861 2072/2498/861 2071/2497/861
f 2072/2498/862 2078/2503/862 2075/2500/862
f 2083/2396/863 2087/2506/863 2088/2507/863 2086/2508/863
f 2086/2508/864 2088/2507/864 2091/2509/864 2090/2510/864
f 2084/2343/865 2090/2510/865 2091/2509/865 2089/2511/865
f 2089/2511/866 2091/2509/866 2094/2512/866 2093/2513/866
f 2085/2331/867 2093/2513/867 2094/2512/867 2092/2514/867
f 2092/2514/868 2094/2512/868 2088/2507/868 2087/2506/868
f 2088/2507/869 2094/2512/869 2091/2509/869
f 2179/2458/870 2183/2515/870 2184/2516/870 2182/2517/870
f 2182/2517/871 2184/2516/871 2187/2518/871 2186/2519/871
f 2180/2440/872 2186/2519/872 2187/2518/872 2185/2520/872
f 2185/2520/873 2187/2518/873 2190/2521/873 2189/2522/873
f 2181/2366/874 2189/2522/874 2190/2521/874 2188/2523/874
f 2188/2523/875 2190/2521/875 2184/2516/875 2183/2515/875
f 2184/2516/876 2190/2521/876 2187/2518/876
f 2191/2455/877 2195/2524/877 2196/2525/877 2194/2526/877
f 2194/2526/878 2196/2525/878 2199/2527/878 2198/2528/878
f 2192/2460/879 2198/2528/879 2199/2527/879 2197/2529/879
f 2197/2529/880 2199/2527/880 2202/2530/880 2201/2531/880
f 2193/2439/881 2201/2531/881 2202/2530/881 2200/2532/881
f 2200/2532/882 2202/2530/882 2196/2525/882 2195/2524/882
f 2196/2525/883 2202/2530/883 2199/2527/883
f 2203/2445/884 2207/2533/884 2208/2534/884 2206/2535/884
f 2206/2535/885 2208/2534/885 2211/2536/885 2210/2537/885
f 2204/2391/886 2210/2537/886 2211/2536/886 2209/2538/886
f 2209/2538/887 2211/2536/887 2214/2539/887 2213/2540/887
f 2205/2346/888 2213/2540/888 2214/2539/888 2212/2541/888
f 2212/2541/889 2214/2539/889 2208/2534/889 2207/2533/889
f 2208/2534/890 2214/2539/890 2211/2536/890
f 2215/2448/891 2219/2542/891 2220/2543/891 2218/2544/891
f 2218/2544/892 2220/2543/892 2223/2545/892 2222/2546/892
f 2216/2347/893 2222/2546/893 2223/2545/893 2221/2547/893
f 2221/2547/894 2223/2545/894 2226/2548/894 2225/2549/894
f 2217/2469/895 2225/2549/895 2226/2548/895 2224/2550/895
f 2224/2550/896 2226/2548/896 2220/2543/896 2219/2542/896
f 2220/2543/897 2226/2548/897 2223/2545/897
f 2022/2340/898 2024/2551/898 2027/2552/898 2025/2339/898
f 2024/2551/899 2023/2553/899 2028/2554/899 2027/2552/899
f 2023/2553/900 2021/2330/900 2026/2421/900 2028/2554/900
f 2051/2486/901 2055/2489/901 2040/2476/901 2035/2475/901
f 2055/2489/902 2059/2491/902 2048/2485/902 2040/2476/902
f 2059/2491/903 2052/2420/903 2038/2329/903 2048/2485/903
f 2067/2371/904 2070/2499/904 2081/2555/904 2079/2368/904
f 2070/2499/905 2074/2501/905 2082/2556/905 2081/2555/905
f 2074/2501/906 2068/2426/906 2080/2344/906 2082/2556/906
f 2068/2426/907 2073/2502/907 2028/2554/907 2026/2421/907
f 2073/2502/908 2077/2504/908 2027/2552/908 2028/2554/908
f 2077/2504/909 2069/2336/909 2025/2339/909 2027/2552/909
f 2096/2399/910 2098/2557/910 2087/2506/910 2083/2396/910
f 2098/2557/911 2097/2558/911 2092/2514/911 2087/2506/911
f 2097/2558/912 2095/2332/912 2085/2331/912 2092/2514/912
f 2021/2330/913 2023/2553/913 2093/2513/913 2085/2331/913
f 2023/2553/914 2024/2551/914 2089/2511/914 2093/2513/914
f 2024/2551/915 2022/2340/915 2084/2343/915 2089/2511/915
f 2095/2332/916 2097/2558/916 2105/2559/916 2103/2436/916
f 2097/2558/917 2098/2557/917 2106/2560/917 2105/2559/917
f 2098/2557/918 2096/2399/918 2104/2419/918 2106/2560/918
f 2100/2435/919 2102/2561/919 2046/2483/919 2037/2333/919
f 2102/2561/920 2101/2562/920 2042/2481/920 2046/2483/920
f 2101/2562/921 2099/2301/921 2036/2304/921 2042/2481/921
f 2103/2436/922 2105/2559/922 2113/2563/922 2111/2437/922
f 2105/2559/923 2106/2560/923 2114/2564/923 2113/2563/923
f 2106/2560/924 2104/2419/924 2112/2392/924 2114/2564/924
f 2108/2438/925 2110/2565/925 2102/2561/925 2100/2435/925
f 2110/2565/926 2109/2566/926 2101/2562/926 2102/2561/926
f 2109/2566/927 2107/2348/927 2099/2301/927 2101/2562/927
f 2111/2437/928 2113/2563/928 2121/2567/928 2119/2453/928
f 2113/2563/929 2114/2564/929 2122/2568/929 2121/2567/929
f 2114/2564/930 2112/2392/930 2120/2395/930 2122/2568/930
f 2116/2454/931 2118/2569/931 2110/2565/931 2108/2438/931
f 2118/2569/932 2117/2570/932 2109/2566/932 2110/2565/932
f 2117/2570/933 2115/2350/933 2107/2348/933 2109/2566/933
f 2119/2453/934 2121/2567/934 2129/2571/934 2127/2415/934
f 2121/2567/935 2122/2568/935 2130/2572/935 2129/2571/935
f 2122/2568/936 2120/2395/936 2128/2423/936 2130/2572/936
f 2124/2414/937 2126/2573/937 2118/2569/937 2116/2454/937
f 2126/2573/938 2125/2574/938 2117/2570/938 2118/2569/938
f 2125/2574/939 2123/2352/939 2115/2350/939 2117/2570/939
f 2127/2415/940 2129/2571/940 2137/2575/940 2135/2416/940
f 2129/2571/941 2130/2572/941 2138/2576/941 2137/2575/941
f 2130/2572/942 2128/2423/942 2136/2434/942 2138/2576/942
f 2132/2417/943 2134/2577/943 2126/2573/943 2124/2414/943
f 2134/2577/944 2133/2578/944 2125/2574/944 2126/2573/944
f 2133/2578/945 2131/2354/945 2123/2352/945 2125/2574/945
f 2135/2416/946 2137/2575/946 2145/2579/946 2143/2431/946
f 2137/2575/947 2138/2576/947 2146/2580/947 2145/2579/947
f 2138/2576/948 2136/2434/948 2144/2452/948 2146/2580/948
f 2140/2432/949 2142/2581/949 2134/2577/949 2132/2417/949
f 2142/2581/950 2141/2582/950 2133/2578/950 2134/2577/950
f 2141/2582/951 2139/2356/951 2131/2354/951 2133/2578/951
f 2143/2431/952 2145/2579/952 2153/2583/952 2151/2443/952
f 2145/2579/953 2146/2580/953 2154/2584/953 2153/2583/953
f 2146/2580/954 2144/2452/954 2152/2410/954 2154/2584/954
f 2148/2444/955 2150/2585/955 2142/2581/955 2140/2432/955
f 2150/2585/956 2149/2586/956 2141/2582/956 2142/2581/956
f 2149/2586/957 2147/2358/957 2139/2356/957 2141/2582/957
f 2151/2443/958 2153/2583/958 2161/2587/958 2159/2401/958
f 2153/2583/959 2154/2584/959 2162/2588/959 2161/2587/959
f 2154/2584/960 2152/2410/960 2160/2413/960 2162/2588/960
f 2156/2400/961 2158/2589/961 2150/2585/961 2148/2444/961
f 2158/2589/962 2157/2590/962 2149/2586/962 2150/2585/962
f 2157/2590/963 2155/2360/963 2147/2358/963 2149/2586/963
f 2159/2401/964 2161/2587/964 2169/2591/964 2167/2402/964
f 2161/2587/965 2162/2588/965 2170/2592/965 2169/2591/965
f 2162/2588/966 2160/2413/966 2168/2430/966 2170/2592/966
f 2164/2403/967 2166/2593/967 2158/2589/967 2156/2400/967
f 2166/2593/968 2165/2594/968 2157/2590/968 2158/2589/968
f 2165/2594/969 2163/2362/969 2155/2360/969 2157/2590/969
f 2167/2402/970 2169/2591/970 2177/2595/970 2175/2427/970
f 2169/2591/971 2170/2592/971 2178/2596/971 2177/2595/971
f 2170/2592/972 2168/2430/972 2176/2442/972 2178/2596/972
f 2172/2428/973 2174/2597/973 2166/2593/973 2164/2403/973
f 2174/2597/974 2173/2598/974 2165/2594/974 2166/2593/974
f 2173/2598/975 2171/2364/975 2163/2362/975 2165/2594/975
f 2193/2439/976 2200/2532/976 2186/2519/976 2180/2440/976
f 2200/2532/977 2195/2524/977 2182/2517/977 2186/2519/977
f 2195/2524/978 2191/2455/978 2179/2458/978 2182/2517/978
f 2175/2427/979 2177/2595/979 2201/2531/979 2193/2439/979
f 2177/2595/980 2178/2596/980 2197/2529/980 2201/2531/980
f 2178/2596/981 2176/2442/981 2192/2460/981 2197/2529/981
f 2180/2440/982 2185/2520/982 2174/2597/982 2172/2428/982
f 2185/2520/983 2189/2522/983 2173/2598/983 2174/2597/983
f 2189/2522/984 2181/2366/984 2171/2364/984 2173/2598/984
f 2205/2346/985 2212/2541/985 2222/2546/985 2216/2347/985
f 2212/2541/986 2207/2533/986 2218/2544/986 2222/2546/986
f 2207/2533/987 2203/2445/987 2215/2448/987 2218/2544/987
f 2053/2345/988 2061/2493/988 2213/2540/988 2205/2346/988
f 2061/2493/989 2065/2495/989 2209/2538/989 2213/2540/989
f 2065/2495/990 2054/2388/990 2204/2391/990 2209/2538/990
f 2216/2347/991 2221/2547/991 2082/2556/991 2080/2344/991
f 2221/2547/992 2225/2549/992 2081/2555/992 2082/2556/992
f 2225/2549/993 2217/2469/993 2079/2368/993 2081/2555/993
f 2247/2447/728 2249/2599/728 2219/2542/728 2215/2448/728
f 2249/2599/729 2250/2600/729 2224/2550/729 2219/2542/729
f 2250/2600/730 2248/2470/730 2217/2469/730 2224/2550/730
f 2227/2370/994 2229/2601/994 2071/2497/994 2067/2371/994
f 2229/2601/498 2230/2602/498 2076/2505/498 2071/2497/498
f 2230/2602/499 2228/2337/499 2069/2336/499 2076/2505/499
f 2231/2342/995 2233/2603/995 2090/2510/995 2084/2343/995
f 2233/2603/996 2234/2604/996 2086/2508/996 2090/2510/996
f 2234/2604/997 2232/2397/997 2083/2396/997 2086/2508/997
f 2035/2475/998 2039/2478/998 2034/2605/998 2030/2606/998
f 2039/2478/999 2043/2480/999 2033/2607/999 2034/2605/999
f 2043/2480/1000 2036/2304/1000 2029/2303/1000 2033/2607/1000
f 2181/2366/1001 2188/2523/1001 2238/2608/1001 2236/2367/1001
f 2188/2523/1002 2183/2515/1002 2237/2609/1002 2238/2608/1002
f 2183/2515/1003 2179/2458/1003 2235/2457/1003 2237/2609/1003
f 2239/2459/1004 2241/2610/1004 2198/2528/1004 2192/2460/1004
f 2241/2610/1005 2242/2611/1005 2194/2526/1005 2198/2528/1005
f 2242/2611/1006 2240/2456/1006 2191/2455/1006 2194/2526/1006
f 2054/2388/1007 2064/2496/1007 2020/2612/1007 2016/2389/1007
f 2064/2496/1008 2056/2487/1008 2019/2613/1008 2020/2612/1008
f 2056/2487/1009 2051/2486/1009 2015/2614/1009 2019/2613/1009
f 2243/2390/733 2245/2615/733 2210/2537/733 2204/2391/733
f 2245/2615/734 2246/2616/734 2206/2535/734 2210/2537/734
f 2246/2616/735 2244/2446/735 2203/2445/735 2206/2535/735
f 2035/2475/1010 2030/2606/1010 2015/2614/1010 2051/2486/1010
f 2302/2617/1 2293/2618/1 2290/2619/1 2297/2620/1
f 2254/2621/1011 2301/2622/1011 2298/2623/1011 2253/2624/1011
f 2253/2624/5 2298/2623/5 2380/2625/5 2373/2626/5
f 2252/2627/1012 2294/2628/1012 2306/2629/1012 2255/2630/1012
f 2252/2631/6 2254/2632/6 2253/2633/6 2251/2634/6
f 2297/2620/1 2290/2619/1 2370/2635/1 2381/2636/1
f 2256/2637/6 2255/2638/6 2257/2639/6 2258/2640/6
f 2293/2618/1 2302/2617/1 2310/2641/1 2305/2642/1
f 2255/2630/1013 2306/2629/1013 2314/2643/1013 2257/2644/1013
f 2254/2632/6 2252/2631/6 2255/2638/6 2256/2637/6
f 2317/2645/1014 2258/2646/1014 2260/2647/1014 2325/2648/1014
f 2309/2649/1015 2256/2650/1015 2258/2646/1015 2317/2645/1015
f 2305/2642/1 2310/2641/1 2318/2651/1 2313/2652/1
f 2257/2644/1016 2314/2643/1016 2322/2653/1016 2259/2654/1016
f 2261/2655/1017 2330/2656/1017 2341/2657/1017 2337/2658/1017
f 2313/2652/1 2318/2651/1 2326/2659/1 2321/2660/1
f 2259/2654/1018 2322/2653/1018 2330/2656/1018 2261/2655/1018
f 2258/2640/6 2257/2639/6 2259/2661/6 2260/2662/6
f 2333/2663/1019 2262/2664/1019 2354/2665/1019 2358/2666/1019
f 2260/2662/6 2259/2661/6 2261/2667/6 2262/2668/6
f 2325/2648/1020 2260/2647/1020 2262/2664/1020 2333/2663/1020
f 2321/2660/1 2326/2659/1 2334/2669/1 2329/2670/1
f 2262/2668/6 2261/2667/6 2337/2671/6 2339/2672/6 2340/2673/6 2338/2674/6 2353/2675/6 2355/2676/6 2356/2677/6 2354/2678/6
f 2329/2670/1 2334/2669/1 2357/2679/1 2342/2680/1
f 2338/2681/1021 2343/2682/1021 2359/2683/1021 2353/2684/1021
f 2369/2685/2 2263/2686/2 2264/2687/2 2391/2688/2
f 2379/2689/826 2501/2690/826 2287/2691/826 2374/2692/826
f 2301/2622/1022 2254/2621/1022 2256/2650/1022 2309/2649/1022
f 2251/2693/1023 2289/2694/1023 2294/2628/1023 2252/2627/1023
f 2263/2695/6 2376/2696/6 2375/2697/6 2398/2698/6 2397/2699/6 2264/2700/6
f 2413/2701/1024 2265/2702/1024 2267/2703/1024 2421/2704/1024
f 2381/2705/1 2402/2706/1 2505/2707/1 2502/2708/1
f 2395/2709/6 2398/2698/6 2375/2697/6 2374/2710/6 2287/2711/6 2288/2712/6
f 2381/2636/1 2370/2635/1 2392/2713/1 2402/2714/1
f 2417/2715/1 2414/2716/1 2422/2717/1 2425/2718/1
f 2402/2714/1 2392/2713/1 2414/2716/1 2417/2715/1
f 2395/2719/1025 2288/2720/1025 2506/2721/1025 2401/2722/1025
f 2264/2700/6 2397/2699/6 2396/2723/6 2266/2724/6 2265/2725/6
f 2268/2726/1026 2426/2727/1026 2434/2728/1026 2270/2729/1026
f 2266/2730/1027 2418/2731/1027 2426/2727/1027 2268/2726/1027
f 2421/2704/1028 2267/2703/1028 2269/2732/1028 2429/2733/1028
f 2265/2725/6 2266/2724/6 2268/2734/6 2267/2735/6
f 2269/2736/6 2270/2737/6 2272/2738/6 2271/2739/6
f 2429/2733/1029 2269/2732/1029 2271/2740/1029 2437/2741/1029
f 2267/2735/6 2268/2734/6 2270/2737/6 2269/2736/6
f 2425/2718/1 2422/2717/1 2430/2742/1 2433/2743/1
f 2272/2744/1030 2442/2745/1030 2450/2746/1030 2274/2747/1030
f 2433/2743/1 2430/2742/1 2438/2748/1 2441/2749/1
f 2270/2729/1031 2434/2728/1031 2442/2745/1031 2272/2744/1031
f 2437/2741/1032 2271/2740/1032 2273/2750/1032 2445/2751/1032
f 2453/2752/1033 2275/2753/1033 2277/2754/1033 2461/2755/1033
f 2445/2751/1034 2273/2750/1034 2275/2753/1034 2453/2752/1034
f 2271/2739/6 2272/2738/6 2274/2756/6 2273/2757/6
f 2441/2749/1 2438/2748/1 2446/2758/1 2449/2759/1
f 2275/2760/6 2276/2761/6 2278/2762/6 2277/2763/6
f 2273/2757/6 2274/2756/6 2276/2761/6 2275/2760/6
f 2449/2759/1 2446/2758/1 2454/2764/1 2457/2765/1
f 2274/2747/1035 2450/2746/1035 2458/2766/1035 2276/2767/1035
f 2278/2768/1036 2466/2769/1036 2474/2770/1036 2280/2771/1036
f 2457/2765/1 2454/2764/1 2462/2772/1 2465/2773/1
f 2276/2767/1037 2458/2766/1037 2466/2769/1037 2278/2768/1037
f 2461/2755/1038 2277/2754/1038 2279/2774/1038 2469/2775/1038
f 2279/2776/6 2280/2777/6 2282/2778/6 2281/2779/6
f 2469/2775/1039 2279/2774/1039 2281/2780/1039 2477/2781/1039
f 2277/2763/6 2278/2762/6 2280/2777/6 2279/2776/6
f 2465/2773/1 2462/2772/1 2470/2782/1 2473/2783/1
f 2281/2779/6 2282/2778/6 2284/2784/6 2283/2785/6
f 2473/2783/1 2470/2782/1 2478/2786/1 2481/2787/1
f 2280/2771/1040 2474/2770/1040 2482/2788/1040 2282/2789/1040
f 2477/2781/1041 2281/2780/1041 2283/2790/1041 2485/2791/1041
f 2284/2792/1042 2490/2793/1042 2498/2794/1042 2286/2795/1042
f 2481/2787/1 2478/2786/1 2486/2796/1 2489/2797/1
f 2282/2789/1043 2482/2788/1043 2490/2793/1043 2284/2792/1043
f 2485/2791/1044 2283/2790/1044 2285/2798/1044 2493/2799/1044
f 2285/2800/6 2286/2801/6 2288/2712/6 2287/2711/6
f 2493/2799/1045 2285/2798/1045 2287/2691/1045 2501/2690/1045
f 2283/2785/6 2284/2784/6 2286/2801/6 2285/2800/6
f 2489/2797/1 2486/2796/1 2494/2802/1 2497/2803/1
f 2251/2634/6 2253/2633/6 2373/2804/6 2376/2696/6 2263/2695/6
f 2497/2803/1 2494/2802/1 2502/2708/1 2505/2707/1
f 2286/2795/1046 2498/2794/1046 2506/2721/1046 2288/2720/1046
f 2396/2805/5 2403/2806/5 2418/2731/5 2266/2730/5
f 2391/2688/2 2264/2687/2 2265/2702/2 2413/2701/2
f 2341/2657/1047 2344/2807/1047 2346/2808/1047 2345/2809/1047
f 2344/2807/1048 2348/2810/1048 2349/2811/1048 2346/2808/1048
f 2342/2680/1049 2347/2812/1049 2349/2811/1049 2348/2810/1049
f 2347/2812/1050 2351/2813/1050 2352/2814/1050 2349/2811/1050
f 2343/2682/1051 2350/2815/1051 2352/2814/1051 2351/2813/1051
f 2350/2815/1052 2345/2809/1052 2346/2808/1052 2352/2814/1052
f 2346/2808/1053 2349/2811/1053 2352/2814/1053
f 2357/2679/1054 2360/2816/1054 2362/2817/1054 2361/2818/1054
f 2360/2816/1055 2364/2819/1055 2365/2820/1055 2362/2817/1055
f 2358/2666/1056 2363/2821/1056 2365/2820/1056 2364/2819/1056
f 2363/2821/1057 2367/2822/1057 2368/2823/1057 2365/2820/1057
f 2359/2683/1058 2366/2824/1058 2368/2823/1058 2367/2822/1058
f 2366/2824/1059 2361/2818/1059 2362/2817/1059 2368/2823/1059
f 2362/2817/1060 2365/2820/1060 2368/2823/1060
f 2373/2804/6 2377/2825/6 2378/2826/6 2374/2710/6 2375/2697/6 2376/2696/6
f 2379/2689/1061 2382/2827/1061 2384/2828/1061 2383/2829/1061
f 2382/2830/1062 2386/2831/1062 2387/2832/1062 2384/2833/1062
f 2380/2625/1063 2385/2834/1063 2387/2832/1063 2386/2831/1063
f 2385/2834/1064 2389/2835/1064 2390/2836/1064 2387/2832/1064
f 2381/2636/1065 2388/2837/1065 2390/2836/1065 2389/2835/1065
f 2388/2838/1066 2383/2829/1066 2384/2828/1066 2390/2839/1066
f 2384/2833/1067 2387/2832/1067 2390/2836/1067
f 2395/2840/6 2399/2841/6 2400/2842/6 2396/2723/6 2397/2699/6 2398/2698/6
f 2401/2722/1068 2404/2843/1068 2406/2844/1068 2405/2845/1068
f 2404/2843/1069 2408/2846/1069 2409/2847/1069 2406/2844/1069
f 2402/2706/1070 2407/2848/1070 2409/2847/1070 2408/2846/1070
f 2407/2848/1071 2411/2849/1071 2412/2850/1071 2409/2847/1071
f 2403/2851/1072 2410/2852/1072 2412/2850/1072 2411/2849/1072
f 2410/2852/1073 2405/2845/1073 2406/2844/1073 2412/2850/1073
f 2406/2844/1074 2409/2847/1074 2412/2850/1074
f 2290/2619/1075 2293/2618/1075 2295/2853/1075 2292/2854/1075
f 2292/2854/1076 2295/2853/1076 2296/2855/1076 2291/2856/1076
f 2291/2856/1077 2296/2855/1077 2294/2628/1077 2289/2694/1077
f 2302/2617/1078 2297/2620/1078 2299/2857/1078 2304/2858/1078
f 2304/2858/1079 2299/2857/1079 2300/2859/1079 2303/2860/1079
f 2303/2860/1080 2300/2859/1080 2298/2623/1080 2301/2622/1080
f 2301/2622/1081 2309/2649/1081 2311/2861/1081 2303/2860/1081
f 2303/2860/1082 2311/2861/1082 2312/2862/1082 2304/2858/1082
f 2304/2858/1083 2312/2862/1083 2310/2641/1083 2302/2617/1083
f 2306/2629/1084 2294/2628/1084 2296/2855/1084 2308/2863/1084
f 2308/2863/1085 2296/2855/1085 2295/2853/1085 2307/2864/1085
f 2307/2864/1086 2295/2853/1086 2293/2618/1086 2305/2642/1086
f 2309/2649/1087 2317/2645/1087 2319/2865/1087 2311/2861/1087
f 2311/2861/1088 2319/2865/1088 2320/2866/1088 2312/2862/1088
f 2312/2862/1089 2320/2866/1089 2318/2651/1089 2310/2641/1089
f 2314/2643/1090 2306/2629/1090 2308/2863/1090 2316/2867/1090
f 2316/2867/1091 2308/2863/1091 2307/2864/1091 2315/2868/1091
f 2315/2868/1092 2307/2864/1092 2305/2642/1092 2313/2652/1092
f 2317/2645/1093 2325/2648/1093 2327/2869/1093 2319/2865/1093
f 2319/2865/1094 2327/2869/1094 2328/2870/1094 2320/2866/1094
f 2320/2866/1095 2328/2870/1095 2326/2659/1095 2318/2651/1095
f 2322/2653/1096 2314/2643/1096 2316/2867/1096 2324/2871/1096
f 2324/2871/1097 2316/2867/1097 2315/2868/1097 2323/2872/1097
f 2323/2872/1098 2315/2868/1098 2313/2652/1098 2321/2660/1098
f 2334/2669/1099 2326/2659/1099 2328/2870/1099 2336/2873/1099
f 2336/2873/1100 2328/2870/1100 2327/2869/1100 2335/2874/1100
f 2335/2874/1101 2327/2869/1101 2325/2648/1101 2333/2663/1101
f 2330/2656/1102 2322/2653/1102 2324/2871/1102 2332/2875/1102
f 2332/2875/1103 2324/2871/1103 2323/2872/1103 2331/2876/1103
f 2331/2876/1104 2323/2872/1104 2321/2660/1104 2329/2670/1104
f 2343/2682/1105 2338/2681/1105 2340/2877/1105 2350/2815/1105
f 2350/2815/1106 2340/2877/1106 2339/2878/1106 2345/2809/1106
f 2345/2809/1107 2339/2878/1107 2337/2658/1107 2341/2657/1107
f 2342/2680/1108 2357/2679/1108 2361/2818/1108 2347/2812/1108
f 2347/2812/1109 2361/2818/1109 2366/2824/1109 2351/2813/1109
f 2351/2813/1110 2366/2824/1110 2359/2683/1110 2343/2682/1110
f 2358/2666/1111 2354/2665/1111 2356/2879/1111 2363/2821/1111
f 2363/2821/1112 2356/2879/1112 2355/2880/1112 2367/2822/1112
f 2367/2822/1113 2355/2880/1113 2353/2684/1113 2359/2683/1113
f 2333/2663/1114 2358/2666/1114 2364/2819/1114 2335/2874/1114
f 2335/2874/1115 2364/2819/1115 2360/2816/1115 2336/2873/1115
f 2336/2873/1116 2360/2816/1116 2357/2679/1116 2334/2669/1116
f 2341/2657/1117 2330/2656/1117 2332/2875/1117 2344/2807/1117
f 2344/2807/1118 2332/2875/1118 2331/2876/1118 2348/2810/1118
f 2348/2810/1119 2331/2876/1119 2329/2670/1119 2342/2680/1119
f 2379/2689/1120 2374/2692/1120 2378/2881/1120 2382/2827/1120
f 2382/2830/1121 2378/2882/1121 2377/2883/1121 2386/2831/1121
f 2386/2831/1122 2377/2883/1122 2373/2626/1122 2380/2625/1122
f 2289/2694/1123 2369/2685/1123 2371/2884/1123 2291/2856/1123
f 2291/2856/1124 2371/2884/1124 2372/2885/1124 2292/2854/1124
f 2292/2854/1125 2372/2885/1125 2370/2635/1125 2290/2619/1125
f 2380/2625/1126 2298/2623/1126 2300/2859/1126 2385/2834/1126
f 2385/2834/1127 2300/2859/1127 2299/2857/1127 2389/2835/1127
f 2389/2835/1128 2299/2857/1128 2297/2620/1128 2381/2636/1128
f 2403/2851/1129 2396/2886/1129 2400/2887/1129 2410/2852/1129
f 2410/2852/1130 2400/2887/1130 2399/2888/1130 2405/2845/1130
f 2405/2845/1131 2399/2888/1131 2395/2719/1131 2401/2722/1131
f 2369/2685/1132 2391/2688/1132 2393/2889/1132 2371/2884/1132
f 2371/2884/1133 2393/2889/1133 2394/2890/1133 2372/2885/1133
f 2372/2885/1134 2394/2890/1134 2392/2713/1134 2370/2635/1134
f 2414/2716/1135 2392/2713/1135 2394/2890/1135 2416/2891/1135
f 2416/2891/1136 2394/2890/1136 2393/2889/1136 2415/2892/1136
f 2415/2892/1137 2393/2889/1137 2391/2688/1137 2413/2701/1137
f 2418/2731/1138 2403/2806/1138 2411/2893/1138 2420/2894/1138
f 2420/2894/1139 2411/2893/1139 2407/2895/1139 2419/2896/1139
f 2419/2896/1140 2407/2895/1140 2402/2714/1140 2417/2715/1140
f 2422/2717/1141 2414/2716/1141 2416/2891/1141 2424/2897/1141
f 2424/2897/1142 2416/2891/1142 2415/2892/1142 2423/2898/1142
f 2423/2898/1143 2415/2892/1143 2413/2701/1143 2421/2704/1143
f 2426/2727/1144 2418/2731/1144 2420/2894/1144 2428/2899/1144
f 2428/2899/1145 2420/2894/1145 2419/2896/1145 2427/2900/1145
f 2427/2900/1146 2419/2896/1146 2417/2715/1146 2425/2718/1146
f 2421/2704/1147 2429/2733/1147 2431/2901/1147 2423/2898/1147
f 2423/2898/1148 2431/2901/1148 2432/2902/1148 2424/2897/1148
f 2424/2897/1149 2432/2902/1149 2430/2742/1149 2422/2717/1149
f 2434/2728/1150 2426/2727/1150 2428/2899/1150 2436/2903/1150
f 2436/2903/1151 2428/2899/1151 2427/2900/1151 2435/2904/1151
f 2435/2904/1152 2427/2900/1152 2425/2718/1152 2433/2743/1152
f 2438/2748/1153 2430/2742/1153 2432/2902/1153 2440/2905/1153
f 2440/2905/1154 2432/2902/1154 2431/2901/1154 2439/2906/1154
f 2439/2906/1155 2431/2901/1155 2429/2733/1155 2437/2741/1155
f 2442/2745/1156 2434/2728/1156 2436/2903/1156 2444/2907/1156
f 2444/2907/1157 2436/2903/1157 2435/2904/1157 2443/2908/1157
f 2443/2908/1158 2435/2904/1158 2433/2743/1158 2441/2749/1158
f 2437/2741/1159 2445/2751/1159 2447/2909/1159 2439/2906/1159
f 2439/2906/1160 2447/2909/1160 2448/2910/1160 2440/2905/1160
f 2440/2905/1161 2448/2910/1161 2446/2758/1161 2438/2748/1161
f 2450/2746/1162 2442/2745/1162 2444/2907/1162 2452/2911/1162
f 2452/2911/1163 2444/2907/1163 2443/2908/1163 2451/2912/1163
f 2451/2912/1164 2443/2908/1164 2441/2749/1164 2449/2759/1164
f 2449/2759/1165 2457/2765/1165 2459/2913/1165 2451/2912/1165
f 2451/2912/1166 2459/2913/1166 2460/2914/1166 2452/2911/1166
f 2452/2911/1167 2460/2914/1167 2458/2766/1167 2450/2746/1167
f 2454/2764/1168 2446/2758/1168 2448/2910/1168 2456/2915/1168
f 2456/2915/1169 2448/2910/1169 2447/2909/1169 2455/2916/1169
f 2455/2916/1170 2447/2909/1170 2445/2751/1170 2453/2752/1170
f 2462/2772/1171 2454/2764/1171 2456/2915/1171 2464/2917/1171
f 2464/2917/1172 2456/2915/1172 2455/2916/1172 2463/2918/1172
f 2463/2918/1173 2455/2916/1173 2453/2752/1173 2461/2755/1173
f 2466/2769/1174 2458/2766/1174 2460/2914/1174 2468/2919/1174
f 2468/2919/1175 2460/2914/1175 2459/2913/1175 2467/2920/1175
f 2467/2920/1176 2459/2913/1176 2457/2765/1176 2465/2773/1176
f 2461/2755/1177 2469/2775/1177 2471/2921/1177 2463/2918/1177
f 2463/2918/1178 2471/2921/1178 2472/2922/1178 2464/2917/1178
f 2464/2917/1179 2472/2922/1179 2470/2782/1179 2462/2772/1179
f 2474/2770/1180 2466/2769/1180 2468/2919/1180 2476/2923/1180
f 2476/2923/1181 2468/2919/1181 2467/2920/1181 2475/2924/1181
f 2475/2924/1182 2467/2920/1182 2465/2773/1182 2473/2783/1182
f 2478/2786/1183 2470/2782/1183 2472/2922/1183 2480/2925/1183
f 2480/2925/1184 2472/2922/1184 2471/2921/1184 2479/2926/1184
f 2479/2926/1185 2471/2921/1185 2469/2775/1185 2477/2781/1185
f 2482/2788/1186 2474/2770/1186 2476/2923/1186 2484/2927/1186
f 2484/2927/1187 2476/2923/1187 2475/2924/1187 2483/2928/1187
f 2483/2928/1188 2475/2924/1188 2473/2783/1188 2481/2787/1188
f 2486/2796/1189 2478/2786/1189 2480/2925/1189 2488/2929/1189
f 2488/2929/1190 2480/2925/1190 2479/2926/1190 2487/2930/1190
f 2487/2930/1191 2479/2926/1191 2477/2781/1191 2485/2791/1191
f 2490/2793/1192 2482/2788/1192 2484/2927/1192 2492/2931/1192
f 2492/2931/1193 2484/2927/1193 2483/2928/1193 2491/2932/1193
f 2491/2932/1194 2483/2928/1194 2481/2787/1194 2489/2797/1194
f 2485/2791/1195 2493/2799/1195 2495/2933/1195 2487/2930/1195
f 2487/2930/1196 2495/2933/1196 2496/2934/1196 2488/2929/1196
f 2488/2929/1197 2496/2934/1197 2494/2802/1197 2486/2796/1197
f 2498/2794/1198 2490/2793/1198 2492/2931/1198 2500/2935/1198
f 2500/2935/1199 2492/2931/1199 2491/2932/1199 2499/2936/1199
f 2499/2936/1200 2491/2932/1200 2489/2797/1200 2497/2803/1200
f 2502/2708/1201 2494/2802/1201 2496/2934/1201 2504/2937/1201
f 2504/2937/1202 2496/2934/1202 2495/2933/1202 2503/2938/1202
f 2503/2938/1203 2495/2933/1203 2493/2799/1203 2501/2690/1203
f 2506/2721/1204 2498/2794/1204 2500/2935/1204 2508/2939/1204
f 2508/2939/1205 2500/2935/1205 2499/2936/1205 2507/2940/1205
f 2507/2940/1206 2499/2936/1206 2497/2803/1206 2505/2707/1206
f 2381/2705/1207 2502/2708/1207 2504/2937/1207 2388/2838/1207
f 2388/2838/1208 2504/2937/1208 2503/2938/1208 2383/2829/1208
f 2383/2829/1209 2503/2938/1209 2501/2690/1209 2379/2689/1209
f 2401/2722/1210 2506/2721/1210 2508/2939/1210 2404/2843/1210
f 2404/2843/1211 2508/2939/1211 2507/2940/1211 2408/2846/1211
f 2408/2846/1212 2507/2940/1212 2505/2707/1212 2402/2706/1212
f 2289/2694/2 2251/2693/2 2263/2686/2 2369/2685/2
f 2532/2941/4 2536/2942/4 2515/2943/4 2511/2944/4
f 2564/2945/3 2510/2946/3 2601/2947/3 2604/2948/3
f 2547/2949/6 2549/2950/6 2509/2951/6 2510/2952/6 2568/2953/6 2570/2954/6 2571/2955/6 2569/2956/6
f 2553/2957/1 2527/2958/1 2516/2959/1 2535/2960/1
f 2512/2961/1213 2517/2962/1213 2528/2963/1213 2509/2964/1213
f 2509/2965/4 2528/2966/4 2588/2967/4 2584/2968/4
f 2585/2969/2 2590/2970/2 2605/2971/2 2600/2972/2
f 2552/2973/5 2547/2974/5 2569/2975/5 2573/2976/5
f 2527/2958/1 2565/2977/1 2606/2978/1 2589/2979/1
f 2548/2980/1214 2554/2981/1214 2537/2982/1214 2531/2983/1214
f 2510/2952/6 2509/2951/6 2584/2984/6 2586/2985/6 2587/2986/6 2585/2987/6 2600/2988/6 2602/2989/6 2603/2990/6 2601/2991/6
f 2572/2992/1 2565/2977/1 2527/2958/1
f 2527/2958/1 2553/2957/1 2572/2992/1
f 2510/2946/3 2564/2945/3 2574/2993/3 2568/2994/3
f 2515/2943/1215 2518/2995/1215 2520/2996/1215 2519/2997/1215
f 2518/2995/1216 2522/2998/1216 2523/2999/1216 2520/2996/1216
f 2516/2959/1217 2521/3000/1217 2523/2999/1217 2522/2998/1217
f 2521/3000/1218 2525/3001/1218 2526/3002/1218 2523/2999/1218
f 2517/2962/1219 2524/3003/1219 2526/3002/1219 2525/3001/1219
f 2524/3003/1220 2519/2997/1220 2520/2996/1220 2526/3002/1220
f 2520/2996/1221 2523/2999/1221 2526/3002/1221
f 2535/2960/1222 2538/3004/1222 2540/3005/1222 2539/3006/1222
f 2538/3004/1223 2542/3007/1223 2543/3008/1223 2540/3005/1223
f 2536/2942/1224 2541/3009/1224 2543/3008/1224 2542/3007/1224
f 2541/3009/1225 2545/3010/1225 2546/3011/1225 2543/3008/1225
f 2537/2982/1226 2544/3012/1226 2546/3011/1226 2545/3010/1226
f 2544/3012/1227 2539/3006/1227 2540/3005/1227 2546/3011/1227
f 2540/3005/1228 2543/3008/1228 2546/3011/1228
f 2547/2949/6 2550/3013/6 2549/2950/6
f 2550/3013/6 2551/3014/6 2549/2950/6
f 2551/3014/6 2548/3015/6 2549/2950/6
f 2552/2973/1229 2555/3016/1229 2557/3017/1229 2556/3018/1229
f 2555/3016/1230 2559/3019/1230 2560/3020/1230 2557/3017/1230
f 2553/2957/1231 2558/3021/1231 2560/3020/1231 2559/3019/1231
f 2558/3021/1232 2562/3022/1232 2563/3023/1232 2560/3020/1232
f 2554/2981/1233 2561/3024/1233 2563/3023/1233 2562/3022/1233
f 2561/3024/1234 2556/3018/1234 2557/3017/1234 2563/3023/1234
f 2557/3017/1235 2560/3020/1235 2563/3023/1235
f 2572/2992/1236 2575/3025/1236 2577/3026/1236 2576/3027/1236
f 2575/3025/1237 2579/3028/1237 2580/3029/1237 2577/3026/1237
f 2573/2976/1238 2578/3030/1238 2580/3029/1238 2579/3028/1238
f 2578/3030/1239 2582/3031/1239 2583/3032/1239 2580/3029/1239
f 2574/2993/1240 2581/3033/1240 2583/3032/1240 2582/3031/1240
f 2581/3033/1241 2576/3027/1241 2577/3026/1241 2583/3032/1241
f 2577/3026/1242 2580/3029/1242 2583/3032/1242
f 2588/2967/443 2591/3034/443 2593/3035/443 2592/3036/443
f 2591/3034/444 2595/3037/444 2596/3038/444 2593/3035/444
f 2589/2979/445 2594/3039/445 2596/3038/445 2595/3037/445
f 2594/3039/446 2598/3040/446 2599/3041/446 2596/3038/446
f 2590/2970/447 2597/3042/447 2599/3041/447 2598/3040/447
f 2597/3042/698 2592/3036/698 2593/3035/698 2599/3041/698
f 2593/3035/1243 2596/3038/1243 2599/3041/1243
f 2604/2948/452 2607/3043/452 2609/3044/452 2608/3045/452
f 2607/3043/453 2611/3046/453 2612/3047/453 2609/3044/453
f 2605/2971/454 2610/3048/454 2612/3047/454 2611/3046/454
f 2610/3048/455 2614/3049/455 2615/3050/455 2612/3047/455
f 2606/2978/450 2613/3051/450 2615/3050/450 2614/3049/450
f 2613/3051/451 2608/3045/451 2609/3044/451 2615/3050/451
f 2609/3044/1244 2612/3047/1244 2615/3050/1244
f 2511/2944/1245 2515/2943/1245 2519/2997/1245 2513/3052/1245
f 2513/3052/1246 2519/2997/1246 2524/3003/1246 2514/3053/1246
f 2514/3053/1247 2524/3003/1247 2517/2962/1247 2512/2961/1247
f 2516/2959/1248 2527/2958/1248 2529/3054/1248 2521/3000/1248
f 2521/3000/1249 2529/3054/1249 2530/3055/1249 2525/3001/1249
f 2525/3001/1250 2530/3055/1250 2528/2963/1250 2517/2962/1250
f 2554/2981/1251 2548/2980/1251 2551/3056/1251 2561/3024/1251
f 2561/3024/1252 2551/3056/1252 2550/3057/1252 2556/3018/1252
f 2556/3018/1253 2550/3057/1253 2547/2974/1253 2552/2973/1253
f 2553/2957/1254 2535/2960/1254 2539/3006/1254 2558/3021/1254
f 2558/3021/1255 2539/3006/1255 2544/3012/1255 2562/3022/1255
f 2562/3022/1256 2544/3012/1256 2537/2982/1256 2554/2981/1256
f 2536/2942/1257 2532/2941/1257 2534/3058/1257 2541/3009/1257
f 2541/3009/1258 2534/3058/1258 2533/3059/1258 2545/3010/1258
f 2545/3010/1259 2533/3059/1259 2531/2983/1259 2537/2982/1259
f 2535/2960/1260 2516/2959/1260 2522/2998/1260 2538/3004/1260
f 2538/3004/127 2522/2998/127 2518/2995/127 2542/3007/127
f 2542/3007/1261 2518/2995/1261 2515/2943/1261 2536/2942/1261
f 2565/2977/1262 2572/2992/1262 2576/3027/1262 2567/3060/1262
f 2567/3060/1263 2576/3027/1263 2581/3033/1263 2566/3061/1263
f 2566/3061/1264 2581/3033/1264 2574/2993/1264 2564/2945/1264
f 2573/2976/1265 2569/2975/1265 2571/3062/1265 2578/3030/1265
f 2578/3030/1266 2571/3062/1266 2570/3063/1266 2582/3031/1266
f 2582/3031/1267 2570/3063/1267 2568/2994/1267 2574/2993/1267
f 2572/2992/1268 2553/2957/1268 2559/3019/1268 2575/3025/1268
f 2575/3025/1269 2559/3019/1269 2555/3016/1269 2579/3028/1269
f 2579/3028/1270 2555/3016/1270 2552/2973/1270 2573/2976/1270
f 2590/2970/496 2585/2969/496 2587/3064/496 2597/3042/496
f 2597/3042/495 2587/3064/495 2586/3065/495 2592/3036/495
f 2592/3036/745 2586/3065/745 2584/2968/745 2588/2967/745
f 2604/2948/994 2601/2947/994 2603/3066/994 2607/3043/994
f 2607/3043/498 2603/3066/498 2602/3067/498 2611/3046/498
f 2611/3046/499 2602/3067/499 2600/2972/499 2605/2971/499
f 2605/2971/1271 2590/2970/1271 2598/3040/1271 2610/3048/1271
f 2610/3048/103 2598/3040/103 2594/3039/103 2614/3049/103
f 2614/3049/102 2594/3039/102 2589/2979/102 2606/2978/102
f 2564/2945/739 2604/2948/739 2608/3045/739 2566/3061/739
f 2566/3061/507 2608/3045/507 2613/3051/507 2567/3060/507
f 2567/3060/741 2613/3051/741 2606/2978/741 2565/2977/741
f 2588/2967/1272 2528/2966/1272 2530/3068/1272 2591/3034/1272
f 2591/3034/127 2530/3068/127 2529/3069/127 2595/3037/127
f 2595/3037/1273 2529/3069/1273 2527/2958/1273 2589/2979/1273
f 2509/2951/6 2549/2950/6 2548/3015/6 2531/3070/6 2533/3071/6 2534/3072/6 2532/3073/6 2511/3074/6 2513/3075/6 2514/3076/6 2512/3077/6
f 2668/3078/1274 2616/3079/1274 2625/3080/1274 2704/3081/1274
f 2672/3082/1 2669/3083/1 2705/3084/1 2708/3085/1
f 2685/3086/1 2692/3087/1 2697/3088/1 2676/3089/1
f 2689/3090/1 2700/3091/1 2669/3083/1 2672/3082/1
f 2716/3092/1 2713/3093/1 2721/3094/1 2724/3095/1
f 2617/3096/1275 2673/3097/1275 2709/3098/1275 2626/3099/1275
f 2696/3100/1276 2623/3101/1276 2624/3102/1276 2701/3103/1276
f 2681/3104/1 2697/3105/1 2700/3091/1 2689/3090/1
f 2693/3106/1277 2622/3107/1277 2623/3108/1277 2696/3109/1277
f 2708/3085/1 2705/3084/1 2713/3093/1 2716/3092/1
f 2677/3110/1278 2793/3111/1278 2647/3112/1278 2618/3113/1278
f 2804/3114/1 2697/3105/1 2681/3104/1
f 2681/3104/1 2796/3115/1 2809/3116/1 2804/3114/1
f 2618/3117/6 2619/3118/6 2623/3119/6
f 2622/3120/6 2620/3121/6 2618/3113/6 2623/3122/6
f 2621/3123/6 2624/3124/6 2623/3119/6 2619/3118/6
f 2624/3124/6 2621/3123/6 2617/3096/6 2616/3125/6
f 2616/3125/6 2617/3096/6 2626/3099/6 2625/3126/6
f 2697/3088/1 2804/3127/1 2676/3089/1
f 2621/3123/1279 2688/3128/1279 2673/3097/1279 2617/3096/1279
f 2724/3095/1 2721/3094/1 2729/3129/1 2732/3130/1
f 2704/3081/1280 2625/3080/1280 2627/3131/1280 2712/3132/1280
f 2625/3126/6 2626/3099/6 2628/3133/6 2627/3134/6
f 2626/3099/1281 2709/3098/1281 2717/3135/1281 2628/3133/1281
f 2629/3136/6 2630/3137/6 2632/3138/6 2631/3139/6
f 2712/3132/1282 2627/3131/1282 2629/3140/1282 2720/3141/1282
f 2627/3134/6 2628/3133/6 2630/3137/6 2629/3136/6
f 2628/3133/1283 2717/3135/1283 2725/3142/1283 2630/3137/1283
f 2841/3143/1 2740/3144/1 2737/3145/1 2836/3146/1
f 2630/3137/1284 2725/3142/1284 2733/3147/1284 2632/3138/1284
f 2732/3130/1 2729/3129/1 2737/3148/1 2740/3149/1
f 2720/3141/1285 2629/3140/1285 2631/3150/1285 2728/3151/1285
f 2659/3152/1286 2634/3153/1286 2741/3154/1286 2840/3155/1286
f 2728/3151/1287 2631/3150/1287 2633/3156/1287 2736/3157/1287
f 2631/3139/6 2632/3138/6 2634/3158/6 2633/3159/6
f 2632/3138/1288 2733/3147/1288 2741/3160/1288 2634/3158/1288
f 2636/3161/1289 2749/3162/1289 2757/3163/1289 2638/3164/1289
f 2620/3121/6 2622/3120/6 2636/3165/6 2635/3166/6
f 2622/3107/1290 2693/3106/1290 2749/3162/1290 2636/3161/1290
f 2692/3087/1 2685/3086/1 2745/3167/1 2748/3168/1
f 2756/3169/1 2753/3170/1 2761/3171/1 2764/3172/1
f 2752/3173/1291 2637/3174/1291 2639/3175/1291 2760/3176/1291
f 2748/3168/1 2745/3167/1 2753/3170/1 2756/3169/1
f 2635/3166/6 2636/3165/6 2638/3177/6 2637/3174/6
f 2640/3178/1292 2765/3179/1292 2773/3180/1292 2642/3181/1292
f 2637/3174/6 2638/3177/6 2640/3182/6 2639/3175/6
f 2638/3164/1293 2757/3163/1293 2765/3179/1293 2640/3178/1293
f 2760/3176/1294 2639/3175/1294 2641/3183/1294 2768/3184/1294
f 2869/3185/1295 2776/3186/1295 2643/3187/1295 2666/3188/1295
f 2768/3184/1296 2641/3183/1296 2643/3189/1296 2776/3190/1296
f 2764/3172/1 2761/3171/1 2769/3191/1 2772/3192/1
f 2639/3175/6 2640/3182/6 2642/3193/6 2641/3183/6
f 2873/3194/1 2780/3195/1 2777/3196/1 2868/3197/1
f 2772/3192/1 2769/3191/1 2777/3198/1 2780/3199/1
f 2641/3183/6 2642/3193/6 2644/3200/6 2643/3189/6
f 2642/3181/1297 2773/3180/1297 2781/3201/1297 2644/3202/1297
f 2789/3203/1 2817/3204/1 2812/3205/1 2784/3206/1
f 2796/3115/1 2789/3203/1 2784/3206/1 2809/3116/1
f 2792/3207/1 2676/3089/1 2804/3127/1 2801/3208/1
f 2785/3209/1298 2813/3210/1298 2652/3211/1298 2645/3212/1298
f 2825/3213/1 2833/3214/1 2828/3215/1 2820/3216/1
f 2646/3217/1299 2653/3218/1299 2816/3219/1299 2788/3220/1299
f 2805/3221/1300 2808/3222/1300 2651/3223/1300 2650/3224/1300
f 2619/3118/1301 2680/3225/1301 2688/3128/1301 2621/3123/1301
f 2800/3226/1302 2805/3227/1302 2650/3228/1302 2649/3229/1302
f 2817/3204/1 2825/3213/1 2820/3216/1 2812/3205/1
f 2677/3110/1303 2618/3113/1303 2620/3121/1303 2684/3230/1303
f 2619/3118/1304 2648/3231/1304 2797/3232/1304 2680/3225/1304
f 2684/3230/1305 2620/3121/1305 2635/3166/1305 2744/3233/1305
f 2618/3117/6 2650/3234/6 2619/3118/6
f 2649/3235/6 2650/3236/6 2618/3113/6 2647/3112/6
f 2648/3231/6 2619/3118/6 2650/3234/6 2651/3237/6
f 2651/3237/6 2645/3238/6 2646/3217/6 2648/3231/6
f 2645/3238/6 2652/3239/6 2653/3218/6 2646/3217/6
f 2793/3111/1306 2845/3240/1306 2660/3241/1306 2647/3112/1306
f 2648/3231/1307 2646/3217/1307 2788/3220/1307 2797/3232/1307
f 2833/3214/1 2841/3143/1 2836/3146/1 2828/3215/1
f 2813/3210/1308 2821/3242/1308 2654/3243/1308 2652/3211/1308
f 2652/3239/6 2654/3244/6 2655/3245/6 2653/3218/6
f 2653/3218/1309 2655/3245/1309 2824/3246/1309 2816/3219/1309
f 2656/3247/6 2658/3248/6 2659/3152/6 2657/3249/6
f 2821/3242/1310 2829/3250/1310 2656/3251/1310 2654/3243/1310
f 2654/3244/6 2656/3247/6 2657/3249/6 2655/3245/6
f 2655/3245/1311 2657/3249/1311 2832/3252/1311 2824/3246/1311
f 2744/3233/1312 2635/3166/1312 2637/3174/1312 2752/3173/1312
f 2657/3249/1313 2659/3152/1313 2840/3155/1313 2832/3252/1313
f 2845/3240/1314 2853/3253/1314 2662/3254/1314 2660/3241/1314
f 2829/3250/1315 2837/3255/1315 2658/3256/1315 2656/3251/1315
f 2837/3255/1316 2736/3257/1316 2633/3258/1316 2658/3256/1316
f 2658/3248/6 2633/3259/6 2634/3153/6 2659/3152/6
f 2634/3260/2 2741/3261/2 2743/3262/2 2742/3263/2 2740/3264/2 2737/3265/2 2739/3266/2 2738/3267/2 2736/3268/2 2633/3269/2
f 2661/3270/1317 2663/3271/1317 2856/3272/1317 2848/3273/1317
f 2647/3112/6 2660/3241/6 2661/3274/6 2649/3235/6
f 2649/3229/1318 2661/3270/1318 2848/3273/1318 2800/3226/1318
f 2801/3208/1 2849/3275/1 2844/3276/1 2792/3207/1
f 2857/3277/1 2865/3278/1 2860/3279/1 2852/3280/1
f 2853/3253/1319 2861/3281/1319 2664/3282/1319 2662/3254/1319
f 2849/3275/1 2857/3277/1 2852/3280/1 2844/3276/1
f 2660/3241/6 2662/3254/6 2663/3283/6 2661/3274/6
f 2665/3284/1320 2667/3285/1320 2872/3286/1320 2864/3287/1320
f 2662/3254/6 2664/3282/6 2665/3288/6 2663/3283/6
f 2663/3271/1321 2665/3284/1321 2864/3287/1321 2856/3272/1321
f 2861/3281/1322 2869/3185/1322 2666/3188/1322 2664/3282/1322
f 2808/3222/1323 2785/3209/1323 2645/3212/1323 2651/3223/1323
f 2865/3278/1 2873/3194/1 2868/3197/1 2860/3279/1
f 2664/3282/6 2666/3188/6 2667/3289/6 2665/3288/6
f 2777/3290/2 2779/3291/2 2778/3292/2 2776/3293/2 2643/3294/2 2644/3295/2 2781/3296/2 2783/3297/2 2782/3298/2 2780/3299/2
f 2666/3188/6 2643/3187/6 2644/3300/6 2667/3289/6
f 2667/3285/1324 2644/3301/1324 2781/3302/1324 2872/3286/1324
f 2669/3083/1325 2700/3091/1325 2702/3303/1325 2671/3304/1325
f 2671/3304/1326 2702/3303/1326 2703/3305/1326 2670/3306/1326
f 2670/3306/1327 2703/3305/1327 2701/3103/1327 2668/3078/1327
f 2689/3090/1328 2672/3082/1328 2674/3307/1328 2691/3308/1328
f 2691/3308/1329 2674/3307/1329 2675/3309/1329 2690/3310/1329
f 2690/3310/1330 2675/3309/1330 2673/3097/1330 2688/3128/1330
f 2681/3104/1331 2689/3090/1331 2691/3308/1331 2683/3311/1331
f 2683/3311/1332 2691/3308/1332 2690/3310/1332 2682/3312/1332
f 2682/3312/1333 2690/3310/1333 2688/3128/1333 2680/3225/1333
f 2685/3086/1334 2676/3089/1334 2678/3313/1334 2687/3314/1334
f 2687/3314/1335 2678/3313/1335 2679/3315/1335 2686/3316/1335
f 2686/3316/1336 2679/3315/1336 2677/3110/1336 2684/3230/1336
f 2697/3088/1337 2692/3087/1337 2694/3317/1337 2699/3318/1337
f 2699/3318/1338 2694/3317/1338 2695/3319/1338 2698/3320/1338
f 2698/3320/1339 2695/3319/1339 2693/3106/1339 2696/3109/1339
f 2700/3091/1340 2697/3105/1340 2699/3321/1340 2702/3303/1340
f 2702/3303/1341 2699/3321/1341 2698/3322/1341 2703/3305/1341
f 2703/3305/1342 2698/3322/1342 2696/3100/1342 2701/3103/1342
f 2705/3084/1343 2669/3083/1343 2671/3304/1343 2707/3323/1343
f 2707/3323/1344 2671/3304/1344 2670/3306/1344 2706/3324/1344
f 2706/3324/1345 2670/3306/1345 2668/3078/1345 2704/3081/1345
f 2672/3082/1346 2708/3085/1346 2710/3325/1346 2674/3307/1346
f 2674/3307/1347 2710/3325/1347 2711/3326/1347 2675/3309/1347
f 2675/3309/1348 2711/3326/1348 2709/3098/1348 2673/3097/1348
f 2708/3085/1349 2716/3092/1349 2718/3327/1349 2710/3325/1349
f 2710/3325/1350 2718/3327/1350 2719/3328/1350 2711/3326/1350
f 2711/3326/1351 2719/3328/1351 2717/3135/1351 2709/3098/1351
f 2704/3081/1352 2712/3132/1352 2714/3329/1352 2706/3324/1352
f 2706/3324/1353 2714/3329/1353 2715/3330/1353 2707/3323/1353
f 2707/3323/1354 2715/3330/1354 2713/3093/1354 2705/3084/1354
f 2716/3092/1355 2724/3095/1355 2726/3331/1355 2718/3327/1355
f 2718/3327/1356 2726/3331/1356 2727/3332/1356 2719/3328/1356
f 2719/3328/1357 2727/3332/1357 2725/3142/1357 2717/3135/1357
f 2712/3132/1358 2720/3141/1358 2722/3333/1358 2714/3329/1358
f 2714/3329/1359 2722/3333/1359 2723/3334/1359 2715/3330/1359
f 2715/3330/1360 2723/3334/1360 2721/3094/1360 2713/3093/1360
f 2729/3129/1361 2721/3094/1361 2723/3334/1361 2731/3335/1361
f 2731/3335/1362 2723/3334/1362 2722/3333/1362 2730/3336/1362
f 2730/3336/1363 2722/3333/1363 2720/3141/1363 2728/3151/1363
f 2724/3095/1364 2732/3130/1364 2734/3337/1364 2726/3331/1364
f 2726/3331/1365 2734/3337/1365 2735/3338/1365 2727/3332/1365
f 2727/3332/1366 2735/3338/1366 2733/3147/1366 2725/3142/1366
f 2732/3130/1367 2740/3149/1367 2742/3339/1367 2734/3337/1367
f 2734/3337/1368 2742/3339/1368 2743/3340/1368 2735/3338/1368
f 2735/3338/1369 2743/3340/1369 2741/3160/1369 2733/3147/1369
f 2728/3151/1370 2736/3157/1370 2738/3341/1370 2730/3336/1370
f 2730/3336/1371 2738/3341/1371 2739/3342/1371 2731/3335/1371
f 2731/3335/1372 2739/3342/1372 2737/3148/1372 2729/3129/1372
f 2692/3087/1373 2748/3168/1373 2750/3343/1373 2694/3317/1373
f 2694/3317/1374 2750/3343/1374 2751/3344/1374 2695/3319/1374
f 2695/3319/1375 2751/3344/1375 2749/3162/1375 2693/3106/1375
f 2684/3230/1376 2744/3233/1376 2746/3345/1376 2686/3316/1376
f 2686/3316/1377 2746/3345/1377 2747/3346/1377 2687/3314/1377
f 2687/3314/1378 2747/3346/1378 2745/3167/1378 2685/3086/1378
f 2744/3233/1379 2752/3173/1379 2754/3347/1379 2746/3345/1379
f 2746/3345/1380 2754/3347/1380 2755/3348/1380 2747/3346/1380
f 2747/3346/1381 2755/3348/1381 2753/3170/1381 2745/3167/1381
f 2757/3163/1382 2749/3162/1382 2751/3344/1382 2759/3349/1382
f 2759/3349/1383 2751/3344/1383 2750/3343/1383 2758/3350/1383
f 2758/3350/1384 2750/3343/1384 2748/3168/1384 2756/3169/1384
f 2761/3171/1385 2753/3170/1385 2755/3348/1385 2763/3351/1385
f 2763/3351/1386 2755/3348/1386 2754/3347/1386 2762/3352/1386
f 2762/3352/1387 2754/3347/1387 2752/3173/1387 2760/3176/1387
f 2765/3179/1388 2757/3163/1388 2759/3349/1388 2767/3353/1388
f 2767/3353/1389 2759/3349/1389 2758/3350/1389 2766/3354/1389
f 2766/3354/1390 2758/3350/1390 2756/3169/1390 2764/3172/1390
f 2760/3176/1391 2768/3184/1391 2770/3355/1391 2762/3352/1391
f 2762/3352/1392 2770/3355/1392 2771/3356/1392 2763/3351/1392
f 2763/3351/1393 2771/3356/1393 2769/3191/1393 2761/3171/1393
f 2773/3180/1394 2765/3179/1394 2767/3353/1394 2775/3357/1394
f 2775/3357/1395 2767/3353/1395 2766/3354/1395 2774/3358/1395
f 2774/3358/1396 2766/3354/1396 2764/3172/1396 2772/3192/1396
f 2772/3192/1397 2780/3199/1397 2782/3359/1397 2774/3358/1397
f 2774/3358/1398 2782/3359/1398 2783/3360/1398 2775/3357/1398
f 2775/3357/1399 2783/3360/1399 2781/3201/1399 2773/3180/1399
f 2777/3198/1400 2769/3191/1400 2771/3356/1400 2779/3361/1400
f 2779/3361/1401 2771/3356/1401 2770/3355/1401 2778/3362/1401
f 2778/3362/1402 2770/3355/1402 2768/3184/1402 2776/3190/1402
f 2785/3209/1403 2808/3222/1403 2810/3363/1403 2787/3364/1403
f 2787/3364/1404 2810/3363/1404 2811/3365/1404 2786/3366/1404
f 2786/3366/1405 2811/3365/1405 2809/3116/1405 2784/3206/1405
f 2797/3232/1406 2788/3220/1406 2790/3367/1406 2799/3368/1406
f 2799/3368/1407 2790/3367/1407 2791/3369/1407 2798/3370/1407
f 2798/3370/1408 2791/3369/1408 2789/3203/1408 2796/3115/1408
f 2680/3225/1409 2797/3232/1409 2799/3368/1409 2682/3312/1409
f 2682/3312/1410 2799/3368/1410 2798/3370/1410 2683/3311/1410
f 2683/3311/1411 2798/3370/1411 2796/3115/1411 2681/3104/1411
f 2793/3111/1412 2677/3110/1412 2679/3315/1412 2795/3371/1412
f 2795/3371/1413 2679/3315/1413 2678/3313/1413 2794/3372/1413
f 2794/3372/1414 2678/3313/1414 2676/3089/1414 2792/3207/1414
f 2805/3227/1415 2800/3226/1415 2802/3373/1415 2807/3374/1415
f 2807/3374/1416 2802/3373/1416 2803/3375/1416 2806/3376/1416
f 2806/3376/1417 2803/3375/1417 2801/3208/1417 2804/3127/1417
f 2808/3222/1418 2805/3221/1418 2807/3377/1418 2810/3363/1418
f 2810/3363/1419 2807/3377/1419 2806/3378/1419 2811/3365/1419
f 2811/3365/1420 2806/3378/1420 2804/3114/1420 2809/3116/1420
f 2813/3210/1421 2785/3209/1421 2787/3364/1421 2815/3379/1421
f 2815/3379/1422 2787/3364/1422 2786/3366/1422 2814/3380/1422
f 2814/3380/1423 2786/3366/1423 2784/3206/1423 2812/3205/1423
f 2788/3220/1424 2816/3219/1424 2818/3381/1424 2790/3367/1424
f 2790/3367/1425 2818/3381/1425 2819/3382/1425 2791/3369/1425
f 2791/3369/1426 2819/3382/1426 2817/3204/1426 2789/3203/1426
f 2816/3219/1427 2824/3246/1427 2826/3383/1427 2818/3381/1427
f 2818/3381/1428 2826/3383/1428 2827/3384/1428 2819/3382/1428
f 2819/3382/1429 2827/3384/1429 2825/3213/1429 2817/3204/1429
f 2812/3205/1430 2820/3216/1430 2822/3385/1430 2814/3380/1430
f 2814/3380/1431 2822/3385/1431 2823/3386/1431 2815/3379/1431
f 2815/3379/1432 2823/3386/1432 2821/3242/1432 2813/3210/1432
f 2824/3246/1433 2832/3252/1433 2834/3387/1433 2826/3383/1433
f 2826/3383/1434 2834/3387/1434 2835/3388/1434 2827/3384/1434
f 2827/3384/1435 2835/3388/1435 2833/3214/1435 2825/3213/1435
f 2820/3216/1436 2828/3215/1436 2830/3389/1436 2822/3385/1436
f 2822/3385/1437 2830/3389/1437 2831/3390/1437 2823/3386/1437
f 2823/3386/1438 2831/3390/1438 2829/3250/1438 2821/3242/1438
f 2837/3255/1439 2829/3250/1439 2831/3390/1439 2839/3391/1439
f 2839/3391/1440 2831/3390/1440 2830/3389/1440 2838/3392/1440
f 2838/3392/1441 2830/3389/1441 2828/3215/1441 2836/3146/1441
f 2832/3252/1442 2840/3155/1442 2842/3393/1442 2834/3387/1442
f 2834/3387/1443 2842/3393/1443 2843/3394/1443 2835/3388/1443
f 2835/3388/1444 2843/3394/1444 2841/3143/1444 2833/3214/1444
f 2840/3155/1445 2741/3154/1445 2743/3395/1445 2842/3393/1445
f 2842/3393/1446 2743/3395/1446 2742/3396/1446 2843/3394/1446
f 2843/3394/1447 2742/3396/1447 2740/3144/1447 2841/3143/1447
f 2836/3146/1448 2737/3145/1448 2739/3397/1448 2838/3392/1448
f 2838/3392/1449 2739/3397/1449 2738/3398/1449 2839/3391/1449
f 2839/3391/1450 2738/3398/1450 2736/3257/1450 2837/3255/1450
f 2800/3226/1451 2848/3273/1451 2850/3399/1451 2802/3373/1451
f 2802/3373/1452 2850/3399/1452 2851/3400/1452 2803/3375/1452
f 2803/3375/1453 2851/3400/1453 2849/3275/1453 2801/3208/1453
f 2792/3207/1454 2844/3276/1454 2846/3401/1454 2794/3372/1454
f 2794/3372/1455 2846/3401/1455 2847/3402/1455 2795/3371/1455
f 2795/3371/1456 2847/3402/1456 2845/3240/1456 2793/3111/1456
f 2844/3276/1457 2852/3280/1457 2854/3403/1457 2846/3401/1457
f 2846/3401/1458 2854/3403/1458 2855/3404/1458 2847/3402/1458
f 2847/3402/1459 2855/3404/1459 2853/3253/1459 2845/3240/1459
f 2857/3277/1460 2849/3275/1460 2851/3400/1460 2859/3405/1460
f 2859/3405/1461 2851/3400/1461 2850/3399/1461 2858/3406/1461
f 2858/3406/1462 2850/3399/1462 2848/3273/1462 2856/3272/1462
f 2861/3281/1463 2853/3253/1463 2855/3404/1463 2863/3407/1463
f 2863/3407/1464 2855/3404/1464 2854/3403/1464 2862/3408/1464
f 2862/3408/1465 2854/3403/1465 2852/3280/1465 2860/3279/1465
f 2865/3278/1466 2857/3277/1466 2859/3405/1466 2867/3409/1466
f 2867/3409/1467 2859/3405/1467 2858/3406/1467 2866/3410/1467
f 2866/3410/1468 2858/3406/1468 2856/3272/1468 2864/3287/1468
f 2860/3279/1469 2868/3197/1469 2870/3411/1469 2862/3408/1469
f 2862/3408/1470 2870/3411/1470 2871/3412/1470 2863/3407/1470
f 2863/3407/1471 2871/3412/1471 2869/3185/1471 2861/3281/1471
f 2873/3194/1472 2865/3278/1472 2867/3409/1472 2875/3413/1472
f 2875/3413/1473 2867/3409/1473 2866/3410/1473 2874/3414/1473
f 2874/3414/1474 2866/3410/1474 2864/3287/1474 2872/3286/1474
f 2872/3286/1475 2781/3302/1475 2783/3415/1475 2874/3414/1475
f 2874/3414/1476 2783/3415/1476 2782/3416/1476 2875/3413/1476
f 2875/3413/1477 2782/3416/1477 2780/3195/1477 2873/3194/1477
f 2776/3186/1478 2869/3185/1478 2871/3412/1478 2778/3417/1478
f 2778/3417/1479 2871/3412/1479 2870/3411/1479 2779/3418/1479
f 2779/3418/1480 2870/3411/1480 2868/3197/1480 2777/3196/1480
f 2701/3103/1481 2624/3102/1481 2616/3079/1481 2668/3078/1481
f 2880/3419/1482 2919/3420/1482 2885/3421/1482 2876/3422/1482
f 2918/3423/1 2908/3424/1 2889/3425/1 2884/3426/1
f 2906/3427/1483 2901/3428/1483 2877/3429/1483 2888/3430/1483
f 2919/3420/1484 2880/3419/1484 2878/3431/1484 2892/3432/1484
f 2897/3433/1485 2879/3434/1485 2966/3435/1485 2971/3436/1485
f 2902/3437/6 2880/3438/6 2876/3439/6 2877/3440/6 2901/3441/6
f 2920/3442/1486 2927/3443/1486 2918/3423/1486
f 2908/3424/1 2918/3423/1 2927/3443/1 2922/3444/1
f 2881/3445/6 2903/3446/6 2900/3447/6 2931/3448/6 2933/3449/6 2932/3450/6 2930/3451/6 2947/3452/6 2949/3453/6 2948/3454/6 2946/3455/6
f 2923/3456/1487 2881/3457/1487 2946/3458/1487 2950/3459/1487
f 2908/3424/1 2922/3444/1 2951/3460/1 2936/3461/1
f 2900/3462/1488 2907/3463/1488 2934/3464/1488 2931/3465/1488
f 2883/3466/1489 2962/3467/1489 2970/3468/1489 2967/3469/1489
f 2882/3470/1490 2881/3457/1490 2923/3456/1490 2926/3471/1490
f 2882/3470/1491 2926/3471/1491 2962/3467/1491 2883/3466/1491
f 2880/3438/6 2902/3437/6 2903/3446/6 2881/3445/6 2882/3472/6
f 2878/3473/6 2883/3474/6 2967/3475/6 2969/3476/6 2968/3477/6 2966/3478/6 2879/3479/6
f 2930/3480/1492 2935/3481/1492 2952/3482/1492 2947/3483/1492
f 2880/3438/6 2882/3472/6 2883/3474/6 2878/3473/6
f 2900/3447/6 2903/3446/6 2902/3437/6 2901/3441/6 2905/3484/6 2904/3485/6
f 2906/3427/1493 2910/3486/1493 2911/3487/1493 2909/3488/1493
f 2909/3488/1494 2911/3487/1494 2914/3489/1494 2913/3490/1494
f 2907/3463/1495 2913/3490/1495 2914/3489/1495 2912/3491/1495
f 2912/3491/1496 2914/3489/1496 2917/3492/1496 2916/3493/1496
f 2908/3424/1497 2916/3493/1497 2917/3492/1497 2915/3494/1497
f 2915/3494/1498 2917/3492/1498 2911/3487/1498 2910/3486/1498
f 2911/3487/1499 2917/3492/1499 2914/3489/1499
f 2934/3464/1500 2938/3495/1500 2939/3496/1500 2937/3497/1500
f 2937/3497/1501 2939/3496/1501 2942/3498/1501 2941/3499/1501
f 2935/3481/1502 2941/3499/1502 2942/3498/1502 2940/3500/1502
f 2940/3500/1503 2942/3498/1503 2945/3501/1503 2944/3502/1503
f 2936/3461/1504 2944/3502/1504 2945/3501/1504 2943/3503/1504
f 2943/3503/1505 2945/3501/1505 2939/3496/1505 2938/3495/1505
f 2939/3496/1506 2945/3501/1506 2942/3498/1506
f 2950/3459/1507 2954/3504/1507 2955/3505/1507 2953/3506/1507
f 2953/3506/1508 2955/3505/1508 2958/3507/1508 2957/3508/1508
f 2951/3460/1509 2957/3508/1509 2958/3507/1509 2956/3509/1509
f 2956/3509/1510 2958/3507/1510 2961/3510/1510 2960/3511/1510
f 2952/3482/1511 2960/3511/1511 2961/3510/1511 2959/3512/1511
f 2959/3512/1512 2961/3510/1512 2955/3505/1512 2954/3504/1512
f 2955/3505/1513 2961/3510/1513 2958/3507/1513
f 2970/3468/1514 2974/3513/1514 2975/3514/1514 2973/3515/1514
f 2973/3515/1515 2975/3514/1515 2978/3516/1515 2977/3517/1515
f 2971/3436/1516 2977/3517/1516 2978/3516/1516 2976/3518/1516
f 2976/3518/1517 2978/3516/1517 2981/3519/1517 2980/3520/1517
f 2972/3521/1518 2980/3520/1518 2981/3519/1518 2979/3522/1518
f 2979/3522/1519 2981/3519/1519 2975/3514/1519 2974/3513/1519
f 2975/3514/1520 2981/3519/1520 2978/3516/1520
f 2884/3426/1521 2886/3523/1521 2920/3442/1521 2918/3423/1521
f 2886/3523/1522 2887/3524/1522 2921/3525/1522 2920/3442/1522
f 2887/3524/1523 2885/3421/1523 2919/3420/1523 2921/3525/1523
f 2908/3424/1524 2915/3494/1524 2891/3526/1524 2889/3425/1524
f 2915/3494/1525 2910/3486/1525 2890/3527/1525 2891/3526/1525
f 2910/3486/1526 2906/3427/1526 2888/3430/1526 2890/3527/1526
f 2906/3427/1527 2909/3488/1527 2905/3528/1527 2901/3428/1527
f 2909/3488/1528 2913/3490/1528 2904/3529/1528 2905/3528/1528
f 2913/3490/1529 2907/3463/1529 2900/3462/1529 2904/3529/1529
f 2927/3443/1530 2929/3530/1530 2924/3531/1530 2922/3444/1530
f 2929/3530/1531 2928/3532/1531 2925/3533/1531 2924/3531/1531
f 2928/3532/1532 2926/3471/1532 2923/3456/1532 2925/3533/1532
f 2934/3464/1533 2937/3497/1533 2933/3534/1533 2931/3465/1533
f 2937/3497/1534 2941/3499/1534 2932/3535/1534 2933/3534/1534
f 2941/3499/1535 2935/3481/1535 2930/3480/1535 2932/3535/1535
f 2952/3482/1536 2959/3512/1536 2949/3536/1536 2947/3483/1536
f 2959/3512/1537 2954/3504/1537 2948/3537/1537 2949/3536/1537
f 2954/3504/1538 2950/3459/1538 2946/3458/1538 2948/3537/1538
f 2951/3460/1539 2956/3509/1539 2944/3502/1539 2936/3461/1539
f 2956/3509/1540 2960/3511/1540 2940/3500/1540 2944/3502/1540
f 2960/3511/1541 2952/3482/1541 2935/3481/1541 2940/3500/1541
f 2922/3444/1542 2924/3531/1542 2957/3508/1542 2951/3460/1542
f 2924/3531/1543 2925/3533/1543 2953/3506/1543 2957/3508/1543
f 2925/3533/1544 2923/3456/1544 2950/3459/1544 2953/3506/1544
f 2936/3461/1545 2943/3503/1545 2916/3493/1545 2908/3424/1545
f 2943/3503/1546 2938/3495/1546 2912/3491/1546 2916/3493/1546
f 2938/3495/1547 2934/3464/1547 2907/3463/1547 2912/3491/1547
f 2920/3442/1548 2921/3525/1548 2894/3538/1548 2895/3539/1548
f 2921/3525/1549 2919/3420/1549 2892/3432/1549 2894/3538/1549
f 2963/3540/1550 2965/3541/1550 2929/3530/1550 2927/3443/1550
f 2965/3541/1551 2964/3542/1551 2928/3532/1551 2929/3530/1551
f 2964/3542/1552 2962/3467/1552 2926/3471/1552 2928/3532/1552
f 2970/3468/1553 2973/3515/1553 2969/3543/1553 2967/3469/1553
f 2973/3515/1554 2977/3517/1554 2968/3544/1554 2969/3543/1554
f 2977/3517/1555 2971/3436/1555 2966/3435/1555 2968/3544/1555
f 2896/3545/1556 2898/3546/1556 2980/3520/1556 2972/3521/1556
f 2898/3546/1557 2899/3547/1557 2976/3518/1557 2980/3520/1557
f 2899/3547/1558 2897/3433/1558 2971/3436/1558 2976/3518/1558
f 2962/3467/1559 2964/3542/1559 2974/3513/1559 2970/3468/1559
f 2964/3542/1560 2965/3541/1560 2979/3522/1560 2974/3513/1560
f 2965/3541/1561 2963/3540/1561 2972/3521/1561 2979/3522/1561
f 2972/3521/1 2982/3548/1 2893/3549/1 2896/3545/1
f 2895/3539/1562 2893/3549/1562 2982/3548/1562
f 2920/3442/1563 2895/3539/1563 2982/3548/1563 2983/3550/1563 2984/3551/1563
f 2927/3443/1564 2920/3442/1564 2984/3551/1564
f 2927/3443/1 2984/3551/1 2983/3550/1 2963/3540/1
f 2963/3540/1 2983/3550/1 2982/3548/1 2972/3521/1
f 2985/3552/1565 2876/3422/1565 2885/3421/1565 3008/3553/1565
f 3007/3554/1 2884/3426/1 2889/3425/1 2997/3555/1
f 2995/3556/1566 2888/3430/1566 2877/3429/1566 2990/3557/1566
f 3008/3553/1567 2892/3432/1567 2878/3431/1567 2985/3552/1567
f 2897/3433/1568 3060/3558/1568 3055/3559/1568 2879/3434/1568
f 2991/3560/6 2990/3561/6 2877/3440/6 2876/3439/6 2985/3562/6
f 3009/3563/1569 3007/3554/1569 3016/3564/1569
f 2997/3555/1 3011/3565/1 3016/3564/1 3007/3554/1
f 2986/3566/6 3035/3567/6 3037/3568/6 3038/3569/6 3036/3570/6 3019/3571/6 3021/3572/6 3022/3573/6 3020/3574/6 2989/3575/6 2992/3576/6
f 3012/3577/1570 3039/3578/1570 3035/3579/1570 2986/3580/1570
f 2997/3555/1 3025/3581/1 3040/3582/1 3011/3565/1
f 2989/3583/1571 3020/3584/1571 3023/3585/1571 2996/3586/1571
f 2988/3587/1572 3056/3588/1572 3059/3589/1572 3051/3590/1572
f 2987/3591/1573 3015/3592/1573 3012/3577/1573 2986/3580/1573
f 2987/3591/1574 2988/3587/1574 3051/3590/1574 3015/3592/1574
f 2985/3562/6 2987/3593/6 2986/3566/6 2992/3576/6 2991/3560/6
f 2878/3473/6 2879/3479/6 3055/3594/6 3057/3595/6 3058/3596/6 3056/3597/6 2988/3598/6
f 3019/3599/1575 3036/3600/1575 3041/3601/1575 3024/3602/1575
f 2985/3562/6 2878/3473/6 2988/3598/6 2987/3593/6
f 2989/3575/6 2993/3603/6 2994/3604/6 2990/3561/6 2991/3560/6 2992/3576/6
f 2995/3556/1576 2998/3605/1576 3000/3606/1576 2999/3607/1576
f 2998/3605/1577 3002/3608/1577 3003/3609/1577 3000/3606/1577
f 2996/3586/1578 3001/3610/1578 3003/3609/1578 3002/3608/1578
f 3001/3610/1579 3005/3611/1579 3006/3612/1579 3003/3609/1579
f 2997/3555/1580 3004/3613/1580 3006/3612/1580 3005/3611/1580
f 3004/3613/1581 2999/3607/1581 3000/3606/1581 3006/3612/1581
f 3000/3606/1582 3003/3609/1582 3006/3612/1582
f 3023/3585/1583 3026/3614/1583 3028/3615/1583 3027/3616/1583
f 3026/3614/1584 3030/3617/1584 3031/3618/1584 3028/3615/1584
f 3024/3602/1585 3029/3619/1585 3031/3618/1585 3030/3617/1585
f 3029/3619/1586 3033/3620/1586 3034/3621/1586 3031/3618/1586
f 3025/3581/1587 3032/3622/1587 3034/3621/1587 3033/3620/1587
f 3032/3622/1588 3027/3616/1588 3028/3615/1588 3034/3621/1588
f 3028/3615/1589 3031/3618/1589 3034/3621/1589
f 3039/3578/1590 3042/3623/1590 3044/3624/1590 3043/3625/1590
f 3042/3623/1591 3046/3626/1591 3047/3627/1591 3044/3624/1591
f 3040/3582/1592 3045/3628/1592 3047/3627/1592 3046/3626/1592
f 3045/3628/1593 3049/3629/1593 3050/3630/1593 3047/3627/1593
f 3041/3601/1594 3048/3631/1594 3050/3630/1594 3049/3629/1594
f 3048/3631/1595 3043/3625/1595 3044/3624/1595 3050/3630/1595
f 3044/3624/1596 3047/3627/1596 3050/3630/1596
f 3059/3589/1597 3062/3632/1597 3064/3633/1597 3063/3634/1597
f 3062/3632/1598 3066/3635/1598 3067/3636/1598 3064/3633/1598
f 3060/3558/1599 3065/3637/1599 3067/3636/1599 3066/3635/1599
f 3065/3637/1600 3069/3638/1600 3070/3639/1600 3067/3636/1600
f 3061/3640/1601 3068/3641/1601 3070/3639/1601 3069/3638/1601
f 3068/3641/1602 3063/3634/1602 3064/3633/1602 3070/3639/1602
f 3064/3633/1603 3067/3636/1603 3070/3639/1603
f 2884/3426/1604 3007/3554/1604 3009/3563/1604 2886/3523/1604
f 2886/3523/1605 3009/3563/1605 3010/3642/1605 2887/3524/1605
f 2887/3524/1606 3010/3642/1606 3008/3553/1606 2885/3421/1606
f 2997/3555/1607 2889/3425/1607 2891/3526/1607 3004/3613/1607
f 3004/3613/1608 2891/3526/1608 2890/3527/1608 2999/3607/1608
f 2999/3607/1609 2890/3527/1609 2888/3430/1609 2995/3556/1609
f 2995/3556/1610 2990/3557/1610 2994/3643/1610 2998/3605/1610
f 2998/3605/1611 2994/3643/1611 2993/3644/1611 3002/3608/1611
f 3002/3608/1612 2993/3644/1612 2989/3583/1612 2996/3586/1612
f 3016/3564/1613 3011/3565/1613 3013/3645/1613 3018/3646/1613
f 3018/3646/1614 3013/3645/1614 3014/3647/1614 3017/3648/1614
f 3017/3648/1615 3014/3647/1615 3012/3577/1615 3015/3592/1615
f 3023/3585/1616 3020/3584/1616 3022/3649/1616 3026/3614/1616
f 3026/3614/1617 3022/3649/1617 3021/3650/1617 3030/3617/1617
f 3030/3617/1618 3021/3650/1618 3019/3599/1618 3024/3602/1618
f 3041/3601/1619 3036/3600/1619 3038/3651/1619 3048/3631/1619
f 3048/3631/1620 3038/3651/1620 3037/3652/1620 3043/3625/1620
f 3043/3625/1621 3037/3652/1621 3035/3579/1621 3039/3578/1621
f 3040/3582/1622 3025/3581/1622 3033/3620/1622 3045/3628/1622
f 3045/3628/1623 3033/3620/1623 3029/3619/1623 3049/3629/1623
f 3049/3629/1624 3029/3619/1624 3024/3602/1624 3041/3601/1624
f 3011/3565/1625 3040/3582/1625 3046/3626/1625 3013/3645/1625
f 3013/3645/1626 3046/3626/1626 3042/3623/1626 3014/3647/1626
f 3014/3647/1627 3042/3623/1627 3039/3578/1627 3012/3577/1627
f 3025/3581/1628 2997/3555/1628 3005/3611/1628 3032/3622/1628
f 3032/3622/1629 3005/3611/1629 3001/3610/1629 3027/3616/1629
f 3027/3616/1630 3001/3610/1630 2996/3586/1630 3023/3585/1630
f 3009/3563/1631 2895/3539/1631 2894/3538/1631 3010/3642/1631
f 3010/3642/1632 2894/3538/1632 2892/3432/1632 3008/3553/1632
f 3052/3653/1633 3016/3564/1633 3018/3646/1633 3054/3654/1633
f 3054/3654/1634 3018/3646/1634 3017/3648/1634 3053/3655/1634
f 3053/3655/1635 3017/3648/1635 3015/3592/1635 3051/3590/1635
f 3059/3589/1636 3056/3588/1636 3058/3656/1636 3062/3632/1636
f 3062/3632/1637 3058/3656/1637 3057/3657/1637 3066/3635/1637
f 3066/3635/1638 3057/3657/1638 3055/3559/1638 3060/3558/1638
f 2896/3545/1639 3061/3640/1639 3069/3638/1639 2898/3546/1639
f 2898/3546/1640 3069/3638/1640 3065/3637/1640 2899/3547/1640
f 2899/3547/1641 3065/3637/1641 3060/3558/1641 2897/3433/1641
f 3051/3590/1642 3059/3589/1642 3063/3634/1642 3053/3655/1642
f 3053/3655/1643 3063/3634/1643 3068/3641/1643 3054/3654/1643
f 3054/3654/1644 3068/3641/1644 3061/3640/1644 3052/3653/1644
f 3061/3640/1 2896/3545/1 2893/3549/1 3071/3658/1
f 2895/3539/1645 3071/3658/1645 2893/3549/1645
f 3009/3563/1646 3073/3659/1646 3072/3660/1646 3071/3658/1646 2895/3539/1646
f 3016/3564/1647 3073/3659/1647 3009/3563/1647
f 3016/3564/1 3052/3653/1 3072/3660/1 3073/3659/1
f 3052/3653/1 3061/3640/1 3071/3658/1 3072/3660/1
f 3259/3661/1648 3093/3662/1648 3096/3663/1648 3267/3664/1648
f 3215/3665/6 3214/3666/6 3127/3667/6 3130/3668/6 3094/3669/6 3092/3670/6
f 3158/3671/1 3161/3672/1 3166/3673/1 3146/3674/1
f 3117/3675/1 3134/3676/1 3256/3677/1 3350/3678/1
f 3313/3679/4 3307/3680/4 3110/3681/4 3115/3682/4
f 3329/3683/1 3314/3684/1 3117/3675/1 3350/3678/1
f 3149/3685/1 3166/3673/1 3170/3686/1 3153/3687/1
f 3075/3688/1649 3150/3689/1649 3152/3690/1649 3151/3691/1649 3149/3692/1649 3146/3693/1649 3148/3694/1649 3147/3695/1649 3145/3696/1649 3074/3697/1649
f 3077/3698/6 3078/3699/6 3095/3700/6 3093/3701/6
f 3165/3702/1650 3079/3703/1650 3080/3704/1650 3169/3705/1650
f 3169/3705/1651 3080/3704/1651 3082/3706/1651 3177/3707/1651
f 3145/3708/1652 3074/3709/1652 3077/3710/1652 3157/3711/1652
f 3154/3712/1653 3174/3713/1653 3081/3714/1653 3076/3715/1653
f 3150/3716/1654 3154/3712/1654 3076/3715/1654 3075/3717/1654
f 3074/3718/6 3079/3719/6 3078/3699/6 3077/3698/6
f 3074/3718/6 3075/3720/6 3079/3719/6
f 3076/3721/6 3080/3722/6 3079/3719/6 3075/3720/6
f 3157/3711/1655 3077/3710/1655 3093/3662/1655 3259/3661/1655
f 3170/3686/1 3178/3723/1 3173/3724/1 3153/3687/1
f 3076/3721/6 3081/3725/6 3082/3726/6 3080/3722/6
f 3174/3713/1656 3182/3727/1656 3083/3728/1656 3081/3714/1656
f 3178/3723/1 3186/3729/1 3181/3730/1 3173/3724/1
f 3081/3725/6 3083/3731/6 3084/3732/6 3082/3726/6
f 3182/3727/1657 3190/3733/1657 3085/3734/1657 3083/3728/1657
f 3177/3707/1658 3082/3706/1658 3084/3735/1658 3185/3736/1658
f 3083/3731/6 3085/3737/6 3086/3738/6 3084/3732/6
f 3190/3733/1659 3198/3739/1659 3087/3740/1659 3085/3734/1659
f 3185/3736/1660 3084/3735/1660 3086/3741/1660 3193/3742/1660
f 3186/3729/1 3194/3743/1 3189/3744/1 3181/3730/1
f 3193/3742/1661 3086/3741/1661 3088/3745/1661 3201/3746/1661
f 3194/3743/1 3202/3747/1 3197/3748/1 3189/3744/1
f 3085/3737/6 3087/3749/6 3088/3750/6 3086/3738/6
f 3198/3739/1662 3206/3751/1662 3089/3752/1662 3087/3740/1662
f 3087/3749/6 3089/3753/6 3090/3754/6 3088/3750/6
f 3206/3751/1663 3220/3755/1663 3213/3756/1663 3089/3752/1663
f 3201/3746/1664 3088/3745/1664 3090/3757/1664 3209/3758/1664
f 3202/3747/1 3210/3759/1 3205/3760/1 3197/3748/1
f 3216/3761/6 3215/3665/6 3092/3670/6 3239/3762/6 3241/3763/6 3242/3764/6 3240/3765/6 3091/3766/6
f 3209/3758/1665 3090/3757/1665 3091/3767/1665 3231/3768/1665
f 3210/3759/1 3232/3769/1 3221/3770/1 3205/3760/1
f 3232/3769/1 3245/3771/1 3236/3772/1 3221/3770/1
f 3231/3768/5 3091/3767/5 3240/3773/5 3243/3774/5
f 3128/3775/1666 3135/3776/1666 3150/3777/1666 3075/3778/1666
f 3089/3753/6 3213/3779/6 3216/3761/6 3091/3766/6 3090/3754/6
f 3092/3780/1667 3235/3781/1667 3244/3782/1667 3239/3783/1667
f 3149/3784/1 3134/3676/1 3117/3675/1 3146/3785/1
f 3236/3772/1 3256/3677/1 3134/3676/1 3221/3770/1
f 3149/3685/1 3146/3674/1 3166/3673/1
f 3094/3786/3 3108/3787/3 3349/3788/3 3255/3789/3
f 3267/3664/1668 3096/3663/1668 3098/3790/1668 3275/3791/1668
f 3161/3672/1 3158/3671/1 3260/3792/1 3263/3793/1
f 3078/3794/1669 3162/3795/1669 3264/3796/1669 3095/3797/1669
f 3162/3795/1670 3078/3794/1670 3079/3703/1670 3165/3702/1670
f 3097/3798/1671 3272/3799/1671 3280/3800/1671 3099/3801/1671
f 3263/3793/1 3260/3792/1 3268/3802/1 3271/3803/1
f 3093/3701/6 3095/3700/6 3097/3804/6 3096/3805/6
f 3095/3797/1672 3264/3796/1672 3272/3799/1672 3097/3798/1672
f 3283/3806/1673 3100/3807/1673 3102/3808/1673 3291/3809/1673
f 3275/3791/1674 3098/3790/1674 3100/3807/1674 3283/3806/1674
f 3271/3803/1 3268/3802/1 3276/3810/1 3279/3811/1
f 3096/3805/6 3097/3804/6 3099/3812/6 3098/3813/6
f 3287/3814/1 3284/3815/1 3292/3816/1 3295/3817/1
f 3279/3811/1 3276/3810/1 3284/3815/1 3287/3814/1
f 3098/3813/6 3099/3812/6 3101/3818/6 3100/3819/6
f 3099/3801/1675 3280/3800/1675 3288/3820/1675 3101/3821/1675
f 3103/3822/1676 3296/3823/1676 3304/3824/1676 3105/3825/1676
f 3100/3819/6 3101/3818/6 3103/3826/6 3102/3827/6
f 3101/3821/1677 3288/3820/1677 3296/3823/1677 3103/3822/1677
f 3291/3809/1678 3102/3808/1678 3104/3828/1678 3299/3829/1678
f 3303/3830/1 3300/3831/1 3314/3684/1 3325/3832/1
f 3299/3829/5 3104/3828/5 3308/3833/5 3315/3834/5
f 3295/3817/1 3292/3816/1 3300/3831/1 3303/3830/1
f 3102/3827/6 3103/3826/6 3105/3835/6 3104/3836/6
f 3074/3837/2 3145/3838/2 3116/3839/2 3109/3840/2
f 3325/3832/1 3314/3684/1 3329/3683/1 3338/3841/1
f 3105/3825/2 3304/3824/2 3326/3842/2 3106/3843/2
f 3310/3844/6 3309/3845/6 3106/3846/6 3333/3847/6 3335/3848/6 3336/3849/6 3334/3850/6 3107/3851/6
f 3104/3836/6 3105/3835/6 3106/3846/6 3309/3845/6 3308/3852/6
f 3106/3843/1679 3326/3842/1679 3337/3853/1679 3333/3854/1679
f 3107/3855/3 3330/3856/3 3349/3788/3 3108/3787/3
f 3307/3857/6 3310/3844/6 3107/3851/6 3108/3858/6 3111/3859/6 3110/3860/6
f 3219/3861/4 3133/3862/4 3127/3863/4 3214/3864/4
f 3129/3865/6 3128/3866/6 3075/3867/6 3074/3868/6 3109/3869/6 3112/3870/6
f 3330/3856/3 3107/3855/3 3334/3871/3 3339/3872/3
f 3092/3780/3 3094/3786/3 3255/3789/3 3235/3781/3
f 3109/3869/6 3113/3873/6 3114/3874/6 3110/3860/6 3111/3859/6 3112/3870/6
f 3115/3682/1680 3118/3875/1680 3120/3876/1680 3119/3877/1680
f 3118/3875/1681 3122/3878/1681 3123/3879/1681 3120/3876/1681
f 3116/3839/1682 3121/3880/1682 3123/3879/1682 3122/3878/1682
f 3121/3880/1683 3125/3881/1683 3126/3882/1683 3123/3879/1683
f 3117/3675/1684 3124/3883/1684 3126/3882/1684 3125/3881/1684
f 3124/3883/1685 3119/3877/1685 3120/3876/1685 3126/3882/1685
f 3120/3876/1686 3123/3879/1686 3126/3882/1686
f 3127/3667/6 3131/3884/6 3132/3885/6 3128/3866/6 3129/3865/6 3130/3668/6
f 3133/3862/1687 3136/3886/1687 3138/3887/1687 3137/3888/1687
f 3136/3886/1688 3140/3889/1688 3141/3890/1688 3138/3887/1688
f 3134/3676/1689 3139/3891/1689 3141/3890/1689 3140/3889/1689
f 3139/3891/1690 3143/3892/1690 3144/3893/1690 3141/3890/1690
f 3135/3776/1691 3142/3894/1691 3144/3893/1691 3143/3892/1691
f 3142/3894/1692 3137/3888/1692 3138/3887/1692 3144/3893/1692
f 3138/3887/1693 3141/3890/1693 3144/3893/1693
f 3213/3779/6 3217/3895/6 3218/3896/6 3214/3666/6 3215/3665/6 3216/3761/6
f 3219/3861/1694 3222/3897/1694 3224/3898/1694 3223/3899/1694
f 3222/3897/1695 3226/3900/1695 3227/3901/1695 3224/3898/1695
f 3220/3755/1696 3225/3902/1696 3227/3901/1696 3226/3900/1696
f 3225/3902/1697 3229/3903/1697 3230/3904/1697 3227/3901/1697
f 3221/3770/1698 3228/3905/1698 3230/3904/1698 3229/3903/1698
f 3228/3905/1699 3223/3899/1699 3224/3898/1699 3230/3904/1699
f 3224/3898/1700 3227/3901/1700 3230/3904/1700
f 3243/3774/1701 3246/3906/1701 3248/3907/1701 3247/3908/1701
f 3246/3906/1702 3250/3909/1702 3251/3910/1702 3248/3907/1702
f 3244/3782/1703 3249/3911/1703 3251/3910/1703 3250/3909/1703
f 3249/3911/1704 3253/3912/1704 3254/3913/1704 3251/3910/1704
f 3245/3771/1705 3252/3914/1705 3254/3913/1705 3253/3912/1705
f 3252/3914/1706 3247/3908/1706 3248/3907/1706 3254/3913/1706
f 3248/3907/1707 3251/3910/1707 3254/3913/1707
f 3307/3857/6 3311/3915/6 3312/3916/6 3308/3852/6 3309/3845/6 3310/3844/6
f 3313/3679/1708 3316/3917/1708 3318/3918/1708 3317/3919/1708
f 3316/3917/1709 3320/3920/1709 3321/3921/1709 3318/3918/1709
f 3314/3684/1710 3319/3922/1710 3321/3921/1710 3320/3920/1710
f 3319/3922/1711 3323/3923/1711 3324/3924/1711 3321/3921/1711
f 3315/3834/1712 3322/3925/1712 3324/3924/1712 3323/3923/1712
f 3322/3925/1713 3317/3919/1713 3318/3918/1713 3324/3924/1713
f 3318/3918/1714 3321/3921/1714 3324/3924/1714
f 3337/3853/1715 3340/3926/1715 3342/3927/1715 3341/3928/1715
f 3340/3926/1716 3344/3929/1716 3345/3930/1716 3342/3927/1716
f 3338/3841/1717 3343/3931/1717 3345/3930/1717 3344/3929/1717
f 3343/3931/1718 3347/3932/1718 3348/3933/1718 3345/3930/1718
f 3339/3872/1719 3346/3934/1719 3348/3933/1719 3347/3932/1719
f 3346/3934/1720 3341/3928/1720 3342/3927/1720 3348/3933/1720
f 3342/3927/1721 3345/3930/1721 3348/3933/1721
f 3109/3840/1722 3116/3839/1722 3122/3878/1722 3113/3935/1722
f 3113/3935/1723 3122/3878/1723 3118/3875/1723 3114/3936/1723
f 3114/3936/1724 3118/3875/1724 3115/3682/1724 3110/3681/1724
f 3135/3776/1725 3128/3775/1725 3132/3937/1725 3142/3894/1725
f 3142/3894/1726 3132/3937/1726 3131/3938/1726 3137/3888/1726
f 3137/3888/1727 3131/3938/1727 3127/3863/1727 3133/3862/1727
f 3134/3676/1728 3149/3784/1728 3151/3939/1728 3139/3891/1728
f 3139/3891/1729 3151/3939/1729 3152/3940/1729 3143/3892/1729
f 3143/3892/1730 3152/3940/1730 3150/3777/1730 3135/3776/1730
f 3146/3785/1731 3117/3675/1731 3125/3881/1731 3148/3941/1731
f 3148/3941/1732 3125/3881/1732 3121/3880/1732 3147/3942/1732
f 3147/3942/1733 3121/3880/1733 3116/3839/1733 3145/3838/1733
f 3154/3712/1734 3150/3716/1734 3152/3943/1734 3156/3944/1734
f 3156/3944/1735 3152/3943/1735 3151/3945/1735 3155/3946/1735
f 3155/3946/1736 3151/3945/1736 3149/3685/1736 3153/3687/1736
f 3158/3671/1737 3146/3674/1737 3148/3947/1737 3160/3948/1737
f 3160/3948/1738 3148/3947/1738 3147/3949/1738 3159/3950/1738
f 3159/3950/1739 3147/3949/1739 3145/3708/1739 3157/3711/1739
f 3166/3673/1740 3161/3672/1740 3163/3951/1740 3168/3952/1740
f 3168/3952/1741 3163/3951/1741 3164/3953/1741 3167/3954/1741
f 3167/3954/1742 3164/3953/1742 3162/3795/1742 3165/3702/1742
f 3170/3686/1743 3166/3673/1743 3168/3952/1743 3172/3955/1743
f 3172/3955/1744 3168/3952/1744 3167/3954/1744 3171/3956/1744
f 3171/3956/1745 3167/3954/1745 3165/3702/1745 3169/3705/1745
f 3153/3687/1746 3173/3724/1746 3175/3957/1746 3155/3946/1746
f 3155/3946/1747 3175/3957/1747 3176/3958/1747 3156/3944/1747
f 3156/3944/1748 3176/3958/1748 3174/3713/1748 3154/3712/1748
f 3178/3723/1749 3170/3686/1749 3172/3955/1749 3180/3959/1749
f 3180/3959/1750 3172/3955/1750 3171/3956/1750 3179/3960/1750
f 3179/3960/1751 3171/3956/1751 3169/3705/1751 3177/3707/1751
f 3182/3727/1752 3174/3713/1752 3176/3958/1752 3184/3961/1752
f 3184/3961/1753 3176/3958/1753 3175/3957/1753 3183/3962/1753
f 3183/3962/1754 3175/3957/1754 3173/3724/1754 3181/3730/1754
f 3186/3729/1755 3178/3723/1755 3180/3959/1755 3188/3963/1755
f 3188/3963/1756 3180/3959/1756 3179/3960/1756 3187/3964/1756
f 3187/3964/1757 3179/3960/1757 3177/3707/1757 3185/3736/1757
f 3194/3743/1758 3186/3729/1758 3188/3963/1758 3196/3965/1758
f 3196/3965/1759 3188/3963/1759 3187/3964/1759 3195/3966/1759
f 3195/3966/1760 3187/3964/1760 3185/3736/1760 3193/3742/1760
f 3181/3730/1761 3189/3744/1761 3191/3967/1761 3183/3962/1761
f 3183/3962/1762 3191/3967/1762 3192/3968/1762 3184/3961/1762
f 3184/3961/1763 3192/3968/1763 3190/3733/1763 3182/3727/1763
f 3189/3744/1764 3197/3748/1764 3199/3969/1764 3191/3967/1764
f 3191/3967/1765 3199/3969/1765 3200/3970/1765 3192/3968/1765
f 3192/3968/1766 3200/3970/1766 3198/3739/1766 3190/3733/1766
f 3202/3747/1767 3194/3743/1767 3196/3965/1767 3204/3971/1767
f 3204/3971/1768 3196/3965/1768 3195/3966/1768 3203/3972/1768
f 3203/3972/1769 3195/3966/1769 3193/3742/1769 3201/3746/1769
f 3210/3759/1770 3202/3747/1770 3204/3971/1770 3212/3973/1770
f 3212/3973/1771 3204/3971/1771 3203/3972/1771 3211/3974/1771
f 3211/3974/1772 3203/3972/1772 3201/3746/1772 3209/3758/1772
f 3197/3748/1773 3205/3760/1773 3207/3975/1773 3199/3969/1773
f 3199/3969/1774 3207/3975/1774 3208/3976/1774 3200/3970/1774
f 3200/3970/1775 3208/3976/1775 3206/3751/1775 3198/3739/1775
f 3219/3861/1776 3214/3864/1776 3218/3977/1776 3222/3897/1776
f 3222/3897/1777 3218/3977/1777 3217/3978/1777 3226/3900/1777
f 3226/3900/1778 3217/3978/1778 3213/3756/1778 3220/3755/1778
f 3232/3769/1779 3210/3759/1779 3212/3973/1779 3234/3979/1779
f 3234/3979/1780 3212/3973/1780 3211/3974/1780 3233/3980/1780
f 3233/3980/1781 3211/3974/1781 3209/3758/1781 3231/3768/1781
f 3205/3760/1782 3221/3770/1782 3229/3903/1782 3207/3975/1782
f 3207/3975/1783 3229/3903/1783 3225/3902/1783 3208/3976/1783
f 3208/3976/1784 3225/3902/1784 3220/3755/1784 3206/3751/1784
f 3243/3774/1785 3240/3773/1785 3242/3981/1785 3246/3906/1785
f 3246/3906/1786 3242/3981/1786 3241/3982/1786 3250/3909/1786
f 3250/3909/1787 3241/3982/1787 3239/3783/1787 3244/3782/1787
f 3236/3772/1788 3245/3771/1788 3253/3912/1788 3238/3983/1788
f 3238/3983/1789 3253/3912/1789 3249/3911/1789 3237/3984/1789
f 3237/3984/1790 3249/3911/1790 3244/3782/1790 3235/3781/1790
f 3245/3771/1791 3232/3769/1791 3234/3979/1791 3252/3914/1791
f 3252/3914/1792 3234/3979/1792 3233/3980/1792 3247/3908/1792
f 3247/3908/1793 3233/3980/1793 3231/3768/1793 3243/3774/1793
f 3256/3677/508 3236/3772/508 3238/3983/508 3258/3985/508
f 3258/3985/507 3238/3983/507 3237/3984/507 3257/3986/507
f 3257/3986/506 3237/3984/506 3235/3781/506 3255/3789/506
f 3133/3862/1794 3219/3861/1794 3223/3899/1794 3136/3886/1794
f 3136/3886/127 3223/3899/127 3228/3905/127 3140/3889/127
f 3140/3889/1795 3228/3905/1795 3221/3770/1795 3134/3676/1795
f 3260/3792/1796 3158/3671/1796 3160/3948/1796 3262/3987/1796
f 3262/3987/1797 3160/3948/1797 3159/3950/1797 3261/3988/1797
f 3261/3988/1798 3159/3950/1798 3157/3711/1798 3259/3661/1798
f 3264/3796/1799 3162/3795/1799 3164/3953/1799 3266/3989/1799
f 3266/3989/1800 3164/3953/1800 3163/3951/1800 3265/3990/1800
f 3265/3990/1801 3163/3951/1801 3161/3672/1801 3263/3793/1801
f 3263/3793/1802 3271/3803/1802 3273/3991/1802 3265/3990/1802
f 3265/3990/1803 3273/3991/1803 3274/3992/1803 3266/3989/1803
f 3266/3989/1804 3274/3992/1804 3272/3799/1804 3264/3796/1804
f 3268/3802/1805 3260/3792/1805 3262/3987/1805 3270/3993/1805
f 3270/3993/1806 3262/3987/1806 3261/3988/1806 3269/3994/1806
f 3269/3994/1807 3261/3988/1807 3259/3661/1807 3267/3664/1807
f 3267/3664/1808 3275/3791/1808 3277/3995/1808 3269/3994/1808
f 3269/3994/1809 3277/3995/1809 3278/3996/1809 3270/3993/1809
f 3270/3993/1810 3278/3996/1810 3276/3810/1810 3268/3802/1810
f 3280/3800/1811 3272/3799/1811 3274/3992/1811 3282/3997/1811
f 3282/3997/1812 3274/3992/1812 3273/3991/1812 3281/3998/1812
f 3281/3998/1813 3273/3991/1813 3271/3803/1813 3279/3811/1813
f 3279/3811/1814 3287/3814/1814 3289/3999/1814 3281/3998/1814
f 3281/3998/1815 3289/3999/1815 3290/4000/1815 3282/3997/1815
f 3282/3997/1816 3290/4000/1816 3288/3820/1816 3280/3800/1816
f 3284/3815/1817 3276/3810/1817 3278/3996/1817 3286/4001/1817
f 3286/4001/1818 3278/3996/1818 3277/3995/1818 3285/4002/1818
f 3285/4002/1819 3277/3995/1819 3275/3791/1819 3283/3806/1819
f 3292/3816/1820 3284/3815/1820 3286/4001/1820 3294/4003/1820
f 3294/4003/1821 3286/4001/1821 3285/4002/1821 3293/4004/1821
f 3293/4004/1822 3285/4002/1822 3283/3806/1822 3291/3809/1822
f 3296/3823/1823 3288/3820/1823 3290/4000/1823 3298/4005/1823
f 3298/4005/1824 3290/4000/1824 3289/3999/1824 3297/4006/1824
f 3297/4006/1825 3289/3999/1825 3287/3814/1825 3295/3817/1825
f 3291/3809/1826 3299/3829/1826 3301/4007/1826 3293/4004/1826
f 3293/4004/1827 3301/4007/1827 3302/4008/1827 3294/4003/1827
f 3294/4003/1828 3302/4008/1828 3300/3831/1828 3292/3816/1828
f 3304/3824/1829 3296/3823/1829 3298/4005/1829 3306/4009/1829
f 3306/4009/1830 3298/4005/1830 3297/4006/1830 3305/4010/1830
f 3305/4010/1831 3297/4006/1831 3295/3817/1831 3303/3830/1831
f 3315/3834/1832 3308/3833/1832 3312/4011/1832 3322/3925/1832
f 3322/3925/1833 3312/4011/1833 3311/4012/1833 3317/3919/1833
f 3317/3919/1834 3311/4012/1834 3307/3680/1834 3313/3679/1834
f 3314/3684/1835 3300/3831/1835 3302/4008/1835 3319/3922/1835
f 3319/3922/1836 3302/4008/1836 3301/4007/1836 3323/3923/1836
f 3323/3923/1837 3301/4007/1837 3299/3829/1837 3315/3834/1837
f 3326/3842/1838 3304/3824/1838 3306/4009/1838 3328/4013/1838
f 3328/4013/1839 3306/4009/1839 3305/4010/1839 3327/4014/1839
f 3327/4014/1840 3305/4010/1840 3303/3830/1840 3325/3832/1840
f 3339/3872/1841 3334/3871/1841 3336/4015/1841 3346/3934/1841
f 3346/3934/1842 3336/4015/1842 3335/4016/1842 3341/3928/1842
f 3341/3928/1843 3335/4016/1843 3333/3854/1843 3337/3853/1843
f 3338/3841/500 3329/3683/500 3331/4017/500 3343/3931/500
f 3343/3931/501 3331/4017/501 3332/4018/501 3347/3932/501
f 3347/3932/1844 3332/4018/1844 3330/3856/1844 3339/3872/1844
f 3337/3853/1845 3326/3842/1845 3328/4013/1845 3340/3926/1845
f 3340/3926/1846 3328/4013/1846 3327/4014/1846 3344/3929/1846
f 3344/3929/1847 3327/4014/1847 3325/3832/1847 3338/3841/1847
f 3117/3675/1795 3314/3684/1795 3320/3920/1795 3124/3883/1795
f 3124/3883/127 3320/3920/127 3316/3917/127 3119/3877/127
f 3119/3877/1794 3316/3917/1794 3313/3679/1794 3115/3682/1794
f 3255/3789/506 3349/3788/506 3351/4019/506 3257/3986/506
f 3257/3986/507 3351/4019/507 3352/4020/507 3258/3985/507
f 3258/3985/508 3352/4020/508 3350/3678/508 3256/3677/508
f 3349/3788/506 3330/3856/506 3332/4018/506 3351/4019/506
f 3351/4019/507 3332/4018/507 3331/4017/507 3352/4020/507
f 3352/4020/508 3331/4017/508 3329/3683/508 3350/3678/508
f 3112/3870/6 3111/3859/6 3108/3858/6 3094/3669/6 3130/3668/6 3129/3865/6
f 3386/4021/1 3377/4022/1 3374/4023/1 3381/4024/1
f 3356/4025/4 3385/4026/4 3382/4027/4 3355/4028/4
f 3355/4028/1848 3382/4027/1848 3466/4029/1848 3368/4030/1848
f 3354/4031/1849 3378/4032/1849 3390/4033/1849 3357/4034/1849
f 3354/4035/6 3356/4036/6 3355/4037/6 3353/4038/6
f 3381/4024/1 3374/4023/1 3462/4039/1 3465/4040/1
f 3393/4041/1850 3358/4042/1850 3360/4043/1850 3401/4044/1850
f 3377/4022/1 3386/4021/1 3394/4045/1 3389/4046/1
f 3357/4034/1851 3390/4033/1851 3398/4047/1851 3359/4048/1851
f 3356/4036/6 3354/4035/6 3357/4049/6 3358/4050/6
f 3401/4044/1852 3360/4043/1852 3362/4051/1852 3409/4052/1852
f 3389/4046/1 3394/4045/1 3402/4053/1 3397/4054/1
f 3359/4048/1853 3398/4047/1853 3406/4055/1853 3361/4056/1853
f 3358/4050/6 3357/4049/6 3359/4057/6 3360/4058/6
f 3363/4059/1854 3414/4060/1854 3422/4061/1854 3365/4062/1854
f 3397/4054/1 3402/4053/1 3410/4063/1 3405/4064/1
f 3361/4056/1855 3406/4055/1855 3414/4060/1855 3363/4059/1855
f 3360/4058/6 3359/4057/6 3361/4065/6 3362/4066/6
f 3417/4067/1856 3364/4068/1856 3366/4069/1856 3425/4070/1856
f 3362/4066/6 3361/4065/6 3363/4071/6 3364/4072/6
f 3409/4052/1857 3362/4051/1857 3364/4068/1857 3417/4067/1857
f 3405/4064/1 3410/4063/1 3418/4073/1 3413/4074/1
f 3421/4075/1 3426/4076/1 3449/4077/1 3434/4078/1
f 3413/4074/1 3418/4073/1 3426/4076/1 3421/4075/1
f 3365/4062/1858 3422/4061/1858 3433/4079/1858 3429/4080/1858
f 3364/4072/6 3363/4071/6 3365/4081/6 3366/4082/6
f 3366/4082/6 3365/4081/6 3429/4083/6 3431/4084/6 3432/4085/6 3430/4086/6 3445/4087/6 3447/4088/6 3448/4089/6 3446/4090/6
f 3430/4091/1859 3435/4092/1859 3451/4093/1859 3445/4094/1859
f 3461/4095/1860 3367/4096/1860 3369/4097/1860 3469/4098/1860
f 3425/4070/1861 3366/4069/1861 3446/4099/1861 3450/4100/1861
f 3367/4101/6 3368/4102/6 3370/4103/6 3369/4104/6
f 3385/4026/1862 3356/4025/1862 3358/4042/1862 3393/4041/1862
f 3353/4105/3 3373/4106/3 3378/4032/3 3354/4031/3
f 3353/4038/6 3355/4037/6 3368/4102/6 3367/4101/6
f 3370/4107/1863 3474/4108/1863 3482/4109/1863 3372/4110/1863
f 3465/4040/1 3462/4039/1 3470/4111/1 3473/4112/1
f 3368/4030/1864 3466/4029/1864 3474/4108/1864 3370/4107/1864
f 3469/4098/1865 3369/4097/1865 3371/4113/1865 3477/4114/1865
f 3502/4115/1866 3507/4116/1866 3490/4117/1866 3485/4118/1866
f 3477/4114/1867 3371/4113/1867 3486/4119/1867 3489/4120/1867
f 3369/4104/6 3370/4103/6 3372/4121/6 3371/4122/6
f 3473/4112/1 3470/4111/1 3478/4123/1 3481/4124/1
f 3371/4122/6 3372/4121/6 3501/4125/6 3503/4126/6 3504/4127/6 3502/4128/6 3485/4129/6 3487/4130/6 3488/4131/6 3486/4132/6
f 3481/4124/1 3478/4123/1 3491/4133/1 3506/4134/1
f 3372/4110/1868 3482/4109/1868 3505/4135/1868 3501/4136/1868
f 3433/4079/1869 3436/4137/1869 3438/4138/1869 3437/4139/1869
f 3436/4137/1870 3440/4140/1870 3441/4141/1870 3438/4138/1870
f 3434/4078/1871 3439/4142/1871 3441/4141/1871 3440/4140/1871
f 3439/4142/1872 3443/4143/1872 3444/4144/1872 3441/4141/1872
f 3435/4092/1873 3442/4145/1873 3444/4144/1873 3443/4143/1873
f 3442/4145/1874 3437/4139/1874 3438/4138/1874 3444/4144/1874
f 3438/4138/1875 3441/4141/1875 3444/4144/1875
f 3449/4077/1876 3452/4146/1876 3454/4147/1876 3453/4148/1876
f 3452/4146/1877 3456/4149/1877 3457/4150/1877 3454/4147/1877
f 3450/4100/1878 3455/4151/1878 3457/4150/1878 3456/4149/1878
f 3455/4151/1879 3459/4152/1879 3460/4153/1879 3457/4150/1879
f 3451/4093/1880 3458/4154/1880 3460/4153/1880 3459/4152/1880
f 3458/4154/1881 3453/4148/1881 3454/4147/1881 3460/4153/1881
f 3454/4147/1882 3457/4150/1882 3460/4153/1882
f 3489/4120/1883 3492/4155/1883 3494/4156/1883 3493/4157/1883
f 3492/4155/1884 3496/4158/1884 3497/4159/1884 3494/4156/1884
f 3490/4117/1885 3495/4160/1885 3497/4159/1885 3496/4158/1885
f 3495/4160/1886 3499/4161/1886 3500/4162/1886 3497/4159/1886
f 3491/4133/1887 3498/4163/1887 3500/4162/1887 3499/4161/1887
f 3498/4163/1888 3493/4157/1888 3494/4156/1888 3500/4162/1888
f 3494/4156/1889 3497/4159/1889 3500/4162/1889
f 3505/4135/1890 3508/4164/1890 3510/4165/1890 3509/4166/1890
f 3508/4164/1891 3512/4167/1891 3513/4168/1891 3510/4165/1891
f 3506/4134/1892 3511/4169/1892 3513/4168/1892 3512/4167/1892
f 3511/4169/1893 3515/4170/1893 3516/4171/1893 3513/4168/1893
f 3507/4116/1894 3514/4172/1894 3516/4171/1894 3515/4170/1894
f 3514/4172/1895 3509/4166/1895 3510/4165/1895 3516/4171/1895
f 3510/4165/1896 3513/4168/1896 3516/4171/1896
f 3374/4023/1897 3377/4022/1897 3379/4173/1897 3376/4174/1897
f 3376/4174/1898 3379/4173/1898 3380/4175/1898 3375/4176/1898
f 3375/4176/1899 3380/4175/1899 3378/4032/1899 3373/4106/1899
f 3386/4021/1900 3381/4024/1900 3383/4177/1900 3388/4178/1900
f 3388/4178/1901 3383/4177/1901 3384/4179/1901 3387/4180/1901
f 3387/4180/1902 3384/4179/1902 3382/4027/1902 3385/4026/1902
f 3385/4026/1903 3393/4041/1903 3395/4181/1903 3387/4180/1903
f 3387/4180/1904 3395/4181/1904 3396/4182/1904 3388/4178/1904
f 3388/4178/1905 3396/4182/1905 3394/4045/1905 3386/4021/1905
f 3390/4033/1906 3378/4032/1906 3380/4175/1906 3392/4183/1906
f 3392/4183/1907 3380/4175/1907 3379/4173/1907 3391/4184/1907
f 3391/4184/1908 3379/4173/1908 3377/4022/1908 3389/4046/1908
f 3393/4041/1909 3401/4044/1909 3403/4185/1909 3395/4181/1909
f 3395/4181/1910 3403/4185/1910 3404/4186/1910 3396/4182/1910
f 3396/4182/1911 3404/4186/1911 3402/4053/1911 3394/4045/1911
f 3398/4047/1912 3390/4033/1912 3392/4183/1912 3400/4187/1912
f 3400/4187/1913 3392/4183/1913 3391/4184/1913 3399/4188/1913
f 3399/4188/1914 3391/4184/1914 3389/4046/1914 3397/4054/1914
f 3401/4044/1915 3409/4052/1915 3411/4189/1915 3403/4185/1915
f 3403/4185/1916 3411/4189/1916 3412/4190/1916 3404/4186/1916
f 3404/4186/1917 3412/4190/1917 3410/4063/1917 3402/4053/1917
f 3406/4055/1918 3398/4047/1918 3400/4187/1918 3408/4191/1918
f 3408/4191/1919 3400/4187/1919 3399/4188/1919 3407/4192/1919
f 3407/4192/1920 3399/4188/1920 3397/4054/1920 3405/4064/1920
f 3418/4073/1921 3410/4063/1921 3412/4190/1921 3420/4193/1921
f 3420/4193/1922 3412/4190/1922 3411/4189/1922 3419/4194/1922
f 3419/4194/1923 3411/4189/1923 3409/4052/1923 3417/4067/1923
f 3414/4060/1924 3406/4055/1924 3408/4191/1924 3416/4195/1924
f 3416/4195/1925 3408/4191/1925 3407/4192/1925 3415/4196/1925
f 3415/4196/1926 3407/4192/1926 3405/4064/1926 3413/4074/1926
f 3417/4067/1927 3425/4070/1927 3427/4197/1927 3419/4194/1927
f 3419/4194/1928 3427/4197/1928 3428/4198/1928 3420/4193/1928
f 3420/4193/1929 3428/4198/1929 3426/4076/1929 3418/4073/1929
f 3422/4061/1930 3414/4060/1930 3416/4195/1930 3424/4199/1930
f 3424/4199/1931 3416/4195/1931 3415/4196/1931 3423/4200/1931
f 3423/4200/1932 3415/4196/1932 3413/4074/1932 3421/4075/1932
f 3435/4092/1933 3430/4091/1933 3432/4201/1933 3442/4145/1933
f 3442/4145/1934 3432/4201/1934 3431/4202/1934 3437/4139/1934
f 3437/4139/1935 3431/4202/1935 3429/4080/1935 3433/4079/1935
f 3434/4078/1936 3449/4077/1936 3453/4148/1936 3439/4142/1936
f 3439/4142/1937 3453/4148/1937 3458/4154/1937 3443/4143/1937
f 3443/4143/1938 3458/4154/1938 3451/4093/1938 3435/4092/1938
f 3450/4100/1939 3446/4099/1939 3448/4203/1939 3455/4151/1939
f 3455/4151/1940 3448/4203/1940 3447/4204/1940 3459/4152/1940
f 3459/4152/1941 3447/4204/1941 3445/4094/1941 3451/4093/1941
f 3421/4075/1942 3434/4078/1942 3440/4140/1942 3423/4200/1942
f 3423/4200/1943 3440/4140/1943 3436/4137/1943 3424/4199/1943
f 3424/4199/1944 3436/4137/1944 3433/4079/1944 3422/4061/1944
f 3449/4077/1945 3426/4076/1945 3428/4198/1945 3452/4146/1945
f 3452/4146/1946 3428/4198/1946 3427/4197/1946 3456/4149/1946
f 3456/4149/1947 3427/4197/1947 3425/4070/1947 3450/4100/1947
f 3373/4106/1948 3461/4095/1948 3463/4205/1948 3375/4176/1948
f 3375/4176/1949 3463/4205/1949 3464/4206/1949 3376/4174/1949
f 3376/4174/1950 3464/4206/1950 3462/4039/1950 3374/4023/1950
f 3466/4029/1951 3382/4027/1951 3384/4179/1951 3468/4207/1951
f 3468/4207/1952 3384/4179/1952 3383/4177/1952 3467/4208/1952
f 3467/4208/1953 3383/4177/1953 3381/4024/1953 3465/4040/1953
f 3470/4111/1954 3462/4039/1954 3464/4206/1954 3472/4209/1954
f 3472/4209/1955 3464/4206/1955 3463/4205/1955 3471/4210/1955
f 3471/4210/1956 3463/4205/1956 3461/4095/1956 3469/4098/1956
f 3474/4108/1957 3466/4029/1957 3468/4207/1957 3476/4211/1957
f 3476/4211/1958 3468/4207/1958 3467/4208/1958 3475/4212/1958
f 3475/4212/1959 3467/4208/1959 3465/4040/1959 3473/4112/1959
f 3469/4098/1960 3477/4114/1960 3479/4213/1960 3471/4210/1960
f 3471/4210/1961 3479/4213/1961 3480/4214/1961 3472/4209/1961
f 3472/4209/1962 3480/4214/1962 3478/4123/1962 3470/4111/1962
f 3482/4109/1963 3474/4108/1963 3476/4211/1963 3484/4215/1963
f 3484/4215/1964 3476/4211/1964 3475/4212/1964 3483/4216/1964
f 3483/4216/1965 3475/4212/1965 3473/4112/1965 3481/4124/1965
f 3485/4118/1966 3490/4117/1966 3496/4158/1966 3487/4217/1966
f 3487/4217/1967 3496/4158/1967 3492/4155/1967 3488/4218/1967
f 3488/4218/1968 3492/4155/1968 3489/4120/1968 3486/4119/1968
f 3507/4116/1969 3502/4115/1969 3504/4219/1969 3514/4172/1969
f 3514/4172/1970 3504/4219/1970 3503/4220/1970 3509/4166/1970
f 3509/4166/1971 3503/4220/1971 3501/4136/1971 3505/4135/1971
f 3506/4134/1972 3491/4133/1972 3499/4161/1972 3511/4169/1972
f 3511/4169/1973 3499/4161/1973 3495/4160/1973 3515/4170/1973
f 3515/4170/1974 3495/4160/1974 3490/4117/1974 3507/4116/1974
f 3481/4124/1975 3506/4134/1975 3512/4167/1975 3483/4216/1975
f 3483/4216/1976 3512/4167/1976 3508/4164/1976 3484/4215/1976
f 3484/4215/1977 3508/4164/1977 3505/4135/1977 3482/4109/1977
f 3491/4133/1978 3478/4123/1978 3480/4214/1978 3498/4163/1978
f 3498/4163/1979 3480/4214/1979 3479/4213/1979 3493/4157/1979
f 3493/4157/1980 3479/4213/1980 3477/4114/1980 3489/4120/1980
f 3373/4106/1981 3353/4105/1981 3367/4096/1981 3461/4095/1981
f 3572/4221/1 3543/4222/1 3540/4223/1 3553/4224/1
f 3518/4225/6 3567/4226/6 3566/4227/6 3547/4228/6 3550/4229/6 3517/4230/6
f 3548/4231/1982 3554/4232/1982 3672/4233/1982 3533/4234/1982
f 3518/4235/3 3544/4236/3 3607/4237/3 3603/4238/3
f 3517/4230/6 3550/4229/6 3549/4239/6 3519/4240/6 3583/4241/6 3585/4242/6 3586/4243/6 3584/4244/6
f 3572/4221/1 3619/4245/1 3608/4246/1
f 3599/4247/1983 3519/4248/1983 3534/4249/1983 3675/4250/1983
f 3604/4251/5 3609/4252/5 3620/4253/5 3520/4254/5
f 3517/4255/3 3539/4256/3 3544/4236/3 3518/4235/3
f 3519/4240/6 3549/4239/6 3548/4257/6 3533/4258/6 3534/4259/6
f 3520/4254/5 3620/4253/5 3628/4260/5 3522/4261/5
f 3608/4246/1 3543/4222/1 3572/4221/1
f 3519/4248/2 3599/4247/2 3588/4262/2 3583/4263/2
f 3565/4264/6 3568/4265/6 3520/4266/6 3522/4267/6 3521/4268/6
f 3521/4268/6 3522/4267/6 3524/4269/6 3523/4270/6
f 3571/4271/2 3565/4272/2 3521/4273/2 3623/4274/2
f 3623/4274/1984 3521/4273/1984 3523/4275/1984 3631/4276/1984
f 3619/4245/1 3572/4221/1 3624/4277/1 3627/4278/1
f 3524/4279/1985 3636/4280/1985 3644/4281/1985 3526/4282/1985
f 3631/4276/1986 3523/4275/1986 3525/4283/1986 3639/4284/1986
f 3522/4261/1987 3628/4260/1987 3636/4280/1987 3524/4279/1987
f 3627/4278/1 3624/4277/1 3632/4285/1 3635/4286/1
f 3526/4282/1988 3644/4281/1988 3652/4287/1988 3528/4288/1988
f 3635/4286/1 3632/4285/1 3640/4289/1 3643/4290/1
f 3523/4270/6 3524/4269/6 3526/4291/6 3525/4292/6
f 3639/4284/1989 3525/4283/1989 3527/4293/1989 3647/4294/1989
f 3527/4295/6 3528/4296/6 3530/4297/6 3529/4298/6
f 3643/4290/1 3640/4289/1 3648/4299/1 3651/4300/1
f 3525/4292/6 3526/4291/6 3528/4296/6 3527/4295/6
f 3647/4294/1990 3527/4293/1990 3529/4301/1990 3655/4302/1990
f 3530/4303/205 3660/4304/205 3668/4305/205 3532/4306/205
f 3655/4302/1991 3529/4301/1991 3531/4307/1991 3663/4308/1991
f 3528/4288/1992 3652/4287/1992 3660/4304/1992 3530/4303/1992
f 3651/4300/1 3648/4299/1 3656/4309/1 3659/4310/1
f 3533/4234/1993 3672/4233/1993 3680/4311/1993 3535/4312/1993
f 3659/4310/1 3656/4309/1 3664/4313/1 3667/4314/1
f 3529/4298/6 3530/4297/6 3532/4315/6 3531/4316/6
f 3537/4317/1994 3688/4318/1994 3663/4308/1994 3531/4307/1994
f 3534/4259/6 3533/4258/6 3535/4319/6 3536/4320/6
f 3553/4224/1 3600/4321/1 3676/4322/1 3671/4323/1
f 3566/4324/4 3573/4325/4 3555/4326/4 3547/4327/4
f 3568/4265/6 3567/4226/6 3518/4225/6 3603/4328/6 3605/4329/6 3606/4330/6 3604/4331/6 3520/4266/6
f 3683/4332/1995 3536/4333/1995 3538/4334/1995 3691/4335/1995
f 3535/4312/1996 3680/4311/1996 3688/4318/1996 3537/4317/1996
f 3675/4250/1997 3534/4249/1997 3536/4333/1997 3683/4332/1997
f 3671/4323/1 3676/4322/1 3684/4336/1 3679/4337/1
f 3691/4335/1998 3538/4334/1998 3532/4306/1998 3668/4305/1998
f 3679/4337/1 3684/4336/1 3692/4338/1 3687/4339/1
f 3536/4320/6 3535/4319/6 3537/4340/6 3538/4341/6
f 3553/4224/1 3540/4223/1 3589/4342/1
f 3538/4341/6 3537/4340/6 3531/4316/6 3532/4315/6
f 3687/4339/1 3692/4338/1 3667/4314/1 3664/4313/1
f 3547/4228/6 3551/4343/6 3552/4344/6 3548/4257/6 3549/4239/6 3550/4229/6
f 3553/4224/1999 3556/4345/1999 3558/4346/1999 3557/4347/1999
f 3556/4345/2000 3560/4348/2000 3561/4349/2000 3558/4346/2000
f 3554/4232/2001 3559/4350/2001 3561/4349/2001 3560/4348/2001
f 3559/4350/2002 3563/4351/2002 3564/4352/2002 3561/4349/2002
f 3555/4326/2003 3562/4353/2003 3564/4352/2003 3563/4351/2003
f 3562/4353/2004 3557/4347/2004 3558/4346/2004 3564/4352/2004
f 3558/4346/2005 3561/4349/2005 3564/4352/2005
f 3565/4264/6 3569/4354/6 3570/4355/6 3566/4227/6 3567/4226/6 3568/4265/6
f 3571/4271/2006 3574/4356/2006 3576/4357/2006 3575/4358/2006
f 3574/4356/2007 3578/4359/2007 3579/4360/2007 3576/4357/2007
f 3572/4221/2008 3577/4361/2008 3579/4360/2008 3578/4359/2008
f 3577/4361/2009 3581/4362/2009 3582/4363/2009 3579/4360/2009
f 3573/4325/2010 3580/4364/2010 3582/4363/2010 3581/4362/2010
f 3580/4364/2011 3575/4358/2011 3576/4357/2011 3582/4363/2011
f 3576/4357/2012 3579/4360/2012 3582/4363/2012
f 3587/4365/2013 3590/4366/2013 3592/4367/2013 3591/4368/2013
f 3590/4366/2014 3594/4369/2014 3595/4370/2014 3592/4367/2014
f 3588/4262/2015 3593/4371/2015 3595/4370/2015 3594/4369/2015
f 3593/4371/2016 3597/4372/2016 3598/4373/2016 3595/4370/2016
f 3589/4342/2017 3596/4374/2017 3598/4373/2017 3597/4372/2017
f 3596/4374/2018 3591/4368/2018 3592/4367/2018 3598/4373/2018
f 3592/4367/2019 3595/4370/2019 3598/4373/2019
f 3607/4237/2020 3610/4375/2020 3612/4376/2020 3611/4377/2020
f 3610/4375/2021 3614/4378/2021 3615/4379/2021 3612/4376/2021
f 3608/4246/2022 3613/4380/2022 3615/4379/2022 3614/4378/2022
f 3613/4380/2023 3617/4381/2023 3618/4382/2023 3615/4379/2023
f 3609/4252/2024 3616/4383/2024 3618/4382/2024 3617/4381/2024
f 3616/4383/2025 3611/4377/2025 3612/4376/2025 3618/4382/2025
f 3612/4376/2026 3615/4379/2026 3618/4382/2026
f 3540/4223/508 3543/4222/508 3545/4384/508 3542/4385/508
f 3542/4385/507 3545/4384/507 3546/4386/507 3541/4387/507
f 3541/4387/506 3546/4386/506 3544/4236/506 3539/4256/506
f 3573/4325/2027 3566/4324/2027 3570/4388/2027 3580/4364/2027
f 3580/4364/2028 3570/4388/2028 3569/4389/2028 3575/4358/2028
f 3575/4358/2029 3569/4389/2029 3565/4272/2029 3571/4271/2029
f 3572/4221/2030 3553/4224/2030 3557/4347/2030 3577/4361/2030
f 3577/4361/127 3557/4347/127 3562/4353/127 3581/4362/127
f 3581/4362/2031 3562/4353/2031 3555/4326/2031 3573/4325/2031
f 3554/4232/2032 3548/4231/2032 3552/4390/2032 3559/4350/2032
f 3559/4350/2033 3552/4390/2033 3551/4391/2033 3563/4351/2033
f 3563/4351/2034 3551/4391/2034 3547/4327/2034 3555/4326/2034
f 3583/4263/2035 3588/4262/2035 3594/4369/2035 3585/4392/2035
f 3585/4392/2036 3594/4369/2036 3590/4366/2036 3586/4393/2036
f 3586/4393/2037 3590/4366/2037 3587/4365/2037 3584/4394/2037
f 3600/4321/2038 3589/4342/2038 3597/4372/2038 3602/4395/2038
f 3602/4395/2039 3597/4372/2039 3593/4371/2039 3601/4396/2039
f 3601/4396/2040 3593/4371/2040 3588/4262/2040 3599/4247/2040
f 3539/4256/1844 3587/4365/1844 3591/4368/1844 3541/4387/1844
f 3541/4387/501 3591/4368/501 3596/4374/501 3542/4385/501
f 3542/4385/500 3596/4374/500 3589/4342/500 3540/4223/500
f 3609/4252/2041 3604/4251/2041 3606/4397/2041 3616/4383/2041
f 3616/4383/2042 3606/4397/2042 3605/4398/2042 3611/4377/2042
f 3611/4377/2043 3605/4398/2043 3603/4238/2043 3607/4237/2043
f 3608/4246/2044 3619/4245/2044 3621/4399/2044 3613/4380/2044
f 3613/4380/2045 3621/4399/2045 3622/4400/2045 3617/4381/2045
f 3617/4381/2046 3622/4400/2046 3620/4253/2046 3609/4252/2046
f 3607/4237/2047 3544/4236/2047 3546/4386/2047 3610/4375/2047
f 3610/4375/2048 3546/4386/2048 3545/4384/2048 3614/4378/2048
f 3614/4378/2049 3545/4384/2049 3543/4222/2049 3608/4246/2049
f 3571/4271/2050 3623/4274/2050 3625/4401/2050 3574/4356/2050
f 3574/4356/2051 3625/4401/2051 3626/4402/2051 3578/4359/2051
f 3578/4359/2052 3626/4402/2052 3624/4277/2052 3572/4221/2052
f 3628/4260/2053 3620/4253/2053 3622/4400/2053 3630/4403/2053
f 3630/4403/2054 3622/4400/2054 3621/4399/2054 3629/4404/2054
f 3629/4404/2055 3621/4399/2055 3619/4245/2055 3627/4278/2055
f 3627/4278/2056 3635/4286/2056 3637/4405/2056 3629/4404/2056
f 3629/4404/2057 3637/4405/2057 3638/4406/2057 3630/4403/2057
f 3630/4403/2058 3638/4406/2058 3636/4280/2058 3628/4260/2058
f 3623/4274/2059 3631/4276/2059 3633/4407/2059 3625/4401/2059
f 3625/4401/2060 3633/4407/2060 3634/4408/2060 3626/4402/2060
f 3626/4402/2061 3634/4408/2061 3632/4285/2061 3624/4277/2061
f 3631/4276/2062 3639/4284/2062 3641/4409/2062 3633/4407/2062
f 3633/4407/2063 3641/4409/2063 3642/4410/2063 3634/4408/2063
f 3634/4408/2064 3642/4410/2064 3640/4289/2064 3632/4285/2064
f 3644/4281/2065 3636/4280/2065 3638/4406/2065 3646/4411/2065
f 3646/4411/2066 3638/4406/2066 3637/4405/2066 3645/4412/2066
f 3645/4412/2067 3637/4405/2067 3635/4286/2067 3643/4290/2067
f 3639/4284/2068 3647/4294/2068 3649/4413/2068 3641/4409/2068
f 3641/4409/2069 3649/4413/2069 3650/4414/2069 3642/4410/2069
f 3642/4410/2070 3650/4414/2070 3648/4299/2070 3640/4289/2070
f 3652/4287/2071 3644/4281/2071 3646/4411/2071 3654/4415/2071
f 3654/4415/2072 3646/4411/2072 3645/4412/2072 3653/4416/2072
f 3653/4416/2073 3645/4412/2073 3643/4290/2073 3651/4300/2073
f 3651/4300/2074 3659/4310/2074 3661/4417/2074 3653/4416/2074
f 3653/4416/2075 3661/4417/2075 3662/4418/2075 3654/4415/2075
f 3654/4415/2076 3662/4418/2076 3660/4304/2076 3652/4287/2076
f 3647/4294/2077 3655/4302/2077 3657/4419/2077 3649/4413/2077
f 3649/4413/2078 3657/4419/2078 3658/4420/2078 3650/4414/2078
f 3650/4414/2079 3658/4420/2079 3656/4309/2079 3648/4299/2079
f 3655/4302/2080 3663/4308/2080 3665/4421/2080 3657/4419/2080
f 3657/4419/2081 3665/4421/2081 3666/4422/2081 3658/4420/2081
f 3658/4420/2082 3666/4422/2082 3664/4313/2082 3656/4309/2082
f 3668/4305/2083 3660/4304/2083 3662/4418/2083 3670/4423/2083
f 3670/4423/2084 3662/4418/2084 3661/4417/2084 3669/4424/2084
f 3669/4424/2085 3661/4417/2085 3659/4310/2085 3667/4314/2085
f 3676/4322/2086 3600/4321/2086 3602/4395/2086 3678/4425/2086
f 3678/4425/2087 3602/4395/2087 3601/4396/2087 3677/4426/2087
f 3677/4426/2088 3601/4396/2088 3599/4247/2088 3675/4250/2088
f 3553/4224/2089 3671/4323/2089 3673/4427/2089 3556/4345/2089
f 3556/4345/2090 3673/4427/2090 3674/4428/2090 3560/4348/2090
f 3560/4348/2091 3674/4428/2091 3672/4233/2091 3554/4232/2091
f 3684/4336/2092 3676/4322/2092 3678/4425/2092 3686/4429/2092
f 3686/4429/2093 3678/4425/2093 3677/4426/2093 3685/4430/2093
f 3685/4430/2094 3677/4426/2094 3675/4250/2094 3683/4332/2094
f 3680/4311/2095 3672/4233/2095 3674/4428/2095 3682/4431/2095
f 3682/4431/2096 3674/4428/2096 3673/4427/2096 3681/4432/2096
f 3681/4432/2097 3673/4427/2097 3671/4323/2097 3679/4337/2097
f 3683/4332/2098 3691/4335/2098 3693/4433/2098 3685/4430/2098
f 3685/4430/2099 3693/4433/2099 3694/4434/2099 3686/4429/2099
f 3686/4429/2100 3694/4434/2100 3692/4338/2100 3684/4336/2100
f 3688/4318/2101 3680/4311/2101 3682/4431/2101 3690/4435/2101
f 3690/4435/2102 3682/4431/2102 3681/4432/2102 3689/4436/2102
f 3689/4436/2103 3681/4432/2103 3679/4337/2103 3687/4339/2103
f 3663/4308/2104 3688/4318/2104 3690/4435/2104 3665/4421/2104
f 3665/4421/2105 3690/4435/2105 3689/4436/2105 3666/4422/2105
f 3666/4422/2106 3689/4436/2106 3687/4339/2106 3664/4313/2106
f 3691/4335/2107 3668/4305/2107 3670/4423/2107 3693/4433/2107
f 3693/4433/2108 3670/4423/2108 3669/4424/2108 3694/4434/2108
f 3694/4434/2109 3669/4424/2109 3667/4314/2109 3692/4338/2109
f 3539/4256/3 3517/4255/3 3584/4394/3 3587/4365/3
f 3589/4342/1 3600/4321/1 3553/4224/1
f 3729/4437/1 3706/4438/1 3703/4439/1 3718/4440/1
f 3706/4438/2110 3729/4437/2110 3775/4441/2110 3764/4442/2110
f 3728/4443/4 3697/4444/4 3769/4445/4 3776/4446/4
f 3695/4447/3 3702/4448/3 3707/4449/3 3696/4450/3
f 3717/4451/2 3710/4452/2 3733/4453/2 3737/4454/2
f 3718/4440/1 3703/4439/1 3787/4455/1 3798/4456/1
f 3698/4457/3 3765/4458/3 3832/4459/3 3828/4460/3
f 3749/4461/4 3754/4462/4 3738/4463/4 3732/4464/4
f 3695/4465/6 3712/4466/6 3711/4467/6 3790/4468/6 3793/4469/6 3699/4470/6
f 3711/4471/4 3716/4472/4 3797/4473/4 3790/4474/4
f 3849/4475/4 3854/4476/4 3869/4477/4 3864/4478/4
f 3697/4444/5 3728/4443/5 3752/4479/5 3748/4480/5
f 3768/4481/6 3771/4482/6 3701/4483/6 3896/4484/6 3898/4485/6 3899/4486/6 3897/4487/6 3880/4488/6 3882/4489/6 3883/4490/6 3881/4491/6
f 3710/4492/6 3713/4493/6 3697/4494/6 3748/4495/6 3750/4496/6 3751/4497/6 3749/4498/6 3732/4499/6 3734/4500/6 3735/4501/6 3733/4502/6
f 3700/4503/6 3792/4504/6 3791/4505/6 3848/4506/6 3850/4507/6 3851/4508/6 3849/4509/6 3864/4510/6 3866/4511/6 3867/4512/6 3865/4513/6
f 3729/4437/1 3718/4440/1 3736/4514/1 3753/4515/1
f 3696/4450/3 3707/4449/3 3765/4458/3 3698/4457/3
f 3696/4516/6 3697/4494/6 3713/4493/6 3712/4466/6 3695/4465/6
f 3824/4517/2 3700/4518/2 3865/4519/2 3868/4520/2
f 3775/4441/2111 3844/4521/2111 3833/4522/2111
f 3791/4523/5 3796/4524/5 3852/4525/5 3848/4526/5
f 3700/4518/2 3824/4517/2 3813/4527/2 3808/4528/2
f 3701/4529/5 3845/4530/5 3900/4531/5 3896/4532/5
f 3697/4494/6 3696/4516/6 3698/4533/6 3770/4534/6 3769/4535/6
f 3771/4482/6 3770/4534/6 3698/4533/6 3828/4536/6 3830/4537/6 3831/4538/6 3829/4539/6 3701/4483/6
f 3833/4522/2112 3764/4442/2112 3775/4441/2112
f 3885/4540/4 3880/4541/4 3897/4542/4 3902/4543/4
f 3829/4544/5 3834/4545/5 3845/4530/5 3701/4529/5
f 3699/4470/6 3793/4469/6 3792/4504/6 3700/4503/6 3808/4546/6 3810/4547/6 3811/4548/6 3809/4549/6
f 3798/4456/1 3825/4550/1 3870/4551/1 3853/4552/1
f 3798/4456/1 3787/4455/1 3814/4553/1
f 3844/4521/2113 3775/4441/2113 3886/4554/2113 3901/4555/2113
f 3774/4556/2 3768/4557/2 3881/4558/2 3884/4559/2
f 3786/4560/3 3699/4561/3 3809/4562/3 3812/4563/3
f 3710/4492/6 3714/4564/6 3715/4565/6 3711/4467/6 3712/4466/6 3713/4493/6
f 3716/4472/1680 3719/4566/1680 3721/4567/1680 3720/4568/1680
f 3719/4566/1681 3723/4569/1681 3724/4570/1681 3721/4567/1681
f 3717/4451/1682 3722/4571/1682 3724/4570/1682 3723/4569/1682
f 3722/4571/1683 3726/4572/1683 3727/4573/1683 3724/4570/1683
f 3718/4440/1684 3725/4574/1684 3727/4573/1684 3726/4572/1684
f 3725/4574/1685 3720/4568/1685 3721/4567/1685 3727/4573/1685
f 3721/4567/1686 3724/4570/1686 3727/4573/1686
f 3736/4514/445 3739/4575/445 3741/4576/445 3740/4577/445
f 3739/4575/446 3743/4578/446 3744/4579/446 3741/4576/446
f 3737/4454/2114 3742/4580/2114 3744/4579/2114 3743/4578/2114
f 3742/4580/698 3746/4581/698 3747/4582/698 3744/4579/698
f 3738/4463/443 3745/4583/443 3747/4582/443 3746/4581/443
f 3745/4583/444 3740/4577/444 3741/4576/444 3747/4582/444
f 3741/4576/699 3744/4579/699 3747/4582/699
f 3752/4479/679 3755/4584/679 3757/4585/679 3756/4586/679
f 3755/4584/680 3759/4587/680 3760/4588/680 3757/4585/680
f 3753/4515/675 3758/4589/675 3760/4588/675 3759/4587/675
f 3758/4589/676 3762/4590/676 3763/4591/676 3760/4588/676
f 3754/4462/677 3761/4592/677 3763/4591/677 3762/4590/677
f 3761/4592/678 3756/4586/678 3757/4585/678 3763/4591/678
f 3757/4585/2115 3760/4588/2115 3763/4591/2115
f 3768/4481/6 3772/4593/6 3773/4594/6 3769/4535/6 3770/4534/6 3771/4482/6
f 3774/4556/1682 3777/4595/1682 3779/4596/1682 3778/4597/1682
f 3777/4595/1683 3781/4598/1683 3782/4599/1683 3779/4596/1683
f 3775/4441/2116 3780/4600/2116 3782/4599/2116 3781/4598/2116
f 3780/4600/1685 3784/4601/1685 3785/4602/1685 3782/4599/1685
f 3776/4446/1680 3783/4603/1680 3785/4602/1680 3784/4601/1680
f 3783/4603/1681 3778/4597/1681 3779/4596/1681 3785/4602/1681
f 3779/4596/1686 3782/4599/1686 3785/4602/1686
f 3790/4468/6 3794/4604/6 3795/4605/6 3791/4505/6 3792/4504/6 3793/4469/6
f 3796/4524/2117 3799/4606/2117 3801/4607/2117 3800/4608/2117
f 3799/4606/2118 3803/4609/2118 3804/4610/2118 3801/4607/2118
f 3797/4473/2119 3802/4611/2119 3804/4610/2119 3803/4609/2119
f 3802/4611/2120 3806/4612/2120 3807/4613/2120 3804/4610/2120
f 3798/4456/2121 3805/4614/2121 3807/4613/2121 3806/4612/2121
f 3805/4614/2122 3800/4608/2122 3801/4607/2122 3807/4613/2122
f 3801/4607/2123 3804/4610/2123 3807/4613/2123
f 3812/4563/452 3815/4615/452 3817/4616/452 3816/4617/452
f 3815/4615/453 3819/4618/453 3820/4619/453 3817/4616/453
f 3813/4527/454 3818/4620/454 3820/4619/454 3819/4618/454
f 3818/4620/455 3822/4621/455 3823/4622/455 3820/4619/455
f 3814/4553/450 3821/4623/450 3823/4622/450 3822/4621/450
f 3821/4623/451 3816/4617/451 3817/4616/451 3823/4622/451
f 3817/4616/2124 3820/4619/2124 3823/4622/2124
f 3832/4459/682 3835/4624/682 3837/4625/682 3836/4626/682
f 3835/4624/683 3839/4627/683 3840/4628/683 3837/4625/683
f 3833/4522/684 3838/4629/684 3840/4628/684 3839/4627/684
f 3838/4629/2125 3842/4630/2125 3843/4631/2125 3840/4628/2125
f 3834/4545/686 3841/4632/686 3843/4631/686 3842/4630/686
f 3841/4632/687 3836/4626/687 3837/4625/687 3843/4631/687
f 3837/4625/2126 3840/4628/2126 3843/4631/2126
f 3852/4525/679 3855/4633/679 3857/4634/679 3856/4635/679
f 3855/4633/680 3859/4636/680 3860/4637/680 3857/4634/680
f 3853/4552/675 3858/4638/675 3860/4637/675 3859/4636/675
f 3858/4638/676 3862/4639/676 3863/4640/676 3860/4637/676
f 3854/4476/677 3861/4641/677 3863/4640/677 3862/4639/677
f 3861/4641/678 3856/4635/678 3857/4634/678 3863/4640/678
f 3857/4634/700 3860/4637/700 3863/4640/700
f 3868/4520/447 3871/4642/447 3873/4643/447 3872/4644/447
f 3871/4642/698 3875/4645/698 3876/4646/698 3873/4643/698
f 3869/4477/443 3874/4647/443 3876/4646/443 3875/4645/443
f 3874/4647/444 3878/4648/444 3879/4649/444 3876/4646/444
f 3870/4551/445 3877/4650/445 3879/4649/445 3878/4648/445
f 3877/4650/446 3872/4644/446 3873/4643/446 3879/4649/446
f 3873/4643/699 3876/4646/699 3879/4649/699
f 3884/4559/447 3887/4651/447 3889/4652/447 3888/4653/447
f 3887/4651/698 3891/4654/698 3892/4655/698 3889/4652/698
f 3885/4540/443 3890/4656/443 3892/4655/443 3891/4654/443
f 3890/4656/444 3894/4657/444 3895/4658/444 3892/4655/444
f 3886/4554/445 3893/4659/445 3895/4658/445 3894/4657/445
f 3893/4659/446 3888/4653/446 3889/4652/446 3895/4658/446
f 3889/4652/2127 3892/4655/2127 3895/4658/2127
f 3900/4531/679 3903/4660/679 3905/4661/679 3904/4662/679
f 3903/4660/2128 3907/4663/2128 3908/4664/2128 3905/4661/2128
f 3901/4555/675 3906/4665/675 3908/4664/675 3907/4663/675
f 3906/4665/676 3910/4666/676 3911/4667/676 3908/4664/676
f 3902/4543/677 3909/4668/677 3911/4667/677 3910/4666/677
f 3909/4668/2129 3904/4662/2129 3905/4661/2129 3911/4667/2129
f 3905/4661/2130 3908/4664/2130 3911/4667/2130
f 3703/4439/508 3706/4438/508 3708/4669/508 3705/4670/508
f 3705/4670/507 3708/4669/507 3709/4671/507 3704/4672/507
f 3704/4672/506 3709/4671/506 3707/4449/506 3702/4448/506
f 3716/4472/2131 3711/4471/2131 3715/4673/2131 3719/4566/2131
f 3719/4566/2132 3715/4673/2132 3714/4674/2132 3723/4569/2132
f 3723/4569/2133 3714/4674/2133 3710/4452/2133 3717/4451/2133
f 3754/4462/746 3749/4461/746 3751/4675/746 3761/4592/746
f 3761/4592/734 3751/4675/734 3750/4676/734 3756/4586/734
f 3756/4586/735 3750/4676/735 3748/4480/735 3752/4479/735
f 3753/4515/747 3736/4514/747 3740/4577/747 3758/4589/747
f 3758/4589/127 3740/4577/127 3745/4583/127 3762/4590/127
f 3762/4590/748 3745/4583/748 3738/4463/748 3754/4462/748
f 3737/4454/496 3733/4453/496 3735/4677/496 3742/4580/496
f 3742/4580/495 3735/4677/495 3734/4678/495 3746/4581/495
f 3746/4581/745 3734/4678/745 3732/4464/745 3738/4463/745
f 3717/4451/2134 3737/4454/2134 3743/4578/2134 3722/4571/2134
f 3722/4571/2135 3743/4578/2135 3739/4575/2135 3726/4572/2135
f 3726/4572/2136 3739/4575/2136 3736/4514/2136 3718/4440/2136
f 3752/4479/165 3728/4443/165 3730/4679/165 3755/4584/165
f 3755/4584/145 3730/4679/145 3731/4680/145 3759/4587/145
f 3759/4587/164 3731/4680/164 3729/4437/164 3753/4515/164
f 3776/4446/2131 3769/4445/2131 3773/4681/2131 3783/4603/2131
f 3783/4603/2132 3773/4681/2132 3772/4682/2132 3778/4597/2132
f 3778/4597/2133 3772/4682/2133 3768/4557/2133 3774/4556/2133
f 3706/4438/508 3764/4442/508 3766/4683/508 3708/4669/508
f 3708/4669/507 3766/4683/507 3767/4684/507 3709/4671/507
f 3709/4671/506 3767/4684/506 3765/4458/506 3707/4449/506
f 3775/4441/2137 3729/4437/2137 3731/4680/2137 3780/4600/2137
f 3780/4600/2138 3731/4680/2138 3730/4679/2138 3784/4601/2138
f 3784/4601/2139 3730/4679/2139 3728/4443/2139 3776/4446/2139
f 3796/4524/2140 3791/4523/2140 3795/4685/2140 3799/4606/2140
f 3799/4606/726 3795/4685/726 3794/4686/726 3803/4609/726
f 3803/4609/727 3794/4686/727 3790/4474/727 3797/4473/727
f 3787/4455/508 3703/4439/508 3705/4670/508 3789/4687/508
f 3789/4687/507 3705/4670/507 3704/4672/507 3788/4688/507
f 3788/4688/506 3704/4672/506 3702/4448/506 3786/4560/506
f 3797/4473/1794 3716/4472/1794 3720/4568/1794 3802/4611/1794
f 3802/4611/127 3720/4568/127 3725/4574/127 3806/4612/127
f 3806/4612/1795 3725/4574/1795 3718/4440/1795 3798/4456/1795
f 3808/4528/499 3813/4527/499 3819/4618/499 3810/4689/499
f 3810/4689/498 3819/4618/498 3815/4615/498 3811/4690/498
f 3811/4690/994 3815/4615/994 3812/4563/994 3809/4562/994
f 3825/4550/750 3814/4553/750 3822/4621/750 3827/4691/750
f 3827/4691/2141 3822/4621/2141 3818/4620/2141 3826/4692/2141
f 3826/4692/749 3818/4620/749 3813/4527/749 3824/4517/749
f 3814/4553/500 3787/4455/500 3789/4687/500 3821/4623/500
f 3821/4623/2142 3789/4687/2142 3788/4688/2142 3816/4617/2142
f 3816/4617/1844 3788/4688/1844 3786/4560/1844 3812/4563/1844
f 3834/4545/728 3829/4544/728 3831/4693/728 3841/4632/728
f 3841/4632/729 3831/4693/729 3830/4694/729 3836/4626/729
f 3836/4626/730 3830/4694/730 3828/4460/730 3832/4459/730
f 3833/4522/164 3844/4521/164 3846/4695/164 3838/4629/164
f 3838/4629/758 3846/4695/758 3847/4696/758 3842/4630/758
f 3842/4630/165 3847/4696/165 3845/4530/165 3834/4545/165
f 3832/4459/756 3765/4458/756 3767/4684/756 3835/4624/756
f 3835/4624/755 3767/4684/755 3766/4683/755 3839/4627/755
f 3839/4627/754 3766/4683/754 3764/4442/754 3833/4522/754
f 3854/4476/746 3849/4475/746 3851/4697/746 3861/4641/746
f 3861/4641/734 3851/4697/734 3850/4698/734 3856/4635/734
f 3856/4635/735 3850/4698/735 3848/4526/735 3852/4525/735
f 3868/4520/496 3865/4519/496 3867/4699/496 3871/4642/496
f 3871/4642/495 3867/4699/495 3866/4700/495 3875/4645/495
f 3875/4645/745 3866/4700/745 3864/4478/745 3869/4477/745
f 3869/4477/748 3854/4476/748 3862/4639/748 3874/4647/748
f 3874/4647/127 3862/4639/127 3858/4638/127 3878/4648/127
f 3878/4648/747 3858/4638/747 3853/4552/747 3870/4551/747
f 3824/4517/2143 3868/4520/2143 3872/4644/2143 3826/4692/2143
f 3826/4692/103 3872/4644/103 3877/4650/103 3827/4691/103
f 3827/4691/750 3877/4650/750 3870/4551/750 3825/4550/750
f 3852/4525/2144 3796/4524/2144 3800/4608/2144 3855/4633/2144
f 3855/4633/2145 3800/4608/2145 3805/4614/2145 3859/4636/2145
f 3859/4636/2146 3805/4614/2146 3798/4456/2146 3853/4552/2146
f 3884/4559/496 3881/4558/496 3883/4701/496 3887/4651/496
f 3887/4651/495 3883/4701/495 3882/4702/495 3891/4654/495
f 3891/4654/745 3882/4702/745 3880/4541/745 3885/4540/745
f 3902/4543/746 3897/4542/746 3899/4703/746 3909/4668/746
f 3909/4668/734 3899/4703/734 3898/4704/734 3904/4662/734
f 3904/4662/735 3898/4704/735 3896/4532/735 3900/4531/735
f 3901/4555/2147 3886/4554/2147 3894/4657/2147 3906/4665/2147
f 3906/4665/2148 3894/4657/2148 3890/4656/2148 3910/4666/2148
f 3910/4666/2149 3890/4656/2149 3885/4540/2149 3902/4543/2149
f 3844/4521/164 3901/4555/164 3907/4663/164 3846/4695/164
f 3846/4695/145 3907/4663/145 3903/4660/145 3847/4696/145
f 3847/4696/165 3903/4660/165 3900/4531/165 3845/4530/165
f 3886/4554/2150 3775/4441/2150 3781/4598/2150 3893/4659/2150
f 3893/4659/2151 3781/4598/2151 3777/4595/2151 3888/4653/2151
f 3888/4653/2152 3777/4595/2152 3774/4556/2152 3884/4559/2152
f 3702/4448/3 3695/4447/3 3699/4561/3 3786/4560/3
f 3814/4553/1 3825/4550/1 3798/4456/1
f 3944/4705/1 3921/4706/1 3918/4707/1 3933/4708/1
f 3925/4709/6 3928/4710/6 3914/4711/6 3963/4712/6 3965/4713/6 3966/4714/6 3964/4715/6 3947/4716/6 3949/4717/6 3950/4718/6 3948/4719/6
f 3912/4720/6 3927/4721/6 3926/4722/6 4037/4723/6 4039/4724/6 4040/4725/6 4038/4726/6 4021/4727/6 4023/4728/6 4024/4729/6 4022/4730/6
f 3913/4731/3 3922/4732/3 3980/4733/3 3915/4734/3
f 3932/4735/2 3925/4736/2 3948/4737/2 3952/4738/2
f 3933/4708/1 3918/4707/1 4027/4739/1 4042/4740/1
f 3915/4734/3 3980/4733/3 4005/4741/3 4001/4742/3
f 3926/4743/4 3931/4744/4 4041/4745/4 4037/4746/4
f 3943/4747/4 3914/4748/4 3984/4749/4 3991/4750/4
f 3964/4751/4 3969/4752/4 3953/4753/4 3947/4754/4
f 3986/4755/6 3985/4756/6 3915/4757/6 4001/4758/6 4003/4759/6 4004/4760/6 4002/4761/6 3916/4762/6
f 3921/4706/1 3944/4705/1 3990/4763/1 3979/4764/1
f 3914/4748/5 3943/4747/5 3967/4765/5 3963/4766/5
f 3983/4767/6 3986/4755/6 3916/4762/6 4069/4768/6 4071/4769/6 4072/4770/6 4070/4771/6 4053/4772/6 4055/4773/6 4056/4774/6 4054/4775/6
f 3916/4776/5 4018/4777/5 4073/4778/5 4069/4779/5
f 3979/4764/1 3990/4763/1 4017/4780/1 4006/4781/1
f 3989/4782/2 3983/4783/2 4054/4784/2 4057/4785/2
f 3914/4711/6 3913/4786/6 3915/4757/6 3985/4756/6 3984/4787/6
f 4058/4788/4 4053/4789/4 4070/4790/4 4075/4791/4
f 3913/4786/6 3914/4711/6 3928/4710/6 3927/4721/6 3912/4720/6
f 3912/4792/3 3917/4793/3 3922/4732/3 3913/4731/3
f 3944/4705/1 3933/4708/1 3951/4794/1 3968/4795/1
f 4038/4796/2 4043/4797/2 4026/4798/2 4021/4799/2
f 4017/4780/1 3990/4763/1 4059/4800/1 4074/4801/1
f 4002/4802/5 4007/4803/5 4018/4777/5 3916/4776/5
f 3925/4709/6 3929/4804/6 3930/4805/6 3926/4722/6 3927/4721/6 3928/4710/6
f 3931/4744/1680 3934/4806/1680 3936/4807/1680 3935/4808/1680
f 3934/4806/1681 3938/4809/1681 3939/4810/1681 3936/4807/1681
f 3932/4735/1682 3937/4811/1682 3939/4810/1682 3938/4809/1682
f 3937/4811/1683 3941/4812/1683 3942/4813/1683 3939/4810/1683
f 3933/4708/1684 3940/4814/1684 3942/4813/1684 3941/4812/1684
f 3940/4814/1685 3935/4808/1685 3936/4807/1685 3942/4813/1685
f 3936/4807/1686 3939/4810/1686 3942/4813/1686
f 3951/4794/445 3954/4815/445 3956/4816/445 3955/4817/445
f 3954/4815/446 3958/4818/446 3959/4819/446 3956/4816/446
f 3952/4738/447 3957/4820/447 3959/4819/447 3958/4818/447
f 3957/4820/698 3961/4821/698 3962/4822/698 3959/4819/698
f 3953/4753/443 3960/4823/443 3962/4822/443 3961/4821/443
f 3960/4823/444 3955/4817/444 3956/4816/444 3962/4822/444
f 3956/4816/2127 3959/4819/2127 3962/4822/2127
f 3967/4765/679 3970/4824/679 3972/4825/679 3971/4826/679
f 3970/4824/680 3974/4827/680 3975/4828/680 3972/4825/680
f 3968/4795/675 3973/4829/675 3975/4828/675 3974/4827/675
f 3973/4829/676 3977/4830/676 3978/4831/676 3975/4828/676
f 3969/4752/677 3976/4832/677 3978/4831/677 3977/4830/677
f 3976/4832/678 3971/4826/678 3972/4825/678 3978/4831/678
f 3972/4825/2115 3975/4828/2115 3978/4831/2115
f 3983/4767/6 3987/4833/6 3988/4834/6 3984/4787/6 3985/4756/6 3986/4755/6
f 3989/4782/1682 3992/4835/1682 3994/4836/1682 3993/4837/1682
f 3992/4835/1683 3996/4838/1683 3997/4839/1683 3994/4836/1683
f 3990/4763/1684 3995/4840/1684 3997/4839/1684 3996/4838/1684
f 3995/4840/1685 3999/4841/1685 4000/4842/1685 3997/4839/1685
f 3991/4750/1680 3998/4843/1680 4000/4842/1680 3999/4841/1680
f 3998/4843/1681 3993/4837/1681 3994/4836/1681 4000/4842/1681
f 3994/4836/1686 3997/4839/1686 4000/4842/1686
f 4005/4741/682 4008/4844/682 4010/4845/682 4009/4846/682
f 4008/4844/683 4012/4847/683 4013/4848/683 4010/4845/683
f 4006/4781/684 4011/4849/684 4013/4848/684 4012/4847/684
f 4011/4849/685 4015/4850/685 4016/4851/685 4013/4848/685
f 4007/4803/686 4014/4852/686 4016/4851/686 4015/4850/686
f 4014/4852/687 4009/4846/687 4010/4845/687 4016/4851/687
f 4010/4845/2153 4013/4848/2153 4016/4851/2153
f 4025/4853/452 4028/4854/452 4030/4855/452 4029/4856/452
f 4028/4854/453 4032/4857/453 4033/4858/453 4030/4855/453
f 4026/4798/454 4031/4859/454 4033/4858/454 4032/4857/454
f 4031/4859/455 4035/4860/455 4036/4861/455 4033/4858/455
f 4027/4739/450 4034/4862/450 4036/4861/450 4035/4860/450
f 4034/4862/451 4029/4856/451 4030/4855/451 4036/4861/451
f 4030/4855/2154 4033/4858/2154 4036/4861/2154
f 4041/4745/443 4044/4863/443 4046/4864/443 4045/4865/443
f 4044/4863/444 4048/4866/444 4049/4867/444 4046/4864/444
f 4042/4740/445 4047/4868/445 4049/4867/445 4048/4866/445
f 4047/4868/446 4051/4869/446 4052/4870/446 4049/4867/446
f 4043/4797/447 4050/4871/447 4052/4870/447 4051/4869/447
f 4050/4871/698 4045/4865/698 4046/4864/698 4052/4870/698
f 4046/4864/449 4049/4867/449 4052/4870/449
f 4057/4785/447 4060/4872/447 4062/4873/447 4061/4874/447
f 4060/4872/698 4064/4875/698 4065/4876/698 4062/4873/698
f 4058/4788/443 4063/4877/443 4065/4876/443 4064/4875/443
f 4063/4877/444 4067/4878/444 4068/4879/444 4065/4876/444
f 4059/4800/445 4066/4880/445 4068/4879/445 4067/4878/445
f 4066/4880/446 4061/4874/446 4062/4873/446 4068/4879/446
f 4062/4873/449 4065/4876/449 4068/4879/449
f 4073/4778/679 4076/4881/679 4078/4882/679 4077/4883/679
f 4076/4881/680 4080/4884/680 4081/4885/680 4078/4882/680
f 4074/4801/675 4079/4886/675 4081/4885/675 4080/4884/675
f 4079/4886/676 4083/4887/676 4084/4888/676 4081/4885/676
f 4075/4791/677 4082/4889/677 4084/4888/677 4083/4887/677
f 4082/4889/678 4077/4883/678 4078/4882/678 4084/4888/678
f 4078/4882/2155 4081/4885/2155 4084/4888/2155
f 3918/4707/508 3921/4706/508 3923/4890/508 3920/4891/508
f 3920/4891/507 3923/4890/507 3924/4892/507 3919/4893/507
f 3919/4893/506 3924/4892/506 3922/4732/506 3917/4793/506
f 3931/4744/2156 3926/4743/2156 3930/4894/2156 3934/4806/2156
f 3934/4806/2157 3930/4894/2157 3929/4895/2157 3938/4809/2157
f 3938/4809/2158 3929/4895/2158 3925/4736/2158 3932/4735/2158
f 3969/4752/746 3964/4751/746 3966/4896/746 3976/4832/746
f 3976/4832/734 3966/4896/734 3965/4897/734 3971/4826/734
f 3971/4826/735 3965/4897/735 3963/4766/735 3967/4765/735
f 3968/4795/747 3951/4794/747 3955/4817/747 3973/4829/747
f 3973/4829/127 3955/4817/127 3960/4823/127 3977/4830/127
f 3977/4830/748 3960/4823/748 3953/4753/748 3969/4752/748
f 3952/4738/496 3948/4737/496 3950/4898/496 3957/4820/496
f 3957/4820/495 3950/4898/495 3949/4899/495 3961/4821/495
f 3961/4821/745 3949/4899/745 3947/4754/745 3953/4753/745
f 3951/4794/2159 3933/4708/2159 3941/4812/2159 3954/4815/2159
f 3954/4815/2160 3941/4812/2160 3937/4811/2160 3958/4818/2160
f 3958/4818/2161 3937/4811/2161 3932/4735/2161 3952/4738/2161
f 3967/4765/2162 3943/4747/2162 3945/4900/2162 3970/4824/2162
f 3970/4824/145 3945/4900/145 3946/4901/145 3974/4827/145
f 3974/4827/164 3946/4901/164 3944/4705/164 3968/4795/164
f 3991/4750/2156 3984/4749/2156 3988/4902/2156 3998/4843/2156
f 3998/4843/2157 3988/4902/2157 3987/4903/2157 3993/4837/2157
f 3993/4837/2163 3987/4903/2163 3983/4783/2163 3989/4782/2163
f 3943/4747/2164 3991/4750/2164 3999/4841/2164 3945/4900/2164
f 3945/4900/2165 3999/4841/2165 3995/4840/2165 3946/4901/2165
f 3946/4901/2166 3995/4840/2166 3990/4763/2166 3944/4705/2166
f 3980/4733/506 3922/4732/506 3924/4892/506 3982/4904/506
f 3982/4904/507 3924/4892/507 3923/4890/507 3981/4905/507
f 3981/4905/508 3923/4890/508 3921/4706/508 3979/4764/508
f 4007/4803/728 4002/4802/728 4004/4906/728 4014/4852/728
f 4014/4852/729 4004/4906/729 4003/4907/729 4009/4846/729
f 4009/4846/730 4003/4907/730 4001/4742/730 4005/4741/730
f 4006/4781/164 4017/4780/164 4019/4908/164 4011/4849/164
f 4011/4849/758 4019/4908/758 4020/4909/758 4015/4850/758
f 4015/4850/165 4020/4909/165 4018/4777/165 4007/4803/165
f 4005/4741/756 3980/4733/756 3982/4904/756 4008/4844/756
f 4008/4844/740 3982/4904/740 3981/4905/740 4012/4847/740
f 4012/4847/754 3981/4905/754 3979/4764/754 4006/4781/754
f 4021/4799/499 4026/4798/499 4032/4857/499 4023/4910/499
f 4023/4910/498 4032/4857/498 4028/4854/498 4024/4911/498
f 4024/4911/994 4028/4854/994 4025/4853/994 4022/4912/994
f 4043/4797/496 4038/4796/496 4040/4913/496 4050/4871/496
f 4050/4871/495 4040/4913/495 4039/4914/495 4045/4865/495
f 4045/4865/745 4039/4914/745 4037/4746/745 4041/4745/745
f 4042/4740/102 4027/4739/102 4035/4860/102 4047/4868/102
f 4047/4868/103 4035/4860/103 4031/4859/103 4051/4869/103
f 4051/4869/1271 4031/4859/1271 4026/4798/1271 4043/4797/1271
f 3917/4793/739 4025/4853/739 4029/4856/739 3919/4893/739
f 3919/4893/507 4029/4856/507 4034/4862/507 3920/4891/507
f 3920/4891/741 4034/4862/741 4027/4739/741 3918/4707/741
f 4041/4745/2167 3931/4744/2167 3935/4808/2167 4044/4863/2167
f 4044/4863/2168 3935/4808/2168 3940/4814/2168 4048/4866/2168
f 4048/4866/2169 3940/4814/2169 3933/4708/2169 4042/4740/2169
f 4057/4785/496 4054/4784/496 4056/4915/496 4060/4872/496
f 4060/4872/495 4056/4915/495 4055/4916/495 4064/4875/495
f 4064/4875/745 4055/4916/745 4053/4789/745 4058/4788/745
f 4075/4791/746 4070/4790/746 4072/4917/746 4082/4889/746
f 4082/4889/734 4072/4917/734 4071/4918/734 4077/4883/734
f 4077/4883/735 4071/4918/735 4069/4779/735 4073/4778/735
f 4058/4788/748 4075/4791/748 4083/4887/748 4063/4877/748
f 4063/4877/127 4083/4887/127 4079/4886/127 4067/4878/127
f 4067/4878/747 4079/4886/747 4074/4801/747 4059/4800/747
f 4017/4780/164 4074/4801/164 4080/4884/164 4019/4908/164
f 4019/4908/145 4080/4884/145 4076/4881/145 4020/4909/145
f 4020/4909/165 4076/4881/165 4073/4778/165 4018/4777/165
f 4059/4800/2136 3990/4763/2136 3996/4838/2136 4066/4880/2136
f 4066/4880/2170 3996/4838/2170 3992/4835/2170 4061/4874/2170
f 4061/4874/2171 3992/4835/2171 3989/4782/2171 4057/4785/2171
f 3917/4793/3 3912/4792/3 4022/4912/3 4025/4853/3
f 4140/4919/4 4144/4920/4 4136/4921/4 4086/4922/4
f 4131/4923/5 4085/4924/5 4172/4925/5 4176/4926/5
f 4086/4922/4 4136/4921/4 4192/4927/4 4088/4928/4
f 4085/4929/6 4139/4930/6 4141/4931/6 4142/4932/6 4140/4933/6 4086/4934/6 4116/4935/6 4115/4936/6
f 4114/4937/2 4121/4938/2 4159/4939/2 4155/4940/2
f 4135/4941/1 4120/4942/1 4188/4943/1 4191/4944/1
f 4187/4945/2172 4087/4946/2172 4089/4947/2172 4195/4948/2172
f 4113/4949/6 4116/4935/6 4086/4934/6 4088/4950/6 4087/4951/6
f 4135/4941/1 4143/4952/1 4120/4942/1
f 4119/4953/3 4113/4954/3 4087/4946/3 4187/4945/3
f 4088/4928/2173 4192/4927/2173 4200/4955/2173 4090/4956/2173
f 4120/4942/1 4132/4957/1 4175/4958/1 4160/4959/1
f 4085/4924/5 4131/4923/5 4145/4960/5 4139/4961/5
f 4156/4962/3 4161/4963/3 4177/4964/3 4171/4965/3
f 4089/4966/6 4090/4967/6 4092/4968/6 4091/4969/6
f 4195/4948/2174 4089/4947/2174 4091/4970/2174 4203/4971/2174
f 4087/4951/6 4088/4950/6 4090/4967/6 4089/4966/6
f 4191/4944/1 4188/4943/1 4196/4972/1 4199/4973/1
f 4207/4974/1 4204/4975/1 4212/4976/1 4215/4977/1
f 4199/4973/1 4196/4972/1 4204/4975/1 4207/4974/1
f 4090/4956/2175 4200/4955/2175 4208/4978/2175 4092/4979/2175
f 4203/4971/2176 4091/4970/2176 4093/4980/2176 4211/4981/2176
f 4094/4982/2177 4216/4983/2177 4224/4984/2177 4096/4985/2177
f 4092/4979/2178 4208/4978/2178 4216/4983/2178 4094/4982/2178
f 4211/4981/2179 4093/4980/2179 4095/4986/2179 4219/4987/2179
f 4091/4969/6 4092/4968/6 4094/4988/6 4093/4989/6
f 4095/4990/6 4096/4991/6 4098/4992/6 4097/4993/6
f 4219/4987/2180 4095/4986/2180 4097/4994/2180 4227/4995/2180
f 4093/4989/6 4094/4988/6 4096/4991/6 4095/4990/6
f 4215/4977/1 4212/4976/1 4220/4996/1 4223/4997/1
f 4098/4998/2181 4232/4999/2181 4240/5000/2181 4100/5001/2181
f 4223/4997/1 4220/4996/1 4228/5002/1 4231/5003/1
f 4096/4985/2182 4224/4984/2182 4232/4999/2182 4098/4998/2182
f 4227/4995/2183 4097/4994/2183 4099/5004/2183 4235/5005/2183
f 4243/5006/2184 4101/5007/2184 4103/5008/2184 4251/5009/2184
f 4235/5005/2185 4099/5004/2185 4101/5007/2185 4243/5006/2185
f 4097/4993/6 4098/4992/6 4100/5010/6 4099/5011/6
f 4231/5003/1 4228/5002/1 4236/5012/1 4239/5013/1
f 4101/5014/6 4102/5015/6 4104/5016/6 4103/5017/6
f 4099/5011/6 4100/5010/6 4102/5015/6 4101/5014/6
f 4239/5013/1 4236/5012/1 4244/5018/1 4247/5019/1
f 4100/5001/2186 4240/5000/2186 4248/5020/2186 4102/5021/2186
f 4104/5022/2187 4256/5023/2187 4264/5024/2187 4106/5025/2187
f 4247/5019/1 4244/5018/1 4252/5026/1 4255/5027/1
f 4102/5021/2188 4248/5020/2188 4256/5023/2188 4104/5022/2188
f 4251/5009/2189 4103/5008/2189 4105/5028/2189 4259/5029/2189
f 4105/5030/6 4106/5031/6 4108/5032/6 4107/5033/6
f 4259/5029/2190 4105/5028/2190 4107/5034/2190 4267/5035/2190
f 4103/5017/6 4104/5016/6 4106/5031/6 4105/5030/6
f 4255/5027/1 4252/5026/1 4260/5036/1 4263/5037/1
f 4107/5033/6 4108/5032/6 4110/5038/6 4109/5039/6
f 4263/5037/1 4260/5036/1 4268/5040/1 4271/5041/1
f 4106/5025/2191 4264/5024/2191 4272/5042/2191 4108/5043/2191
f 4267/5035/2192 4107/5034/2192 4109/5044/2192 4275/5045/2192
f 4110/5046/2193 4280/5047/2193 4288/5048/2193 4112/5049/2193
f 4271/5041/1 4268/5040/1 4276/5050/1 4279/5051/1
f 4108/5043/2194 4272/5042/2194 4280/5047/2194 4110/5046/2194
f 4275/5045/2195 4109/5044/2195 4111/5052/2195 4283/5053/2195
f 4283/5053/2196 4111/5052/2196 4292/5054/2196 4295/5055/2196
f 4109/5039/6 4110/5038/6 4112/5056/6 4111/5057/6
f 4279/5051/1 4276/5050/1 4284/5058/1 4287/5059/1
f 4111/5057/6 4112/5056/6 4307/5060/6 4309/5061/6 4310/5062/6 4308/5063/6 4291/5064/6 4293/5065/6 4294/5066/6 4292/5067/6
f 4287/5059/1 4284/5058/1 4297/5068/1 4312/5069/1
f 4112/5049/2197 4288/5048/2197 4311/5070/2197 4307/5071/2197
f 4308/5072/2198 4313/5073/2198 4296/5074/2198 4291/5075/2198
f 4113/4949/6 4117/5076/6 4118/5077/6 4114/5078/6 4115/4936/6 4116/4935/6
f 4119/4953/2199 4122/5079/2199 4124/5080/2199 4123/5081/2199
f 4122/5079/2200 4126/5082/2200 4127/5083/2200 4124/5080/2200
f 4120/4942/2201 4125/5084/2201 4127/5083/2201 4126/5082/2201
f 4125/5084/2202 4129/5085/2202 4130/5086/2202 4127/5083/2202
f 4121/4938/2203 4128/5087/2203 4130/5086/2203 4129/5085/2203
f 4128/5087/2204 4123/5081/2204 4124/5080/2204 4130/5086/2204
f 4124/5080/2205 4127/5083/2205 4130/5086/2205
f 4143/4952/2206 4146/5088/2206 4148/5089/2206 4147/5090/2206
f 4146/5088/2207 4150/5091/2207 4151/5092/2207 4148/5089/2207
f 4144/4920/2208 4149/5093/2208 4151/5092/2208 4150/5091/2208
f 4149/5093/2209 4153/5094/2209 4154/5095/2209 4151/5092/2209
f 4145/4960/2210 4152/5096/2210 4154/5095/2210 4153/5094/2210
f 4152/5096/2211 4147/5090/2211 4148/5089/2211 4154/5095/2211
f 4148/5089/2212 4151/5092/2212 4154/5095/2212
f 4159/4939/454 4162/5097/454 4164/5098/454 4163/5099/454
f 4162/5097/455 4166/5100/455 4167/5101/455 4164/5098/455
f 4160/4959/450 4165/5102/450 4167/5101/450 4166/5100/450
f 4165/5102/451 4169/5103/451 4170/5104/451 4167/5101/451
f 4161/4963/452 4168/5105/452 4170/5104/452 4169/5103/452
f 4168/5105/453 4163/5099/453 4164/5098/453 4170/5104/453
f 4164/5098/456 4167/5101/456 4170/5104/456
f 4175/4958/684 4178/5106/684 4180/5107/684 4179/5108/684
f 4178/5106/685 4182/5109/685 4183/5110/685 4180/5107/685
f 4176/4926/686 4181/5111/686 4183/5110/686 4182/5109/686
f 4181/5111/687 4185/5112/687 4186/5113/687 4183/5110/687
f 4177/4964/682 4184/5114/682 4186/5113/682 4185/5112/682
f 4184/5114/683 4179/5108/683 4180/5107/683 4186/5113/683
f 4180/5107/688 4183/5110/688 4186/5113/688
f 4295/5055/2213 4298/5115/2213 4300/5116/2213 4299/5117/2213
f 4298/5115/2214 4302/5118/2214 4303/5119/2214 4300/5116/2214
f 4296/5074/2215 4301/5120/2215 4303/5119/2215 4302/5118/2215
f 4301/5120/2216 4305/5121/2216 4306/5122/2216 4303/5119/2216
f 4297/5068/2217 4304/5123/2217 4306/5122/2217 4305/5121/2217
f 4304/5123/2218 4299/5117/2218 4300/5116/2218 4306/5122/2218
f 4300/5116/2219 4303/5119/2219 4306/5122/2219
f 4311/5070/2220 4314/5124/2220 4316/5125/2220 4315/5126/2220
f 4314/5124/2221 4318/5127/2221 4319/5128/2221 4316/5125/2221
f 4312/5069/2222 4317/5129/2222 4319/5128/2222 4318/5127/2222
f 4317/5129/2223 4321/5130/2223 4322/5131/2223 4319/5128/2223
f 4313/5073/2224 4320/5132/2224 4322/5131/2224 4321/5130/2224
f 4320/5132/2225 4315/5126/2225 4316/5125/2225 4322/5131/2225
f 4316/5125/2226 4319/5128/2226 4322/5131/2226
f 4113/4954/2227 4119/4953/2227 4123/5081/2227 4117/5133/2227
f 4117/5133/2228 4123/5081/2228 4128/5087/2228 4118/5134/2228
f 4118/5134/2229 4128/5087/2229 4121/4938/2229 4114/4937/2229
f 4132/4957/2230 4143/4952/2230 4147/5090/2230 4134/5135/2230
f 4134/5135/2231 4147/5090/2231 4152/5096/2231 4133/5136/2231
f 4133/5136/2232 4152/5096/2232 4145/4960/2232 4131/4923/2232
f 4144/4920/2233 4140/4919/2233 4142/5137/2233 4149/5093/2233
f 4149/5093/2234 4142/5137/2234 4141/5138/2234 4153/5094/2234
f 4153/5094/2235 4141/5138/2235 4139/4961/2235 4145/4960/2235
f 4143/4952/2236 4135/4941/2236 4137/5139/2236 4146/5088/2236
f 4146/5088/2237 4137/5139/2237 4138/5140/2237 4150/5091/2237
f 4150/5091/2238 4138/5140/2238 4136/4921/2238 4144/4920/2238
f 4155/4940/499 4159/4939/499 4163/5099/499 4157/5141/499
f 4157/5141/498 4163/5099/498 4168/5105/498 4158/5142/498
f 4158/5142/994 4168/5105/994 4161/4963/994 4156/4962/994
f 4160/4959/2239 4175/4958/2239 4179/5108/2239 4165/5102/2239
f 4165/5102/507 4179/5108/507 4184/5114/507 4169/5103/507
f 4169/5103/2240 4184/5114/2240 4177/4964/2240 4161/4963/2240
f 4176/4926/728 4172/4925/728 4174/5143/728 4181/5111/728
f 4181/5111/729 4174/5143/729 4173/5144/729 4185/5112/729
f 4185/5112/730 4173/5144/730 4171/4965/730 4177/4964/730
f 4175/4958/164 4132/4957/164 4134/5135/164 4178/5106/164
f 4178/5106/758 4134/5135/758 4133/5136/758 4182/5109/758
f 4182/5109/2162 4133/5136/2162 4131/4923/2162 4176/4926/2162
f 4120/4942/2241 4160/4959/2241 4166/5100/2241 4125/5084/2241
f 4125/5084/2242 4166/5100/2242 4162/5097/2242 4129/5085/2242
f 4129/5085/2243 4162/5097/2243 4159/4939/2243 4121/4938/2243
f 4188/4943/2244 4120/4942/2244 4126/5082/2244 4190/5145/2244
f 4190/5145/2245 4126/5082/2245 4122/5079/2245 4189/5146/2245
f 4189/5146/2246 4122/5079/2246 4119/4953/2246 4187/4945/2246
f 4192/4927/2247 4136/4921/2247 4138/5140/2247 4194/5147/2247
f 4194/5147/2248 4138/5140/2248 4137/5139/2248 4193/5148/2248
f 4193/5148/2249 4137/5139/2249 4135/4941/2249 4191/4944/2249
f 4187/4945/2250 4195/4948/2250 4197/5149/2250 4189/5146/2250
f 4189/5146/2251 4197/5149/2251 4198/5150/2251 4190/5145/2251
f 4190/5145/2252 4198/5150/2252 4196/4972/2252 4188/4943/2252
f 4200/4955/2253 4192/4927/2253 4194/5147/2253 4202/5151/2253
f 4202/5151/2254 4194/5147/2254 4193/5148/2254 4201/5152/2254
f 4201/5152/2255 4193/5148/2255 4191/4944/2255 4199/4973/2255
f 4204/4975/2256 4196/4972/2256 4198/5150/2256 4206/5153/2256
f 4206/5153/2257 4198/5150/2257 4197/5149/2257 4205/5154/2257
f 4205/5154/2258 4197/5149/2258 4195/4948/2258 4203/4971/2258
f 4208/4978/2259 4200/4955/2259 4202/5151/2259 4210/5155/2259
f 4210/5155/2260 4202/5151/2260 4201/5152/2260 4209/5156/2260
f 4209/5156/2261 4201/5152/2261 4199/4973/2261 4207/4974/2261
f 4212/4976/2262 4204/4975/2262 4206/5153/2262 4214/5157/2262
f 4214/5157/2263 4206/5153/2263 4205/5154/2263 4213/5158/2263
f 4213/5158/2264 4205/5154/2264 4203/4971/2264 4211/4981/2264
f 4216/4983/2265 4208/4978/2265 4210/5155/2265 4218/5159/2265
f 4218/5159/2266 4210/5155/2266 4209/5156/2266 4217/5160/2266
f 4217/5160/2267 4209/5156/2267 4207/4974/2267 4215/4977/2267
f 4211/4981/2268 4219/4987/2268 4221/5161/2268 4213/5158/2268
f 4213/5158/2269 4221/5161/2269 4222/5162/2269 4214/5157/2269
f 4214/5157/2270 4222/5162/2270 4220/4996/2270 4212/4976/2270
f 4224/4984/2271 4216/4983/2271 4218/5159/2271 4226/5163/2271
f 4226/5163/2272 4218/5159/2272 4217/5160/2272 4225/5164/2272
f 4225/5164/2273 4217/5160/2273 4215/4977/2273 4223/4997/2273
f 4228/5002/2274 4220/4996/2274 4222/5162/2274 4230/5165/2274
f 4230/5165/2275 4222/5162/2275 4221/5161/2275 4229/5166/2275
f 4229/5166/2276 4221/5161/2276 4219/4987/2276 4227/4995/2276
f 4232/4999/2277 4224/4984/2277 4226/5163/2277 4234/5167/2277
f 4234/5167/2278 4226/5163/2278 4225/5164/2278 4233/5168/2278
f 4233/5168/2279 4225/5164/2279 4223/4997/2279 4231/5003/2279
f 4227/4995/2280 4235/5005/2280 4237/5169/2280 4229/5166/2280
f 4229/5166/2281 4237/5169/2281 4238/5170/2281 4230/5165/2281
f 4230/5165/2282 4238/5170/2282 4236/5012/2282 4228/5002/2282
f 4240/5000/2283 4232/4999/2283 4234/5167/2283 4242/5171/2283
f 4242/5171/2284 4234/5167/2284 4233/5168/2284 4241/5172/2284
f 4241/5172/2285 4233/5168/2285 4231/5003/2285 4239/5013/2285
f 4239/5013/2286 4247/5019/2286 4249/5173/2286 4241/5172/2286
f 4241/5172/2287 4249/5173/2287 4250/5174/2287 4242/5171/2287
f 4242/5171/2288 4250/5174/2288 4248/5020/2288 4240/5000/2288
f 4244/5018/2289 4236/5012/2289 4238/5170/2289 4246/5175/2289
f 4246/5175/2290 4238/5170/2290 4237/5169/2290 4245/5176/2290
f 4245/5176/2291 4237/5169/2291 4235/5005/2291 4243/5006/2291
f 4252/5026/2292 4244/5018/2292 4246/5175/2292 4254/5177/2292
f 4254/5177/2293 4246/5175/2293 4245/5176/2293 4253/5178/2293
f 4253/5178/2294 4245/5176/2294 4243/5006/2294 4251/5009/2294
f 4256/5023/2295 4248/5020/2295 4250/5174/2295 4258/5179/2295
f 4258/5179/2296 4250/5174/2296 4249/5173/2296 4257/5180/2296
f 4257/5180/2297 4249/5173/2297 4247/5019/2297 4255/5027/2297
f 4251/5009/2298 4259/5029/2298 4261/5181/2298 4253/5178/2298
f 4253/5178/2299 4261/5181/2299 4262/5182/2299 4254/5177/2299
f 4254/5177/2300 4262/5182/2300 4260/5036/2300 4252/5026/2300
f 4264/5024/2301 4256/5023/2301 4258/5179/2301 4266/5183/2301
f 4266/5183/2302 4258/5179/2302 4257/5180/2302 4265/5184/2302
f 4265/5184/2303 4257/5180/2303 4255/5027/2303 4263/5037/2303
f 4268/5040/2304 4260/5036/2304 4262/5182/2304 4270/5185/2304
f 4270/5185/2305 4262/5182/2305 4261/5181/2305 4269/5186/2305
f 4269/5186/2306 4261/5181/2306 4259/5029/2306 4267/5035/2306
f 4272/5042/2307 4264/5024/2307 4266/5183/2307 4274/5187/2307
f 4274/5187/2308 4266/5183/2308 4265/5184/2308 4273/5188/2308
f 4273/5188/2309 4265/5184/2309 4263/5037/2309 4271/5041/2309
f 4276/5050/2310 4268/5040/2310 4270/5185/2310 4278/5189/2310
f 4278/5189/2311 4270/5185/2311 4269/5186/2311 4277/5190/2311
f 4277/5190/2312 4269/5186/2312 4267/5035/2312 4275/5045/2312
f 4280/5047/2313 4272/5042/2313 4274/5187/2313 4282/5191/2313
f 4282/5191/2314 4274/5187/2314 4273/5188/2314 4281/5192/2314
f 4281/5192/2315 4273/5188/2315 4271/5041/2315 4279/5051/2315
f 4275/5045/2316 4283/5053/2316 4285/5193/2316 4277/5190/2316
f 4277/5190/2317 4285/5193/2317 4286/5194/2317 4278/5189/2317
f 4278/5189/2318 4286/5194/2318 4284/5058/2318 4276/5050/2318
f 4288/5048/2319 4280/5047/2319 4282/5191/2319 4290/5195/2319
f 4290/5195/2320 4282/5191/2320 4281/5192/2320 4289/5196/2320
f 4289/5196/2321 4281/5192/2321 4279/5051/2321 4287/5059/2321
f 4291/5075/2322 4296/5074/2322 4302/5118/2322 4293/5197/2322
f 4293/5197/2323 4302/5118/2323 4298/5115/2323 4294/5198/2323
f 4294/5198/2324 4298/5115/2324 4295/5055/2324 4292/5054/2324
f 4313/5073/2325 4308/5072/2325 4310/5199/2325 4320/5132/2325
f 4320/5132/2326 4310/5199/2326 4309/5200/2326 4315/5126/2326
f 4315/5126/2327 4309/5200/2327 4307/5071/2327 4311/5070/2327
f 4312/5069/2328 4297/5068/2328 4305/5121/2328 4317/5129/2328
f 4317/5129/2329 4305/5121/2329 4301/5120/2329 4321/5130/2329
f 4321/5130/2330 4301/5120/2330 4296/5074/2330 4313/5073/2330
f 4297/5068/2331 4284/5058/2331 4286/5194/2331 4304/5123/2331
f 4304/5123/2332 4286/5194/2332 4285/5193/2332 4299/5117/2332
f 4299/5117/2333 4285/5193/2333 4283/5053/2333 4295/5055/2333
f 4311/5070/2334 4288/5048/2334 4290/5195/2334 4314/5124/2334
f 4314/5124/2335 4290/5195/2335 4289/5196/2335 4318/5127/2335
f 4318/5127/2336 4289/5196/2336 4287/5059/2336 4312/5069/2336
f 4085/4929/6 4115/4936/6 4114/5078/6 4155/5201/6 4157/5202/6 4158/5203/6 4156/5204/6 4171/5205/6 4173/5206/6 4174/5207/6 4172/5208/6
f 4132/4957/1 4120/4942/1 4143/4952/1
f 4361/5209/1 4334/5210/1 4329/5211/1 4344/5212/1
f 4340/5213/6 4339/5214/6 4358/5215/6 4357/5216/6 4326/5217/6 4325/5218/6
f 4373/5219/1 4344/5212/1 4419/5220/1 4434/5221/1
f 4471/5222/1 4453/5223/1 4329/5211/1 4334/5210/1
f 4337/5224/6 4340/5213/6 4325/5218/6 4429/5225/6 4431/5226/6 4432/5227/6 4430/5228/6 4413/5229/6 4415/5230/6 4416/5231/6 4414/5232/6
f 4324/5233/5 4464/5234/5 4469/5235/5 4333/5236/5
f 4325/5237/4 4374/5238/4 4433/5239/4 4429/5240/4
f 4382/5241/5 4387/5242/5 4402/5243/5 4397/5244/5
f 4343/5245/3 4337/5246/3 4414/5247/3 4417/5248/3
f 4324/5249/6 4355/5250/6 4358/5215/6 4339/5214/6 4338/5251/6 4323/5252/6
f 4418/5253/2 4413/5254/2 4430/5255/2 4435/5256/2
f 4326/5217/6 4357/5216/6 4356/5257/6 4381/5258/6 4383/5259/6 4384/5260/6 4382/5261/6 4397/5262/6 4399/5263/6 4400/5264/6 4398/5265/6
f 4326/5266/4 4377/5267/4 4374/5238/4 4325/5237/4
f 4361/5209/1 4378/5268/1 4403/5269/1 4386/5270/1
f 4448/5271/6 4447/5272/6 4327/5273/6 4328/5274/6 4466/5275/6 4465/5276/6
f 4377/5267/4 4326/5266/4 4398/5277/4 4401/5278/4
f 4361/5209/1 4344/5212/1 4373/5219/1 4378/5268/1
f 4356/5279/3 4362/5280/3 4385/5281/3 4381/5282/3
f 4324/5233/5 4333/5236/5 4363/5283/5 4355/5284/5
f 4482/5285/1 4543/5286/1 4526/5287/1 4453/5223/1
f 4338/5288/2 4345/5289/2 4330/5290/2 4323/5291/2
f 4451/5292/4 4525/5293/4 4521/5294/4 4446/5295/4
f 4327/5296/3 4538/5297/3 4541/5298/3 4481/5299/3
f 4489/5300/5 4506/5301/5 4511/5302/5 4494/5303/5
f 4324/5249/6 4323/5252/6 4445/5304/6 4448/5271/6 4465/5276/6 4464/5305/6
f 4447/5272/6 4446/5306/6 4521/5307/6 4523/5308/6 4524/5309/6 4522/5310/6 4537/5311/6 4539/5312/6 4540/5313/6 4538/5314/6 4327/5273/6
f 4527/5315/2 4542/5316/2 4537/5317/2 4522/5318/2
f 4328/5274/6 4505/5319/6 4507/5320/6 4508/5321/6 4506/5322/6 4489/5323/6 4491/5324/6 4492/5325/6 4490/5326/6 4463/5327/6 4466/5275/6
f 4328/5328/3 4327/5296/3 4481/5299/3 4486/5329/3
f 4471/5222/1 4495/5330/1 4510/5331/1 4485/5332/1
f 4486/5329/3 4509/5333/3 4505/5334/3 4328/5328/3
f 4471/5222/1 4485/5332/1 4482/5285/1 4453/5223/1
f 4463/5335/4 4490/5336/4 4493/5337/4 4470/5338/4
f 4337/5224/6 4341/5339/6 4342/5340/6 4338/5251/6 4339/5214/6 4340/5213/6
f 4343/5245/2337 4346/5341/2337 4348/5342/2337 4347/5343/2337
f 4346/5341/2338 4350/5344/2338 4351/5345/2338 4348/5342/2338
f 4344/5212/2339 4349/5346/2339 4351/5345/2339 4350/5344/2339
f 4349/5346/2340 4353/5347/2340 4354/5348/2340 4351/5345/2340
f 4345/5289/2341 4352/5349/2341 4354/5348/2341 4353/5347/2341
f 4352/5349/2342 4347/5343/2342 4348/5342/2342 4354/5348/2342
f 4348/5342/2343 4351/5345/2343 4354/5348/2343
f 4355/5250/6 4359/5350/6 4360/5351/6 4356/5257/6 4357/5216/6 4358/5215/6
f 4361/5209/2344 4364/5352/2344 4366/5353/2344 4365/5354/2344
f 4364/5352/2345 4368/5355/2345 4369/5356/2345 4366/5353/2345
f 4362/5280/2346 4367/5357/2346 4369/5356/2346 4368/5355/2346
f 4367/5357/2347 4371/5358/2347 4372/5359/2347 4369/5356/2347
f 4363/5283/2348 4370/5360/2348 4372/5359/2348 4371/5358/2348
f 4370/5360/2349 4365/5354/2349 4366/5353/2349 4372/5359/2349
f 4366/5353/2350 4369/5356/2350 4372/5359/2350
f 4385/5281/682 4388/5361/682 4390/5362/682 4389/5363/682
f 4388/5361/683 4392/5364/683 4393/5365/683 4390/5362/683
f 4386/5270/684 4391/5366/684 4393/5365/684 4392/5364/684
f 4391/5366/685 4395/5367/685 4396/5368/685 4393/5365/685
f 4387/5242/686 4394/5369/686 4396/5368/686 4395/5367/686
f 4394/5369/687 4389/5363/687 4390/5362/687 4396/5368/687
f 4390/5362/2351 4393/5365/2351 4396/5368/2351
f 4401/5278/677 4404/5370/677 4406/5371/677 4405/5372/677
f 4404/5370/678 4408/5373/678 4409/5374/678 4406/5371/678
f 4402/5243/679 4407/5375/679 4409/5374/679 4408/5373/679
f 4407/5375/680 4411/5376/680 4412/5377/680 4409/5374/680
f 4403/5269/675 4410/5378/675 4412/5377/675 4411/5376/675
f 4410/5378/676 4405/5372/676 4406/5371/676 4412/5377/676
f 4406/5371/2352 4409/5374/2352 4412/5377/2352
f 4417/5248/452 4420/5379/452 4422/5380/452 4421/5381/452
f 4420/5379/453 4424/5382/453 4425/5383/453 4422/5380/453
f 4418/5253/454 4423/5384/454 4425/5383/454 4424/5382/454
f 4423/5384/455 4427/5385/455 4428/5386/455 4425/5383/455
f 4419/5220/450 4426/5387/450 4428/5386/450 4427/5385/450
f 4426/5387/451 4421/5381/451 4422/5380/451 4428/5386/451
f 4422/5380/456 4425/5383/456 4428/5386/456
f 4433/5239/443 4436/5388/443 4438/5389/443 4437/5390/443
f 4436/5388/444 4440/5391/444 4441/5392/444 4438/5389/444
f 4434/5221/445 4439/5393/445 4441/5392/445 4440/5391/445
f 4439/5393/446 4443/5394/446 4444/5395/446 4441/5392/446
f 4435/5256/447 4442/5396/447 4444/5395/447 4443/5394/447
f 4442/5396/698 4437/5390/698 4438/5389/698 4444/5395/698
f 4438/5389/449 4441/5392/449 4444/5395/449
f 4445/5304/6 4449/5397/6 4450/5398/6 4446/5306/6 4447/5272/6 4448/5271/6
f 4451/5292/1680 4454/5399/1680 4456/5400/1680 4455/5401/1680
f 4454/5399/1681 4458/5402/1681 4459/5403/1681 4456/5400/1681
f 4452/5404/1682 4457/5405/1682 4459/5403/1682 4458/5402/1682
f 4457/5405/1683 4461/5406/1683 4462/5407/1683 4459/5403/1683
f 4453/5223/1684 4460/5408/1684 4462/5407/1684 4461/5406/1684
f 4460/5408/2353 4455/5401/2353 4456/5400/2353 4462/5407/2353
f 4456/5400/1686 4459/5403/1686 4462/5407/1686
f 4463/5327/6 4467/5409/6 4468/5410/6 4464/5305/6 4465/5276/6 4466/5275/6
f 4469/5235/2117 4472/5411/2117 4474/5412/2117 4473/5413/2117
f 4472/5411/2118 4476/5414/2118 4477/5415/2118 4474/5412/2118
f 4470/5338/2119 4475/5416/2119 4477/5415/2119 4476/5414/2119
f 4475/5416/2120 4479/5417/2120 4480/5418/2120 4477/5415/2120
f 4471/5222/2354 4478/5419/2354 4480/5418/2354 4479/5417/2354
f 4478/5419/2122 4473/5413/2122 4474/5412/2122 4480/5418/2122
f 4474/5412/2123 4477/5415/2123 4480/5418/2123
f 4493/5337/677 4496/5420/677 4498/5421/677 4497/5422/677
f 4496/5420/678 4500/5423/678 4501/5424/678 4498/5421/678
f 4494/5303/679 4499/5425/679 4501/5424/679 4500/5423/679
f 4499/5425/680 4503/5426/680 4504/5427/680 4501/5424/680
f 4495/5330/675 4502/5428/675 4504/5427/675 4503/5426/675
f 4502/5428/676 4497/5422/676 4498/5421/676 4504/5427/676
f 4498/5421/2352 4501/5424/2352 4504/5427/2352
f 4509/5333/682 4512/5429/682 4514/5430/682 4513/5431/682
f 4512/5429/683 4516/5432/683 4517/5433/683 4514/5430/683
f 4510/5331/684 4515/5434/684 4517/5433/684 4516/5432/684
f 4515/5434/685 4519/5435/685 4520/5436/685 4517/5433/685
f 4511/5302/686 4518/5437/686 4520/5436/686 4519/5435/686
f 4518/5437/687 4513/5431/687 4514/5430/687 4520/5436/687
f 4514/5430/2351 4517/5433/2351 4520/5436/2351
f 4525/5293/443 4528/5438/443 4530/5439/443 4529/5440/443
f 4528/5438/444 4532/5441/444 4533/5442/444 4530/5439/444
f 4526/5287/445 4531/5443/445 4533/5442/445 4532/5441/445
f 4531/5443/446 4535/5444/446 4536/5445/446 4533/5442/446
f 4527/5315/447 4534/5446/447 4536/5445/447 4535/5444/447
f 4534/5446/698 4529/5440/698 4530/5439/698 4536/5445/698
f 4530/5439/449 4533/5442/449 4536/5445/449
f 4541/5298/452 4544/5447/452 4546/5448/452 4545/5449/452
f 4544/5447/453 4548/5450/453 4549/5451/453 4546/5448/453
f 4542/5316/454 4547/5452/454 4549/5451/454 4548/5450/454
f 4547/5452/455 4551/5453/455 4552/5454/455 4549/5451/455
f 4543/5286/450 4550/5455/450 4552/5454/450 4551/5453/450
f 4550/5455/451 4545/5449/451 4546/5448/451 4552/5454/451
f 4546/5448/456 4549/5451/456 4552/5454/456
f 4334/5210/2355 4361/5209/2355 4365/5354/2355 4336/5456/2355
f 4336/5456/2356 4365/5354/2356 4370/5360/2356 4335/5457/2356
f 4335/5457/2357 4370/5360/2357 4363/5283/2357 4333/5236/2357
f 4362/5280/2358 4356/5279/2358 4360/5458/2358 4367/5357/2358
f 4367/5357/2359 4360/5458/2359 4359/5459/2359 4371/5358/2359
f 4371/5358/2360 4359/5459/2360 4355/5284/2360 4363/5283/2360
f 4345/5289/2361 4338/5288/2361 4342/5460/2361 4352/5349/2361
f 4352/5349/2362 4342/5460/2362 4341/5461/2362 4347/5343/2362
f 4347/5343/2363 4341/5461/2363 4337/5246/2363 4343/5245/2363
f 4344/5212/2364 4329/5211/2364 4331/5462/2364 4349/5346/2364
f 4349/5346/2365 4331/5462/2365 4332/5463/2365 4353/5347/2365
f 4353/5347/2366 4332/5463/2366 4330/5290/2366 4345/5289/2366
f 4378/5268/126 4373/5219/126 4375/5464/126 4380/5465/126
f 4380/5465/127 4375/5464/127 4376/5466/127 4379/5467/127
f 4379/5467/128 4376/5466/128 4374/5238/128 4377/5267/128
f 4387/5242/2367 4382/5241/2367 4384/5468/2367 4394/5369/2367
f 4394/5369/729 4384/5468/729 4383/5469/729 4389/5363/729
f 4389/5363/2368 4383/5469/2368 4381/5282/2368 4385/5281/2368
f 4401/5278/2369 4398/5277/2369 4400/5470/2369 4404/5370/2369
f 4404/5370/734 4400/5470/734 4399/5471/734 4408/5373/734
f 4408/5373/2370 4399/5471/2370 4397/5244/2370 4402/5243/2370
f 4402/5243/2371 4387/5242/2371 4395/5367/2371 4407/5375/2371
f 4407/5375/145 4395/5367/145 4391/5366/145 4411/5376/145
f 4411/5376/731 4391/5366/731 4386/5270/731 4403/5269/731
f 4403/5269/1273 4378/5268/1273 4380/5465/1273 4410/5378/1273
f 4410/5378/127 4380/5465/127 4379/5467/127 4405/5372/127
f 4405/5372/1272 4379/5467/1272 4377/5267/1272 4401/5278/1272
f 4361/5209/2372 4386/5270/2372 4392/5364/2372 4364/5352/2372
f 4364/5352/2373 4392/5364/2373 4388/5361/2373 4368/5355/2373
f 4368/5355/2374 4388/5361/2374 4385/5281/2374 4362/5280/2374
f 4417/5248/2375 4414/5247/2375 4416/5472/2375 4420/5379/2375
f 4420/5379/498 4416/5472/498 4415/5473/498 4424/5382/498
f 4424/5382/2376 4415/5473/2376 4413/5254/2376 4418/5253/2376
f 4435/5256/2377 4430/5255/2377 4432/5474/2377 4442/5396/2377
f 4442/5396/495 4432/5474/495 4431/5475/495 4437/5390/495
f 4437/5390/2378 4431/5475/2378 4429/5240/2378 4433/5239/2378
f 4418/5253/1271 4435/5256/1271 4443/5394/1271 4423/5384/1271
f 4423/5384/103 4443/5394/103 4439/5393/103 4427/5385/103
f 4427/5385/102 4439/5393/102 4434/5221/102 4419/5220/102
f 4373/5219/1273 4434/5221/1273 4440/5391/1273 4375/5464/1273
f 4375/5464/127 4440/5391/127 4436/5388/127 4376/5466/127
f 4376/5466/1272 4436/5388/1272 4433/5239/1272 4374/5238/1272
f 4419/5220/2379 4344/5212/2379 4350/5344/2379 4426/5387/2379
f 4426/5387/2380 4350/5344/2380 4346/5341/2380 4421/5381/2380
f 4421/5381/2381 4346/5341/2381 4343/5245/2381 4417/5248/2381
f 4333/5236/2382 4469/5235/2382 4473/5413/2382 4335/5457/2382
f 4335/5457/2383 4473/5413/2383 4478/5419/2383 4336/5456/2383
f 4336/5456/2384 4478/5419/2384 4471/5222/2384 4334/5210/2384
f 4469/5235/2385 4464/5234/2385 4468/5476/2385 4472/5411/2385
f 4472/5411/2386 4468/5476/2386 4467/5477/2386 4476/5414/2386
f 4476/5414/2387 4467/5477/2387 4463/5335/2387 4470/5338/2387
f 4451/5292/2388 4446/5295/2388 4450/5478/2388 4454/5399/2388
f 4454/5399/2389 4450/5478/2389 4449/5479/2389 4458/5402/2389
f 4458/5402/2390 4449/5479/2390 4445/5480/2390 4452/5404/2390
f 4452/5404/2391 4330/5290/2391 4332/5463/2391 4457/5405/2391
f 4457/5405/2392 4332/5463/2392 4331/5462/2392 4461/5406/2392
f 4461/5406/2393 4331/5462/2393 4329/5211/2393 4453/5223/2393
f 4486/5329/506 4481/5299/506 4483/5481/506 4488/5482/506
f 4488/5482/507 4483/5481/507 4484/5483/507 4487/5484/507
f 4487/5484/508 4484/5483/508 4482/5285/508 4485/5332/508
f 4493/5337/2369 4490/5336/2369 4492/5485/2369 4496/5420/2369
f 4496/5420/734 4492/5485/734 4491/5486/734 4500/5423/734
f 4500/5423/2370 4491/5486/2370 4489/5300/2370 4494/5303/2370
f 4511/5302/2367 4506/5301/2367 4508/5487/2367 4518/5437/2367
f 4518/5437/729 4508/5487/729 4507/5488/729 4513/5431/729
f 4513/5431/2368 4507/5488/2368 4505/5334/2368 4509/5333/2368
f 4510/5331/731 4495/5330/731 4503/5426/731 4515/5434/731
f 4515/5434/145 4503/5426/145 4499/5425/145 4519/5435/145
f 4519/5435/2371 4499/5425/2371 4494/5303/2371 4511/5302/2371
f 4509/5333/739 4486/5329/739 4488/5482/739 4512/5429/739
f 4512/5429/507 4488/5482/507 4487/5484/507 4516/5432/507
f 4516/5432/741 4487/5484/741 4485/5332/741 4510/5331/741
f 4470/5338/2394 4493/5337/2394 4497/5422/2394 4475/5416/2394
f 4475/5416/2395 4497/5422/2395 4502/5428/2395 4479/5417/2395
f 4479/5417/2396 4502/5428/2396 4495/5330/2396 4471/5222/2396
f 4527/5315/2377 4522/5318/2377 4524/5489/2377 4534/5446/2377
f 4534/5446/495 4524/5489/495 4523/5490/495 4529/5440/495
f 4529/5440/2397 4523/5490/2397 4521/5294/2397 4525/5293/2397
f 4541/5298/2398 4538/5297/2398 4540/5491/2398 4544/5447/2398
f 4544/5447/498 4540/5491/498 4539/5492/498 4548/5450/498
f 4548/5450/2376 4539/5492/2376 4537/5317/2376 4542/5316/2376
f 4526/5287/102 4543/5286/102 4551/5453/102 4531/5443/102
f 4531/5443/103 4551/5453/103 4547/5452/103 4535/5444/103
f 4535/5444/1271 4547/5452/1271 4542/5316/1271 4527/5315/1271
f 4481/5299/739 4541/5298/739 4545/5449/739 4483/5481/739
f 4483/5481/507 4545/5449/507 4550/5455/507 4484/5483/507
f 4484/5483/741 4550/5455/741 4543/5286/741 4482/5285/741
f 4525/5293/2399 4451/5292/2399 4455/5401/2399 4528/5438/2399
f 4528/5438/2400 4455/5401/2400 4460/5408/2400 4532/5441/2400
f 4532/5441/2401 4460/5408/2401 4453/5223/2401 4526/5287/2401
f 4445/5480/2 4323/5291/2 4330/5290/2 4452/5404/2
